{
"type": "FeatureCollection",
"name": "agency_nasa_footprints",
"crs": { "type": "name", "properties": { "name": "urn:ogc:def:crs:OGC:1.3:CRS84" } },
"features": [
{ "type": "Feature", "properties": { "norad_cat_id": 19548, "object_name": "TDRS 3", "orbit_class": "GEO", "agency_lead": "NASA", "program": "TDRSS", "alt_km": 35627.219730817764, "elevation_mask_deg": 0.0, "central_angle_deg": 81.266367452404964, "radius_km": 9046.5306434207814 }, "geometry": { "type": "Polygon", "coordinates": [ [ [ -48.717769697760779, 79.11544519866905 ], [ -24.260450175917036, 78.03561997736962 ], [ -6.474521992993118, 75.263141494982847 ], [ 4.921997702236375, 71.544946663065502 ], [ 12.280535764505871, 67.340870604514663 ], [ 17.256032082995212, 62.874735146536949 ], [ 20.783257505046613, 58.255761912925493 ], [ 23.385744043463241, 53.540832608445072 ], [ 25.368510799694143, 48.761769914868168 ], [ 26.917823897407409, 43.937574870817059 ], [ 28.152514422794631, 39.080266342835969 ], [ 29.151308635425757, 34.197854109849381 ], [ 29.968024259052861, 29.29594379672897 ], [ 30.640381116518647, 24.378647807204889 ], [ 31.195303759943563, 19.449124367269143 ], [ 31.652214278178043, 14.509907448796705 ], [ 32.025125742105793, 9.563114162170137 ], [ 32.323989575441836, 4.61057795473122 ], [ 32.555556483733632, -0.346064078040138 ], [ 32.723900321231604, -5.305312295158667 ], [ 32.830687191282173, -10.265762501650366 ], [ 32.875226570741226, -15.226072479965943 ], [ 32.854304206259904, -20.184930124738685 ], [ 32.761757750038178, -25.141016267882268 ], [ 32.587704127880649, -30.092953800817916 ], [ 32.317244569408096, -35.039231009848841 ], [ 31.928325165725177, -39.978079390966258 ], [ 31.388146325940561, -44.907270619381499 ], [ 30.646931358403627, -49.823764501736562 ], [ 29.626586574116423, -54.723066463384022 ], [ 28.198765889786323, -59.597976900107682 ], [ 26.139059491082939, -64.435949186666647 ], [ 23.021710503296909, -69.212891066383406 ], [ 17.947508820349647, -73.876502177521601 ], [ 8.744891629758847, -78.292948599722479 ], [ -10.393490634298558, -82.042277130876769 ], [ -48.717769697760779, -83.77490817683352 ], [ -87.042048761223, -82.042277130876769 ], [ -106.180431025280399, -78.292948599722479 ], [ -115.383048215871213, -73.876502177521601 ], [ -120.457249898818475, -69.212891066383406 ], [ -123.574598886604491, -64.435949186666647 ], [ -125.634305285307875, -59.597976900107682 ], [ -127.062125969637975, -54.723066463384022 ], [ -128.082470753925179, -49.823764501736562 ], [ -128.823685721462112, -44.907270619381499 ], [ -129.363864561246743, -39.978079390966258 ], [ -129.752783964929648, -35.039231009848841 ], [ -130.023243523402215, -30.092953800817916 ], [ -130.19729714555973, -25.141016267882268 ], [ -130.289843601781456, -20.184930124738685 ], [ -130.310765966262778, -15.226072479965943 ], [ -130.266226586803725, -10.265762501650366 ], [ -130.159439716753155, -5.305312295158667 ], [ -129.991095879255198, -0.346064078040138 ], [ -129.759528970963402, 4.61057795473122 ], [ -129.460665137627359, 9.563114162170137 ], [ -129.087753673699609, 14.509907448796705 ], [ -128.630843155465129, 19.449124367269143 ], [ -128.075920512040199, 24.378647807204889 ], [ -127.403563654574413, 29.29594379672897 ], [ -126.586848030947323, 34.197854109849381 ], [ -125.588053818316183, 39.080266342835969 ], [ -124.353363292928975, 43.937574870817059 ], [ -122.804050195215694, 48.761769914868168 ], [ -120.821283438984807, 53.540832608445072 ], [ -118.218796900568179, 58.255761912925493 ], [ -114.691571478516778, 62.874735146536949 ], [ -109.71607516002743, 67.340870604514663 ], [ -102.357537097757927, 71.544946663065502 ], [ -90.961017402528441, 75.263141494982847 ], [ -73.17508921960453, 78.03561997736962 ], [ -48.717769697760779, 79.11544519866905 ] ] ] } },
{ "type": "Feature", "properties": { "norad_cat_id": 20580, "object_name": "HST", "orbit_class": "LEO", "agency_lead": "NASA", "program": "Hubble", "alt_km": 471.54904277488589, "elevation_mask_deg": 0.0, "central_angle_deg": 21.384016336691008, "radius_km": 2380.4578097154863 }, "geometry": { "type": "Polygon", "coordinates": [ [ [ -102.254173153523141, 49.44055306191499 ], [ -99.464518456741757, 49.332754983779552 ], [ -96.725531353881792, 49.011564852442987 ], [ -94.084717227449943, 48.483427396093973 ], [ -91.583758061339083, 47.758556197641539 ], [ -89.256711255204266, 46.850240740671772 ], [ -87.129204808078669, 45.774042323480217 ], [ -85.218548177207225, 44.54698701580616 ], [ -83.53453223794213, 43.186839905993175 ], [ -82.080638709806692, 41.711511085873099 ], [ -80.855402322313125, 40.138611380618492 ], [ -79.853733646966248, 38.485151465388 ], [ -79.06808487968101, 36.767363595146946 ], [ -78.489404643846825, 35.000619341219604 ], [ -78.10787305467575, 33.199416789477212 ], [ -77.913435077929563, 31.377413955735449 ], [ -77.896162729021711, 29.547489717727736 ], [ -78.046479769945194, 27.721818117241913 ], [ -78.355280392850233, 25.911945835259147 ], [ -78.813968838472704, 24.12886578030642 ], [ -79.414441776255529, 22.383082077682857 ], [ -80.149030532019282, 20.684663431500006 ], [ -81.010416309351996, 19.04328301063191 ], [ -81.991528517353814, 17.468243835349007 ], [ -83.085434128135844, 15.968489242853897 ], [ -84.285224503157423, 14.552598489296624 ], [ -85.583905179299308, 13.228767978372277 ], [ -86.974293518911082, 12.004779042214597 ], [ -88.448928733706055, 10.887953665059369 ], [ -89.999998433248493, 9.885100037405518 ], [ -91.61928538714912, 9.002450340093199 ], [ -93.298137517084697, 8.245593646765323 ], [ -95.02746318203576, 7.619407247799975 ], [ -96.797752571398789, 7.127989979348011 ], [ -98.59912451947784, 6.774601229331722 ], [ -100.421396404954592, 6.561609142055453 ], [ -102.254173153523141, 6.490451130960757 ], [ -104.086949902091689, 6.561609142055453 ], [ -105.909221787568441, 6.774601229331722 ], [ -107.710593735647493, 7.127989979348011 ], [ -109.480883125010521, 7.619407247799975 ], [ -111.210208789961584, 8.245593646765323 ], [ -112.889060919897162, 9.002450340093199 ], [ -114.508347873797788, 9.885100037405518 ], [ -116.059417573340227, 10.887953665059369 ], [ -117.534052788135199, 12.004779042214597 ], [ -118.924441127746974, 13.228767978372277 ], [ -120.223121803888858, 14.552598489296624 ], [ -121.422912178910437, 15.968489242853897 ], [ -122.516817789692467, 17.468243835349007 ], [ -123.497929997694285, 19.04328301063191 ], [ -124.359315775027, 20.684663431500006 ], [ -125.093904530790752, 22.383082077682857 ], [ -125.694377468573578, 24.12886578030642 ], [ -126.153065914196048, 25.911945835259147 ], [ -126.461866537101088, 27.721818117241913 ], [ -126.61218357802457, 29.547489717727736 ], [ -126.594911229116718, 31.377413955735449 ], [ -126.400473252370531, 33.199416789477212 ], [ -126.018941663199456, 35.000619341219604 ], [ -125.440261427365272, 36.767363595146946 ], [ -124.654612660080033, 38.485151465388 ], [ -123.652943984733156, 40.138611380618492 ], [ -122.427707597239589, 41.711511085873099 ], [ -120.973814069104151, 43.186839905993175 ], [ -119.289798129839056, 44.54698701580616 ], [ -117.379141498967613, 45.774042323480217 ], [ -115.251635051842015, 46.850240740671772 ], [ -112.924588245707199, 47.758556197641539 ], [ -110.423629079596338, 48.483427396093973 ], [ -107.78281495316449, 49.011564852442987 ], [ -105.043827850304524, 49.332754983779552 ], [ -102.254173153523141, 49.44055306191499 ] ] ] } },
{ "type": "Feature", "properties": { "norad_cat_id": 21639, "object_name": "TDRS 5", "orbit_class": "GEO", "agency_lead": "NASA", "program": "TDRSS", "alt_km": 35760.504148382264, "elevation_mask_deg": 0.0, "central_angle_deg": 81.294206832320441, "radius_km": 9049.6297090169737 }, "geometry": { "type": "MultiPolygon", "coordinates": [ [ [ [ -137.975987944947519, 70.292841379724351 ], [ -126.936487243655421, 67.380808567495933 ], [ -118.611476675192563, 63.841737217375496 ], [ -112.335489583221019, 59.894886899049986 ], [ -107.526555339698717, 55.67951718579387 ], [ -103.76115520693493, 51.282100191138142 ], [ -100.747159419714365, 46.757060682236869 ], [ -98.284489579282578, 42.13960200651983 ], [ -96.23458789919215, 37.453225762595373 ], [ -94.499770670115169, 32.714134290317944 ], [ -93.009791923017389, 27.933854675118287 ], [ -91.713133270018844, 23.120841168224484 ], [ -90.571300490367634, 18.281478550927048 ], [ -89.555029624178061, 13.42072508338806 ], [ -88.641717971334174, 8.542532754840503 ], [ -87.813652767609341, 3.650126356782073 ], [ -87.056768231735347, -1.253809055270603 ], [ -86.359758768825301, -6.167001349824645 ], [ -85.713436432566525, -11.087505290765218 ], [ -85.110258767500369, -16.013644204785177 ], [ -84.543977525670883, -20.94397050247029 ], [ -84.00937468566319, -25.877238936571224 ], [ -83.50206288647189, -30.812388279058158 ], [ -83.018334853169861, -35.748528319137634 ], [ -82.555052051168246, -40.684929938647826 ], [ -82.109567897070875, -45.621016638013877 ], [ -81.679686996889913, -50.556356344572549 ], [ -81.263672307642565, -55.490652684357507 ], [ -80.86033529164213, -60.423735167155094 ], [ -80.469306614564459, -65.355547934843628 ], [ -80.091785900396758, -70.286136838168829 ], [ -79.732870920671289, -75.215634508216326 ], [ -79.410974685650288, -80.144241887203009 ], [ -79.223914963654664, -85.072191645984958 ], [ -168.443089450312499, -89.965881329183091 ], [ -180.0, -89.331982458765864 ], [ -180.0, 72.475847998050639 ], [ -168.443089450312499, 72.976551886585654 ], [ -152.079016752193667, 72.2675773905912 ], [ -137.975987944947519, 70.292841379724351 ] ] ], [ [ [ 102.524795785025276, -80.144241887203009 ], [ 102.846692020046305, -75.215634508216326 ], [ 103.20560699977176, -70.286136838168829 ], [ 103.583127713939462, -65.355547934843628 ], [ 103.974156391017118, -60.423735167155094 ], [ 104.377493407017568, -55.490652684357507 ], [ 104.793508096264929, -50.556356344572549 ], [ 105.223388996445863, -45.621016638013877 ], [ 105.668873150543249, -40.684929938647826 ], [ 106.132155952544849, -35.748528319137634 ], [ 106.615883985846892, -30.812388279058158 ], [ 107.123195785038206, -25.877238936571224 ], [ 107.657798625045871, -20.94397050247029 ], [ 108.224079866875371, -16.013644204785177 ], [ 108.827257531941541, -11.087505290765218 ], [ 109.473579868200318, -6.167001349824645 ], [ 110.170589331110364, -1.253809055270603 ], [ 110.927473866984343, 3.650126356782073 ], [ 111.755539070709176, 8.542532754840503 ], [ 112.668850723553078, 13.42072508338806 ], [ 113.685121589742636, 18.281478550927048 ], [ 114.826954369393832, 23.120841168224484 ], [ 116.123613022392391, 27.933854675118287 ], [ 117.613591769490171, 32.714134290317944 ], [ 119.348408998567152, 37.453225762595373 ], [ 121.398310678657595, 42.13960200651983 ], [ 123.860980519089367, 46.757060682236869 ], [ 126.874976306309918, 51.282100191138142 ], [ 130.640376439073719, 55.67951718579387 ], [ 135.449310682596035, 59.894886899049986 ], [ 141.725297774567565, 63.841737217375496 ], [ 150.050308343030423, 67.380808567495933 ], [ 161.089809044322521, 70.292841379724351 ], [ 175.192837851568669, 72.2675773905912 ], [ 180.0, 72.475847998050639 ], [ 180.0, -89.331982458765864 ], [ 102.337736063029638, -85.072191645984958 ], [ 102.524795785025276, -80.144241887203009 ] ] ] ] } },
{ "type": "Feature", "properties": { "norad_cat_id": 22314, "object_name": "TDRS 6", "orbit_class": "GEO", "agency_lead": "NASA", "program": "TDRSS", "alt_km": 35818.052831034227, "elevation_mask_deg": 0.0, "central_angle_deg": 81.306172140574617, "radius_km": 9050.9616810390125 }, "geometry": { "type": "Polygon", "coordinates": [ [ [ -45.13294964708016, 75.886515368397426 ], [ -25.717872283996911, 75.03769159428613 ], [ -9.939971821608808, 72.739592553066245 ], [ 1.500191179508981, 69.472605929475733 ], [ 9.582395379173725, 65.622210274029982 ], [ 15.386988145799471, 61.422114709537325 ], [ 19.67979128497344, 57.004399636949721 ], [ 22.951730798645379, 52.444606170175398 ], [ 25.514359639934931, 47.787640515233306 ], [ 27.569153483502355, 43.061411081338335 ], [ 29.249987323192933, 38.284033598913965 ], [ 30.648340561036214, 33.467759204750962 ], [ 31.828370411395689, 28.621199378279282 ], [ 32.836120155111551, 23.750634191626911 ], [ 33.705286895620013, 18.860807815787403 ], [ 34.46092424235237, 13.955426247744702 ], [ 35.121872011371202, 9.037475973831125 ], [ 35.70237845539318, 4.109431563833331 ], [ 36.213193977662179, -0.826607452166403 ], [ 36.662305639308464, -5.768825616540256 ], [ 37.055414735317136, -10.715630664005809 ], [ 37.396216072628327, -15.665612209509341 ], [ 37.686505796805498, -20.617512632425914 ], [ 37.926116580609509, -25.57020458188185 ], [ 38.112647050703735, -30.522670354071263 ], [ 38.240906017645479, -35.473978315434906 ], [ 38.30191252862739, -40.423250280160616 ], [ 38.281140293455884, -45.369610394927598 ], [ 38.15537745670337, -50.312098332875799 ], [ 37.886856387995785, -55.249511453382837 ], [ 37.411541494077063, -60.180095149721168 ], [ 36.613604483705153, -65.10087459737538 ], [ 35.26275192418742, -70.006019353180548 ], [ 32.832419274652118, -74.882079461487109 ], [ 27.823653853164238, -79.689971759196595 ], [ 14.016109359947954, -84.259018068204199 ], [ -45.13294964708016, -87.081865874924588 ], [ -104.282008654108267, -84.259018068204199 ], [ -118.089553147324551, -79.689971759196595 ], [ -123.098318568812431, -74.882079461487109 ], [ -125.528651218347733, -70.006019353180548 ], [ -126.879503777865466, -65.10087459737538 ], [ -127.677440788237391, -60.180095149721168 ], [ -128.152755682156112, -55.249511453382837 ], [ -128.421276750863683, -50.312098332875799 ], [ -128.547039587616212, -45.369610394927598 ], [ -128.567811822787718, -40.423250280160616 ], [ -128.506805311805806, -35.473978315434906 ], [ -128.378546344864048, -30.522670354071263 ], [ -128.192015874769822, -25.57020458188185 ], [ -127.952405090965811, -20.617512632425914 ], [ -127.66211536678864, -15.665612209509341 ], [ -127.321314029477463, -10.715630664005809 ], [ -126.928204933468777, -5.768825616540256 ], [ -126.479093271822506, -0.826607452166403 ], [ -125.968277749553494, 4.109431563833331 ], [ -125.387771305531516, 9.037475973831125 ], [ -124.726823536512683, 13.955426247744702 ], [ -123.971186189780326, 18.860807815787403 ], [ -123.102019449271864, 23.750634191626911 ], [ -122.094269705556002, 28.621199378279282 ], [ -120.914239855196541, 33.467759204750962 ], [ -119.51588661735326, 38.284033598913965 ], [ -117.835052777662668, 43.061411081338335 ], [ -115.780258934095258, 47.787640515233306 ], [ -113.217630092805706, 52.444606170175398 ], [ -109.945690579133753, 57.004399636949721 ], [ -105.652887439959784, 61.422114709537325 ], [ -99.848294673334038, 65.622210274029982 ], [ -91.766090473669294, 69.472605929475733 ], [ -80.325927472551513, 72.739592553066245 ], [ -64.548027010163409, 75.03769159428613 ], [ -45.13294964708016, 75.886515368397426 ] ] ] } },
{ "type": "Feature", "properties": { "norad_cat_id": 23613, "object_name": "TDRS 7", "orbit_class": "GEO", "agency_lead": "NASA", "program": "TDRSS", "alt_km": 35746.294846334371, "elevation_mask_deg": 0.0, "central_angle_deg": 81.291247395380054, "radius_km": 9049.3002660037346 }, "geometry": { "type": "Polygon", "coordinates": [ [ [ -180.0, 50.623514382533607 ], [ -179.680816919447324, 50.623514382533607 ], [ -178.567057566564813, 55.519451995732126 ], [ -177.267654382036199, 60.409830298515487 ], [ -175.663531274082516, 65.291517306400493 ], [ -173.521741806521163, 70.158575763448766 ], [ -170.314015303064082, 74.997556997367582 ], [ -164.541855330796636, 79.769708826106552 ], [ -149.989978811616794, 84.306236350813876 ], [ -89.9998977933015, 87.112009368680162 ], [ -30.009816774986234, 84.306236350813876 ], [ -15.457940255806363, 79.769708826106552 ], [ -9.685780283538918, 74.997556997367582 ], [ -6.478053780081837, 70.158575763448766 ], [ -4.336264312520484, 65.291517306400493 ], [ -2.732141204566801, 60.409830298515487 ], [ -1.432738020038187, 55.519451995732126 ], [ -0.318978667155648, 50.623514382533607 ], [ 0.676933798879872, 45.723961985292156 ], [ 1.597063445975152, 40.822215631310755 ], [ 2.469527541932905, 35.919483125963929 ], [ 3.314478472758083, 31.016921221919773 ], [ 4.147392331721335, 26.115728935649319 ], [ 4.98101504685377, 21.21720751886328 ], [ 5.826605627526931, 16.322804621058978 ], [ 6.694803836808262, 11.434152722509268 ], [ 7.596303917602029, 6.553108876907977 ], [ 8.542445906179069, 1.681801939106606 ], [ 9.545803429285002, -3.177306072284918 ], [ 10.620835189293302, -8.021336220214286 ], [ 11.784669835162333, -12.846875325523508 ], [ 13.058108937890267, -17.649809127283628 ], [ 14.466962106715641, -22.425082340738019 ], [ 16.043876792118738, -27.166349734112803 ], [ 17.830901366785497, -31.865462320575439 ], [ 19.883135461828374, -36.511699696517496 ], [ 22.273988584051096, -41.090604378311426 ], [ 25.102784977218164, -45.582181666755275 ], [ 28.505649707676241, -49.958076451169816 ], [ 32.670473383271428, -54.177101802117029 ], [ 37.855192342927353, -58.178187708319584 ], [ 44.402412522286909, -61.869671853890054 ], [ 52.72491854094136, -65.114896945525729 ], [ 63.197084550250906, -67.719410769555736 ], [ 75.858956130049023, -69.439413847528044 ], [ 90.0001022066985, -70.045585901352212 ], [ 104.141248283347977, -69.439413847528044 ], [ 116.803119863146094, -67.719410769555736 ], [ 127.275285872455697, -65.114896945525729 ], [ 135.597791891110091, -61.869671853890054 ], [ 142.145012070469647, -58.178187708319584 ], [ 147.329731030125572, -54.177101802117029 ], [ 151.494554705720759, -49.958076451169816 ], [ 154.897419436178836, -45.582181666755275 ], [ 157.726215829345904, -41.090604378311426 ], [ 160.117068951568626, -36.511699696517496 ], [ 162.169303046611503, -31.865462320575439 ], [ 163.956327621278263, -27.166349734112803 ], [ 165.533242306681359, -22.425082340738019 ], [ 166.942095475506733, -17.649809127283628 ], [ 168.215534578234667, -12.846875325523508 ], [ 169.379369224103698, -8.021336220214286 ], [ 170.454400984111999, -3.177306072284918 ], [ 171.457758507217932, 1.681801939106606 ], [ 172.403900495794971, 6.553108876907977 ], [ 173.305400576588738, 11.434152722509268 ], [ 174.17359878587007, 16.322804621058978 ], [ 175.01918936654323, 21.21720751886328 ], [ 175.852812081675665, 26.115728935649319 ], [ 176.685725940638918, 31.016921221919773 ], [ 177.530676871464095, 35.919483125963929 ], [ 178.403140967421848, 40.822215631310755 ], [ 179.323270614517128, 45.723961985292156 ], [ 180.0, 45.723961985292156 ], [ 180.0, 90.0 ], [ -180.0, 90.0 ], [ -180.0, 50.623514382533607 ] ] ] } },
{ "type": "Feature", "properties": { "norad_cat_id": 25544, "object_name": "ISS (ZARYA)", "orbit_class": "LEO", "agency_lead": "NASA", "program": "ISS", "alt_km": 426.88230154327397, "elevation_mask_deg": 0.0, "central_angle_deg": 20.402053758217725, "radius_km": 2271.1462355017902 }, "geometry": { "type": "Polygon", "coordinates": [ [ [ 51.397756245940805, -16.693255851426716 ], [ 53.215420615094537, -16.756908052813984 ], [ 55.024702725249071, -16.94750476264241 ], [ 56.817269756033816, -17.26397103805078 ], [ 58.584883898261943, -17.704530836256048 ], [ 60.319440417939148, -18.266729375407188 ], [ 62.012994990735422, -18.947462642199046 ], [ 63.657777658310323, -19.743012395487781 ], [ 65.246191420897958, -20.64908473234431 ], [ 66.770794170583343, -21.660850109131339 ], [ 68.22426332983558, -22.772982640091417 ], [ 69.59934314866706, -23.979696514632579 ], [ 70.888775111836452, -25.274777460401051 ], [ 72.085212321686754, -26.651607307815976 ], [ 73.181119088451666, -28.103179859406399 ], [ 74.168657345589764, -29.622106414989119 ], [ 75.039562015384249, -31.200609440437756 ], [ 75.785008223244631, -32.830502994047592 ], [ 76.395474491923849, -34.503158656565546 ], [ 76.860607996080716, -36.209455886434633 ], [ 77.169100955431901, -37.939716007594704 ], [ 77.308591703874413, -39.683619540562475 ], [ 77.265610367858969, -41.430107470539625 ], [ 77.025597886515115, -43.16726854191036 ], [ 76.573038587423099, -44.882217092785162 ], [ 75.891760417425303, -46.560969690517851 ], [ 74.96547171581922, -48.188334322801687 ], [ 73.778615333024078, -49.747833451989031 ], [ 72.317622533953113, -51.221691759125285 ], [ 70.572628290854283, -52.590929873667633 ], [ 68.539649752156521, -53.835614148867727 ], [ 66.223114690188439, -54.935314627782489 ], [ 63.638452566391457, -55.869811507295175 ], [ 60.814254759537391, -56.620057052758874 ], [ 57.793348355805136, -57.169341885616326 ], [ 54.632127761703643, -57.504539982220528 ], [ 51.397756245940805, -57.617239399074442 ], [ 48.163384730177967, -57.504539982220528 ], [ 45.002164136076473, -57.169341885616326 ], [ 41.981257732344218, -56.620057052758874 ], [ 39.157059925490152, -55.869811507295175 ], [ 36.572397801693164, -54.935314627782489 ], [ 34.255862739725089, -53.835614148867727 ], [ 32.222884201027327, -52.590929873667633 ], [ 30.477889957928497, -51.221691759125285 ], [ 29.016897158857532, -49.747833451989031 ], [ 27.830040776062386, -48.188334322801687 ], [ 26.90375207445631, -46.560969690517851 ], [ 26.222473904458518, -44.882217092785162 ], [ 25.769914605366495, -43.16726854191036 ], [ 25.529902124022641, -41.430107470539625 ], [ 25.486920788007193, -39.683619540562475 ], [ 25.626411536449705, -37.939716007594704 ], [ 25.93490449580089, -36.209455886434633 ], [ 26.400037999957757, -34.503158656565546 ], [ 27.010504268636971, -32.830502994047592 ], [ 27.755950476497357, -31.200609440437756 ], [ 28.626855146291849, -29.622106414989119 ], [ 29.61439340342994, -28.103179859406399 ], [ 30.710300170194849, -26.651607307815976 ], [ 31.906737380045158, -25.274777460401051 ], [ 33.196169343214542, -23.979696514632579 ], [ 34.57124916204603, -22.772982640091417 ], [ 36.024718321298266, -21.660850109131339 ], [ 37.549321070983659, -20.64908473234431 ], [ 39.137734833571287, -19.743012395487781 ], [ 40.782517501146188, -18.947462642199046 ], [ 42.476072073942461, -18.266729375407188 ], [ 44.210628593619667, -17.704530836256048 ], [ 45.978242735847793, -17.26397103805078 ], [ 47.770809766632539, -16.94750476264241 ], [ 49.580091876787073, -16.756908052813984 ], [ 51.397756245940805, -16.693255851426716 ] ] ] } },
{ "type": "Feature", "properties": { "norad_cat_id": 25575, "object_name": "ISS (UNITY)", "orbit_class": "LEO", "agency_lead": "NASA", "program": "ISS", "alt_km": 426.88230154327397, "elevation_mask_deg": 0.0, "central_angle_deg": 20.402053758217725, "radius_km": 2271.1462355017902 }, "geometry": { "type": "Polygon", "coordinates": [ [ [ 51.397756245940805, -16.693255851426716 ], [ 53.215420615094537, -16.756908052813984 ], [ 55.024702725249071, -16.94750476264241 ], [ 56.817269756033816, -17.26397103805078 ], [ 58.584883898261943, -17.704530836256048 ], [ 60.319440417939148, -18.266729375407188 ], [ 62.012994990735422, -18.947462642199046 ], [ 63.657777658310323, -19.743012395487781 ], [ 65.246191420897958, -20.64908473234431 ], [ 66.770794170583343, -21.660850109131339 ], [ 68.22426332983558, -22.772982640091417 ], [ 69.59934314866706, -23.979696514632579 ], [ 70.888775111836452, -25.274777460401051 ], [ 72.085212321686754, -26.651607307815976 ], [ 73.181119088451666, -28.103179859406399 ], [ 74.168657345589764, -29.622106414989119 ], [ 75.039562015384249, -31.200609440437756 ], [ 75.785008223244631, -32.830502994047592 ], [ 76.395474491923849, -34.503158656565546 ], [ 76.860607996080716, -36.209455886434633 ], [ 77.169100955431901, -37.939716007594704 ], [ 77.308591703874413, -39.683619540562475 ], [ 77.265610367858969, -41.430107470539625 ], [ 77.025597886515115, -43.16726854191036 ], [ 76.573038587423099, -44.882217092785162 ], [ 75.891760417425303, -46.560969690517851 ], [ 74.96547171581922, -48.188334322801687 ], [ 73.778615333024078, -49.747833451989031 ], [ 72.317622533953113, -51.221691759125285 ], [ 70.572628290854283, -52.590929873667633 ], [ 68.539649752156521, -53.835614148867727 ], [ 66.223114690188439, -54.935314627782489 ], [ 63.638452566391457, -55.869811507295175 ], [ 60.814254759537391, -56.620057052758874 ], [ 57.793348355805136, -57.169341885616326 ], [ 54.632127761703643, -57.504539982220528 ], [ 51.397756245940805, -57.617239399074442 ], [ 48.163384730177967, -57.504539982220528 ], [ 45.002164136076473, -57.169341885616326 ], [ 41.981257732344218, -56.620057052758874 ], [ 39.157059925490152, -55.869811507295175 ], [ 36.572397801693164, -54.935314627782489 ], [ 34.255862739725089, -53.835614148867727 ], [ 32.222884201027327, -52.590929873667633 ], [ 30.477889957928497, -51.221691759125285 ], [ 29.016897158857532, -49.747833451989031 ], [ 27.830040776062386, -48.188334322801687 ], [ 26.90375207445631, -46.560969690517851 ], [ 26.222473904458518, -44.882217092785162 ], [ 25.769914605366495, -43.16726854191036 ], [ 25.529902124022641, -41.430107470539625 ], [ 25.486920788007193, -39.683619540562475 ], [ 25.626411536449705, -37.939716007594704 ], [ 25.93490449580089, -36.209455886434633 ], [ 26.400037999957757, -34.503158656565546 ], [ 27.010504268636971, -32.830502994047592 ], [ 27.755950476497357, -31.200609440437756 ], [ 28.626855146291849, -29.622106414989119 ], [ 29.61439340342994, -28.103179859406399 ], [ 30.710300170194849, -26.651607307815976 ], [ 31.906737380045158, -25.274777460401051 ], [ 33.196169343214542, -23.979696514632579 ], [ 34.57124916204603, -22.772982640091417 ], [ 36.024718321298266, -21.660850109131339 ], [ 37.549321070983659, -20.64908473234431 ], [ 39.137734833571287, -19.743012395487781 ], [ 40.782517501146188, -18.947462642199046 ], [ 42.476072073942461, -18.266729375407188 ], [ 44.210628593619667, -17.704530836256048 ], [ 45.978242735847793, -17.26397103805078 ], [ 47.770809766632539, -16.94750476264241 ], [ 49.580091876787073, -16.756908052813984 ], [ 51.397756245940805, -16.693255851426716 ] ] ] } },
{ "type": "Feature", "properties": { "norad_cat_id": 25994, "object_name": "TERRA", "orbit_class": "LEO", "agency_lead": "NASA", "program": "EOS", "alt_km": 690.69151624502149, "elevation_mask_deg": 0.0, "central_angle_deg": 25.539200634058385, "radius_km": 2843.0108098506289 }, "geometry": { "type": "Polygon", "coordinates": [ [ [ 58.777928600267636, 42.991631652745497 ], [ 61.7118125924708, 42.869006901660399 ], [ 64.596676279715837, 42.503489795266091 ], [ 67.386418242909997, 41.901977394174963 ], [ 70.040324090496725, 41.075414996389227 ], [ 72.524757379653977, 40.038071756578454 ], [ 74.813943004105241, 38.806696499303946 ], [ 76.889906665323167, 37.399665884962651 ], [ 78.741767875669836, 35.836213737244123 ], [ 80.364636815360626, 34.135796298506762 ], [ 81.758349957082615, 32.317614766212479 ], [ 82.926224604775527, 30.400290738575393 ], [ 83.873946647328239, 28.401674427627842 ], [ 84.60864764732176, 26.33875858819005 ], [ 85.138185005412197, 24.22767047572334 ], [ 85.470612941872147, 22.083717097979733 ], [ 85.613819211335709, 19.92146346801939 ], [ 85.575298605141413, 17.754828153195405 ], [ 85.362035667410339, 15.597184435497679 ], [ 84.980472916778595, 13.461458580811412 ], [ 84.436545458597436, 11.360219043993366 ], [ 83.735767174430379, 9.305752028621644 ], [ 82.883357169122505, 7.310119841963735 ], [ 81.884397624091775, 5.385199115663776 ], [ 80.744015601235688, 3.542696373727476 ], [ 79.46758171372683, 1.794138783333088 ], [ 78.060918045627574, 0.150838369411743 ], [ 76.530506450578898, -1.376171357985336 ], [ 74.883686668128988, -2.776226419731939 ], [ 73.12883194636008, -4.039149701248619 ], [ 71.275488535351201, -5.155391512906202 ], [ 69.334465066670589, -6.11618822921313 ], [ 67.317858990443327, -6.913731699765367 ], [ 65.239010290138481, -7.541340149473044 ], [ 63.112377731991785, -7.993619842314224 ], [ 60.953339614933704, -8.266606222565834 ], [ 58.777928600267636, -8.357873840535355 ], [ 56.602517585601568, -8.266606222565834 ], [ 54.443479468543487, -7.993619842314224 ], [ 52.316846910396791, -7.541340149473044 ], [ 50.237998210091945, -6.913731699765367 ], [ 48.221392133864683, -6.11618822921313 ], [ 46.280368665184078, -5.155391512906202 ], [ 44.427025254175192, -4.039149701248619 ], [ 42.672170532406284, -2.776226419731939 ], [ 41.025350749956374, -1.376171357985336 ], [ 39.494939154907698, 0.150838369411743 ], [ 38.088275486808442, 1.794138783333088 ], [ 36.811841599299584, 3.542696373727476 ], [ 35.671459576443496, 5.385199115663776 ], [ 34.672500031412767, 7.310119841963735 ], [ 33.820090026104893, 9.305752028621644 ], [ 33.119311741937835, 11.360219043993366 ], [ 32.575384283756676, 13.461458580811412 ], [ 32.193821533124932, 15.597184435497679 ], [ 31.980558595393862, 17.754828153195405 ], [ 31.942037989199555, 19.92146346801939 ], [ 32.085244258663124, 22.083717097979733 ], [ 32.417672195123075, 24.22767047572334 ], [ 32.947209553213511, 26.33875858819005 ], [ 33.68191055320704, 28.401674427627842 ], [ 34.629632595759745, 30.400290738575393 ], [ 35.797507243452657, 32.317614766212479 ], [ 37.191220385174645, 34.135796298506762 ], [ 38.814089324865428, 35.836213737244123 ], [ 40.665950535212097, 37.399665884962651 ], [ 42.741914196430031, 38.806696499303946 ], [ 45.031099820881288, 40.038071756578454 ], [ 47.51553311003854, 41.075414996389227 ], [ 50.169438957625268, 41.901977394174963 ], [ 52.959180920819435, 42.503489795266091 ], [ 55.844044608064472, 42.869006901660399 ], [ 58.777928600267636, 42.991631652745497 ] ] ] } },
{ "type": "Feature", "properties": { "norad_cat_id": 26388, "object_name": "TDRS 8", "orbit_class": "GEO", "agency_lead": "NASA", "program": "TDRSS", "alt_km": 35773.556556607742, "elevation_mask_deg": 0.0, "central_angle_deg": 81.296923538850123, "radius_km": 9049.9321314044919 }, "geometry": { "type": "Polygon", "coordinates": [ [ [ -180.0, 65.233127188854425 ], [ -179.85735600362932, 65.233127188854425 ], [ -177.340838941271727, 70.074363503177835 ], [ -173.547224468887634, 74.87465640326937 ], [ -166.743753969969646, 79.578280279055463 ], [ -150.286211812906402, 83.956665169108405 ], [ -95.592570296952488, 86.465433678365059 ], [ -40.898928780998574, 83.956665169108405 ], [ -24.441386623935387, 79.578280279055463 ], [ -17.637916125017341, 74.87465640326937 ], [ -13.844301652633305, 70.074363503177835 ], [ -11.327784590275655, 65.233127188854425 ], [ -9.461944199816173, 60.370673654471155 ], [ -7.967559740150023, 55.49576676169027 ], [ -6.701213414330937, 50.612998953217954 ], [ -5.581149463960173, 45.725150734963655 ], [ -4.556734374421012, 40.834162296182804 ], [ -3.594290866158076, 35.941587658810747 ], [ -2.669887702092126, 31.048829897711371 ], [ -1.765374302835369, 26.15727483086113 ], [ -0.866040647492241, 21.268374851577093 ], [ 0.04086641964409, 16.383708226406675 ], [ 0.967163935761562, 11.505027923421119 ], [ 1.924507897543265, 6.63430920139178 ], [ 2.925054277346248, 1.773803443916245 ], [ 3.982096570816964, -3.073894240549677 ], [ 5.110754006823527, -7.905754726042471 ], [ 6.328784074360613, -12.718190101014457 ], [ 7.657605843773354, -17.506877844841007 ], [ 9.123647682392061, -22.266509640326046 ], [ 10.76017841598059, -26.990428104535312 ], [ 12.60985171655102, -31.670094631943108 ], [ 14.72829865731984, -36.294298686088609 ], [ 17.189249962971587, -40.847964751127734 ], [ 20.09184507396327, -45.310324221147326 ], [ 23.57089990414886, -49.652076856107541 ], [ 27.81061384076429, -53.830954446127997 ], [ 33.060399343818972, -57.784852285643325 ], [ 39.645183887996723, -61.421674406787716 ], [ 47.945164253087569, -64.6062722547709 ], [ 58.286363432121107, -67.150124534524423 ], [ 70.668188610721188, -68.822157068359488 ], [ 84.407429703047512, -69.409573863892291 ], [ 98.14667079537378, -68.822157068359488 ], [ 110.528495973973861, -67.150124534524423 ], [ 120.869695153007456, -64.6062722547709 ], [ 129.169675518098302, -61.421674406787716 ], [ 135.754460062275996, -57.784852285643325 ], [ 141.004245565330734, -53.830954446127997 ], [ 145.243959501946165, -49.652076856107541 ], [ 148.723014332131697, -45.310324221147326 ], [ 151.625609443123381, -40.847964751127734 ], [ 154.086560748775128, -36.294298686088609 ], [ 156.205007689544004, -31.670094631943108 ], [ 158.054680990114377, -26.990428104535312 ], [ 159.691211723702963, -22.266509640326046 ], [ 161.157253562321614, -17.506877844841007 ], [ 162.486075331734355, -12.718190101014457 ], [ 163.704105399271498, -7.905754726042471 ], [ 164.832762835278004, -3.073894240549677 ], [ 165.889805128748776, 1.773803443916245 ], [ 166.890351508551703, 6.63430920139178 ], [ 167.847695470333406, 11.505027923421119 ], [ 168.773992986450935, 16.383708226406675 ], [ 169.680900053587266, 21.268374851577093 ], [ 170.580233708930336, 26.15727483086113 ], [ 171.484747108187094, 31.048829897711371 ], [ 172.409150272253044, 35.941587658810747 ], [ 173.371593780516037, 40.834162296182804 ], [ 174.396008870055198, 45.725150734963655 ], [ 175.516072820425961, 50.612998953217954 ], [ 176.782419146245047, 55.49576676169027 ], [ 178.276803605911141, 60.370673654471155 ], [ 180.0, 60.370673654471155 ], [ 180.0, 90.0 ], [ -180.0, 90.0 ], [ -180.0, 65.233127188854425 ] ] ] } },
{ "type": "Feature", "properties": { "norad_cat_id": 26400, "object_name": "ISS (ZVEZDA)", "orbit_class": "LEO", "agency_lead": "NASA", "program": "ISS", "alt_km": 426.88230154327397, "elevation_mask_deg": 0.0, "central_angle_deg": 20.402053758217725, "radius_km": 2271.1462355017902 }, "geometry": { "type": "Polygon", "coordinates": [ [ [ 51.397756245940805, -16.693255851426716 ], [ 53.215420615094537, -16.756908052813984 ], [ 55.024702725249071, -16.94750476264241 ], [ 56.817269756033816, -17.26397103805078 ], [ 58.584883898261943, -17.704530836256048 ], [ 60.319440417939148, -18.266729375407188 ], [ 62.012994990735422, -18.947462642199046 ], [ 63.657777658310323, -19.743012395487781 ], [ 65.246191420897958, -20.64908473234431 ], [ 66.770794170583343, -21.660850109131339 ], [ 68.22426332983558, -22.772982640091417 ], [ 69.59934314866706, -23.979696514632579 ], [ 70.888775111836452, -25.274777460401051 ], [ 72.085212321686754, -26.651607307815976 ], [ 73.181119088451666, -28.103179859406399 ], [ 74.168657345589764, -29.622106414989119 ], [ 75.039562015384249, -31.200609440437756 ], [ 75.785008223244631, -32.830502994047592 ], [ 76.395474491923849, -34.503158656565546 ], [ 76.860607996080716, -36.209455886434633 ], [ 77.169100955431901, -37.939716007594704 ], [ 77.308591703874413, -39.683619540562475 ], [ 77.265610367858969, -41.430107470539625 ], [ 77.025597886515115, -43.16726854191036 ], [ 76.573038587423099, -44.882217092785162 ], [ 75.891760417425303, -46.560969690517851 ], [ 74.96547171581922, -48.188334322801687 ], [ 73.778615333024078, -49.747833451989031 ], [ 72.317622533953113, -51.221691759125285 ], [ 70.572628290854283, -52.590929873667633 ], [ 68.539649752156521, -53.835614148867727 ], [ 66.223114690188439, -54.935314627782489 ], [ 63.638452566391457, -55.869811507295175 ], [ 60.814254759537391, -56.620057052758874 ], [ 57.793348355805136, -57.169341885616326 ], [ 54.632127761703643, -57.504539982220528 ], [ 51.397756245940805, -57.617239399074442 ], [ 48.163384730177967, -57.504539982220528 ], [ 45.002164136076473, -57.169341885616326 ], [ 41.981257732344218, -56.620057052758874 ], [ 39.157059925490152, -55.869811507295175 ], [ 36.572397801693164, -54.935314627782489 ], [ 34.255862739725089, -53.835614148867727 ], [ 32.222884201027327, -52.590929873667633 ], [ 30.477889957928497, -51.221691759125285 ], [ 29.016897158857532, -49.747833451989031 ], [ 27.830040776062386, -48.188334322801687 ], [ 26.90375207445631, -46.560969690517851 ], [ 26.222473904458518, -44.882217092785162 ], [ 25.769914605366495, -43.16726854191036 ], [ 25.529902124022641, -41.430107470539625 ], [ 25.486920788007193, -39.683619540562475 ], [ 25.626411536449705, -37.939716007594704 ], [ 25.93490449580089, -36.209455886434633 ], [ 26.400037999957757, -34.503158656565546 ], [ 27.010504268636971, -32.830502994047592 ], [ 27.755950476497357, -31.200609440437756 ], [ 28.626855146291849, -29.622106414989119 ], [ 29.61439340342994, -28.103179859406399 ], [ 30.710300170194849, -26.651607307815976 ], [ 31.906737380045158, -25.274777460401051 ], [ 33.196169343214542, -23.979696514632579 ], [ 34.57124916204603, -22.772982640091417 ], [ 36.024718321298266, -21.660850109131339 ], [ 37.549321070983659, -20.64908473234431 ], [ 39.137734833571287, -19.743012395487781 ], [ 40.782517501146188, -18.947462642199046 ], [ 42.476072073942461, -18.266729375407188 ], [ 44.210628593619667, -17.704530836256048 ], [ 45.978242735847793, -17.26397103805078 ], [ 47.770809766632539, -16.94750476264241 ], [ 49.580091876787073, -16.756908052813984 ], [ 51.397756245940805, -16.693255851426716 ] ] ] } },
{ "type": "Feature", "properties": { "norad_cat_id": 26700, "object_name": "ISS (DESTINY)", "orbit_class": "LEO", "agency_lead": "NASA", "program": "ISS", "alt_km": 426.88230154327397, "elevation_mask_deg": 0.0, "central_angle_deg": 20.402053758217725, "radius_km": 2271.1462355017902 }, "geometry": { "type": "Polygon", "coordinates": [ [ [ 51.397756245940805, -16.693255851426716 ], [ 53.215420615094537, -16.756908052813984 ], [ 55.024702725249071, -16.94750476264241 ], [ 56.817269756033816, -17.26397103805078 ], [ 58.584883898261943, -17.704530836256048 ], [ 60.319440417939148, -18.266729375407188 ], [ 62.012994990735422, -18.947462642199046 ], [ 63.657777658310323, -19.743012395487781 ], [ 65.246191420897958, -20.64908473234431 ], [ 66.770794170583343, -21.660850109131339 ], [ 68.22426332983558, -22.772982640091417 ], [ 69.59934314866706, -23.979696514632579 ], [ 70.888775111836452, -25.274777460401051 ], [ 72.085212321686754, -26.651607307815976 ], [ 73.181119088451666, -28.103179859406399 ], [ 74.168657345589764, -29.622106414989119 ], [ 75.039562015384249, -31.200609440437756 ], [ 75.785008223244631, -32.830502994047592 ], [ 76.395474491923849, -34.503158656565546 ], [ 76.860607996080716, -36.209455886434633 ], [ 77.169100955431901, -37.939716007594704 ], [ 77.308591703874413, -39.683619540562475 ], [ 77.265610367858969, -41.430107470539625 ], [ 77.025597886515115, -43.16726854191036 ], [ 76.573038587423099, -44.882217092785162 ], [ 75.891760417425303, -46.560969690517851 ], [ 74.96547171581922, -48.188334322801687 ], [ 73.778615333024078, -49.747833451989031 ], [ 72.317622533953113, -51.221691759125285 ], [ 70.572628290854283, -52.590929873667633 ], [ 68.539649752156521, -53.835614148867727 ], [ 66.223114690188439, -54.935314627782489 ], [ 63.638452566391457, -55.869811507295175 ], [ 60.814254759537391, -56.620057052758874 ], [ 57.793348355805136, -57.169341885616326 ], [ 54.632127761703643, -57.504539982220528 ], [ 51.397756245940805, -57.617239399074442 ], [ 48.163384730177967, -57.504539982220528 ], [ 45.002164136076473, -57.169341885616326 ], [ 41.981257732344218, -56.620057052758874 ], [ 39.157059925490152, -55.869811507295175 ], [ 36.572397801693164, -54.935314627782489 ], [ 34.255862739725089, -53.835614148867727 ], [ 32.222884201027327, -52.590929873667633 ], [ 30.477889957928497, -51.221691759125285 ], [ 29.016897158857532, -49.747833451989031 ], [ 27.830040776062386, -48.188334322801687 ], [ 26.90375207445631, -46.560969690517851 ], [ 26.222473904458518, -44.882217092785162 ], [ 25.769914605366495, -43.16726854191036 ], [ 25.529902124022641, -41.430107470539625 ], [ 25.486920788007193, -39.683619540562475 ], [ 25.626411536449705, -37.939716007594704 ], [ 25.93490449580089, -36.209455886434633 ], [ 26.400037999957757, -34.503158656565546 ], [ 27.010504268636971, -32.830502994047592 ], [ 27.755950476497357, -31.200609440437756 ], [ 28.626855146291849, -29.622106414989119 ], [ 29.61439340342994, -28.103179859406399 ], [ 30.710300170194849, -26.651607307815976 ], [ 31.906737380045158, -25.274777460401051 ], [ 33.196169343214542, -23.979696514632579 ], [ 34.57124916204603, -22.772982640091417 ], [ 36.024718321298266, -21.660850109131339 ], [ 37.549321070983659, -20.64908473234431 ], [ 39.137734833571287, -19.743012395487781 ], [ 40.782517501146188, -18.947462642199046 ], [ 42.476072073942461, -18.266729375407188 ], [ 44.210628593619667, -17.704530836256048 ], [ 45.978242735847793, -17.26397103805078 ], [ 47.770809766632539, -16.94750476264241 ], [ 49.580091876787073, -16.756908052813984 ], [ 51.397756245940805, -16.693255851426716 ] ] ] } },
{ "type": "Feature", "properties": { "norad_cat_id": 26998, "object_name": "TIMED", "orbit_class": "LEO", "agency_lead": "NASA", "program": "TIMED", "alt_km": 589.84683398947584, "elevation_mask_deg": 0.0, "central_angle_deg": 23.744662321534406, "radius_km": 2643.243718691439 }, "geometry": { "type": "Polygon", "coordinates": [ [ [ 129.223749334215597, -3.103428663339776 ], [ 131.237669905206786, -3.182343056092237 ], [ 133.239687426362252, -3.418521425545838 ], [ 135.218056099318687, -3.810281237639372 ], [ 137.161333903678411, -4.3548570882879 ], [ 139.058508668901766, -5.048456143423205 ], [ 140.899095798665172, -5.886330476559746 ], [ 142.673202159319629, -6.862861672589656 ], [ 144.371553282599166, -7.971652547568174 ], [ 145.985483577368768, -9.205620738175396 ], [ 147.506891431672869, -10.55708918545441 ], [ 148.928162750321206, -12.017869082828437 ], [ 150.242067562012977, -13.579331569754162 ], [ 151.441634892897895, -15.232465224462244 ], [ 152.520011269377363, -16.967917155023056 ], [ 153.470308164129023, -18.776016147693991 ], [ 154.285443649436161, -20.646776876597169 ], [ 154.957983702447706, -22.569884612365474 ], [ 155.479989263409493, -24.53466022350187 ], [ 155.842876542426097, -26.53000560781334 ], [ 156.037300485904495, -28.544330120846393 ], [ 156.053075048724338, -30.565459221239546 ], [ 155.879149254010798, -32.580527613745232 ], [ 155.503665138865216, -34.57586087777684 ], [ 154.914132480131713, -36.536852213658229 ], [ 154.097764961311356, -38.44784483896926 ], [ 153.042031345693601, -40.292035996226325 ], [ 151.735479592046431, -42.051425557568358 ], [ 150.168885455290592, -43.706840405857768 ], [ 148.336750931174379, -45.238073784020273 ], [ 146.239121441219424, -46.624183863156752 ], [ 143.883596364019667, -47.843993405914041 ], [ 141.287279392117512, -48.876816904938032 ], [ 138.478279979681389, -49.703408076407001 ], [ 135.496290978525337, -50.307068886458175 ], [ 132.391805104379245, -50.674800398563519 ], [ 129.223749334215597, -50.798325597386111 ], [ 126.05569356405195, -50.674800398563519 ], [ 122.951207689905857, -50.307068886458175 ], [ 119.969218688749791, -49.703408076407001 ], [ 117.160219276313683, -48.876816904938032 ], [ 114.563902304411513, -47.843993405914041 ], [ 112.208377227211756, -46.624183863156752 ], [ 110.110747737256816, -45.238073784020273 ], [ 108.278613213140602, -43.706840405857768 ], [ 106.712019076384763, -42.051425557568358 ], [ 105.405467322737579, -40.292035996226325 ], [ 104.349733707119825, -38.44784483896926 ], [ 103.533366188299482, -36.536852213658229 ], [ 102.943833529565964, -34.57586087777684 ], [ 102.56834941442041, -32.580527613745232 ], [ 102.394423619706856, -30.565459221239546 ], [ 102.410198182526685, -28.544330120846393 ], [ 102.604622126005097, -26.53000560781334 ], [ 102.967509405021687, -24.53466022350187 ], [ 103.489514965983474, -22.569884612365474 ], [ 104.162055018995034, -20.646776876597169 ], [ 104.977190504302172, -18.776016147693991 ], [ 105.927487399053831, -16.967917155023056 ], [ 107.005863775533285, -15.232465224462244 ], [ 108.205431106418217, -13.579331569754162 ], [ 109.519335918109988, -12.017869082828437 ], [ 110.940607236758325, -10.55708918545441 ], [ 112.462015091062412, -9.205620738175396 ], [ 114.075945385832014, -7.971652547568174 ], [ 115.774296509111579, -6.862861672589656 ], [ 117.548402869766022, -5.886330476559746 ], [ 119.388989999529429, -5.048456143423205 ], [ 121.286164764752797, -4.3548570882879 ], [ 123.229442569112493, -3.810281237639372 ], [ 125.207811242068942, -3.418521425545838 ], [ 127.209828763224408, -3.182343056092237 ], [ 129.223749334215597, -3.103428663339776 ] ] ] } },
{ "type": "Feature", "properties": { "norad_cat_id": 27424, "object_name": "AQUA", "orbit_class": "LEO", "agency_lead": "NASA", "program": "EOS", "alt_km": 695.53242552031668, "elevation_mask_deg": 0.0, "central_angle_deg": 25.621140482607593, "radius_km": 2852.1323120668048 }, "geometry": { "type": "Polygon", "coordinates": [ [ [ -6.776864072115106, 85.66322662775373 ], [ 19.219299426067856, 85.082939132945327 ], [ 35.859696929024267, 83.655260428651118 ], [ 44.845775653712955, 81.817821223742143 ], [ 49.567518244015595, 79.797185546894923 ], [ 51.952178412860874, 77.692114312068838 ], [ 52.973354465788987, 75.549203447001673 ], [ 53.142690387189411, 73.393465137545533 ], [ 52.746751840287914, 71.240161597078043 ], [ 51.955967163803983, 69.09974808262217 ], [ 50.877025506446685, 66.980130402326083 ], [ 49.579632655350252, 64.887781974592102 ], [ 48.110983334070269, 62.828335192532094 ], [ 46.50400336270414, 60.806912220817097 ], [ 44.782260904833123, 58.828318118546349 ], [ 42.963011347195454, 56.897156921708941 ], [ 41.0591523386259, 55.01790224522555 ], [ 39.080518877852455, 53.194939602615783 ], [ 37.034765707764379, 51.432590194176846 ], [ 34.927984104160913, 49.735121890731008 ], [ 32.76514318741058, 48.106750891818159 ], [ 30.55041242743923, 46.551636250121483 ], [ 28.287401774938164, 45.073868708153583 ], [ 25.979343283145926, 43.677454864067052 ], [ 23.629230092790703, 42.366297446029336 ], [ 21.239923466678817, 41.144172356710335 ], [ 18.814235139814368, 40.014703107236933 ], [ 16.354989970881746, 38.981333265126828 ], [ 13.865072357769591, 38.047297573394538 ], [ 11.347458872758089, 37.215592443131172 ], [ 8.805238926875628, 36.488946567068659 ], [ 6.241624884267183, 35.869792436492126 ], [ 3.659952843856536, 35.360239559547765 ], [ 1.06367523349203, 34.962050168491608 ], [ -1.543653621164919, 34.676618161876597 ], [ -4.158397719577238, 34.504951952765275 ], [ -6.776864072115106, 34.447661786297644 ], [ -9.395330424652974, 34.504951952765275 ], [ -12.010074523065292, 34.676618161876597 ], [ -14.617403377722241, 34.962050168491608 ], [ -17.213680988086747, 35.360239559547765 ], [ -19.795353028497395, 35.869792436492126 ], [ -22.358967071105837, 36.488946567068659 ], [ -24.901187016988303, 37.215592443131172 ], [ -27.418800501999804, 38.047297573394538 ], [ -29.908718115111959, 38.981333265126828 ], [ -32.367963284044578, 40.014703107236933 ], [ -34.793651610909031, 41.144172356710335 ], [ -37.182958237020912, 42.366297446029336 ], [ -39.533071427376136, 43.677454864067052 ], [ -41.841129919168374, 45.073868708153583 ], [ -44.10414057166944, 46.551636250121483 ], [ -46.318871331640786, 48.106750891818159 ], [ -48.481712248391119, 49.735121890731008 ], [ -50.588493851994585, 51.432590194176846 ], [ -52.634247022082661, 53.194939602615783 ], [ -54.612880482856106, 55.01790224522555 ], [ -56.51673949142566, 56.897156921708941 ], [ -58.335989049063329, 58.828318118546349 ], [ -60.057731506934346, 60.806912220817097 ], [ -61.664711478300475, 62.828335192532094 ], [ -63.133360799580458, 64.887781974592102 ], [ -64.430753650676891, 66.980130402326083 ], [ -65.509695308034196, 69.09974808262217 ], [ -66.30047998451812, 71.240161597078043 ], [ -66.696418531419624, 73.393465137545533 ], [ -66.527082610019193, 75.549203447001673 ], [ -65.50590655709108, 77.692114312068838 ], [ -63.121246388245801, 79.797185546894923 ], [ -58.399503797943161, 81.817821223742143 ], [ -49.413425073254473, 83.655260428651118 ], [ -32.773027570298069, 85.082939132945327 ], [ -6.776864072115106, 85.66322662775373 ] ] ] } },
{ "type": "Feature", "properties": { "norad_cat_id": 27651, "object_name": "SORCE", "orbit_class": "LEO", "agency_lead": "NASA", "program": "SORCE", "alt_km": 566.22630015105563, "elevation_mask_deg": 0.0, "central_angle_deg": 23.297670851052235, "radius_km": 2593.4848558084273 }, "geometry": { "type": "Polygon", "coordinates": [ [ [ 132.895435222809112, 61.187806635098198 ], [ 136.968408050362171, 61.047194634559332 ], [ 140.924886830108676, 60.630080096284132 ], [ 144.661400410977393, 59.949978268656778 ], [ 148.09702064846087, 59.0274553798235 ], [ 151.177514328873656, 57.887797402587751 ], [ 153.87440333907648, 56.558654072251827 ], [ 156.180640694484538, 55.068070383506331 ], [ 158.104913289966504, 53.443088564347114 ], [ 159.666101038712611, 51.708913785597602 ], [ 160.888710583393674, 49.888533110855143 ], [ 161.799523560888019, 48.002648682404484 ], [ 162.425362516632816, 46.069801304067084 ], [ 162.791741414772332, 44.106591791663732 ], [ 162.922151733334374, 42.127938604587719 ], [ 162.837773149954955, 40.147334865124272 ], [ 162.557450187694656, 38.177084916919256 ], [ 162.097824328171555, 36.228511343859751 ], [ 161.473548833552314, 34.312129649543088 ], [ 160.697540576084862, 32.437791148316073 ], [ 159.781241449384936, 30.614796192765372 ], [ 158.73487371211732, 28.851980431230988 ], [ 157.567680871640192, 27.157776838989097 ], [ 156.288149959434946, 25.540256091300101 ], [ 154.904213353782097, 24.007147614828952 ], [ 153.423429403710628, 22.565843458675243 ], [ 151.853141498596585, 21.223387012993669 ], [ 150.200615245950701, 19.986448587877923 ], [ 148.47315329620119, 18.861289943803808 ], [ 146.678187247648339, 17.853720018793659 ], [ 144.823346087280385, 16.969044296423473 ], [ 142.916500843460085, 16.212010463992314 ], [ 140.965785576818092, 15.586753177407569 ], [ 138.979595510706275, 15.096740833509486 ], [ 136.966563959816028, 14.744727211183482 ], [ 134.9355206790068, 14.532710649820329 ], [ 132.895435222809112, 14.461903073705747 ], [ 130.855349766611425, 14.532710649820329 ], [ 128.824306485802197, 14.744727211183482 ], [ 126.81127493491195, 15.096740833509486 ], [ 124.825084868800133, 15.586753177407569 ], [ 122.87436960215814, 16.212010463992314 ], [ 120.96752435833784, 16.969044296423473 ], [ 119.112683197969886, 17.853720018793659 ], [ 117.317717149417035, 18.861289943803808 ], [ 115.590255199667538, 19.986448587877923 ], [ 113.93772894702164, 21.223387012993669 ], [ 112.367441041907597, 22.565843458675243 ], [ 110.886657091836128, 24.007147614828952 ], [ 109.502720486183279, 25.540256091300101 ], [ 108.223189573978033, 27.157776838989097 ], [ 107.055996733500919, 28.851980431230988 ], [ 106.009628996233275, 30.614796192765372 ], [ 105.093329869533363, 32.437791148316073 ], [ 104.317321612065896, 34.312129649543088 ], [ 103.69304611744667, 36.228511343859751 ], [ 103.233420257923555, 38.177084916919256 ], [ 102.95309729566327, 40.147334865124272 ], [ 102.868718712283865, 42.127938604587719 ], [ 102.999129030845893, 44.106591791663732 ], [ 103.365507928985423, 46.069801304067084 ], [ 103.991346884730206, 48.002648682404484 ], [ 104.902159862224565, 49.888533110855143 ], [ 106.124769406905614, 51.708913785597602 ], [ 107.685957155651721, 53.443088564347114 ], [ 109.610229751133687, 55.068070383506331 ], [ 111.916467106541731, 56.558654072251827 ], [ 114.613356116744569, 57.887797402587751 ], [ 117.693849797157355, 59.0274553798235 ], [ 121.129470034640846, 59.949978268656778 ], [ 124.865983615509549, 60.630080096284132 ], [ 128.822462395256053, 61.047194634559332 ], [ 132.895435222809112, 61.187806635098198 ] ] ] } },
{ "type": "Feature", "properties": { "norad_cat_id": 28376, "object_name": "AURA", "orbit_class": "LEO", "agency_lead": "NASA", "program": "EOS", "alt_km": 711.92861798879972, "elevation_mask_deg": 0.0, "central_angle_deg": 25.89605315179195, "radius_km": 2882.7354504130267 }, "geometry": { "type": "MultiPolygon", "coordinates": [ [ [ [ -176.662305737618169, -37.564821597722947 ], [ -174.328707808011018, -38.74767769987016 ], [ -172.039117427752956, -40.026677966097495 ], [ -169.797166105466886, -41.397827910621366 ], [ -167.606620878813033, -42.856967998051871 ], [ -165.4714975001597, -44.399799852127103 ], [ -163.396206084233995, -46.021908469381394 ], [ -161.385738780552003, -47.718779493094125 ], [ -159.44591340098566, -49.485810453079196 ], [ -157.583693463215724, -51.318314584485989 ], [ -155.807615019798845, -53.211515324349023 ], [ -154.128365952938651, -55.160528717679206 ], [ -152.559587561276174, -57.16032952276381 ], [ -151.119007207396919, -59.205694395430797 ], [ -149.830075120058041, -61.291111440590726 ], [ -148.724387413566092, -63.410638307649513 ], [ -147.845366868941852, -65.5576782792605 ], [ -147.254011204886439, -67.724620251389837 ], [ -147.038136646971907, -69.902243289070654 ], [ -147.327692646982541, -72.078696224916982 ], [ -148.320846052825573, -74.237675893341276 ], [ -150.329207447664032, -76.355029343991433 ], [ -153.855215047745162, -78.392158408610172 ], [ -159.709921175713134, -80.282984947356624 ], [ -169.102602381910174, -81.909691549722396 ], [ -180.0, -82.803686266694399 ], [ -180.0, -36.090422993965689 ], [ -179.036327899753843, -36.481909778670939 ], [ -176.662305737618169, -37.564821597722947 ] ] ], [ [ [ 163.527487276756943, -31.963506311711921 ], [ 166.078381622564081, -32.263479391227179 ], [ 168.616144615819081, -32.681864493110879 ], [ 171.136538966172395, -33.217109773518516 ], [ 173.635435534413773, -33.867255185901755 ], [ 176.108826081164409, -34.629957086538518 ], [ 178.552826937710535, -35.502516455088987 ], [ 180.0, -36.090422993965689 ], [ 180.0, -82.803686266694399 ], [ 176.737367833549371, -83.071344291339472 ], [ 158.403667238101207, -83.505418427062494 ], [ 140.069966642653043, -83.071344291339472 ], [ 125.909936858112587, -81.909691549722396 ], [ 116.517255651915548, -80.282984947356624 ], [ 110.662549523947575, -78.392158408610172 ], [ 107.136541923866446, -76.355029343991433 ], [ 105.128180529027972, -74.237675893341276 ], [ 104.13502712318494, -72.078696224916982 ], [ 103.84547112317432, -69.902243289070654 ], [ 104.061345681088852, -67.724620251389837 ], [ 104.652701345144266, -65.5576782792605 ], [ 105.531721889768505, -63.410638307649513 ], [ 106.637409596260468, -61.291111440590726 ], [ 107.926341683599333, -59.205694395430797 ], [ 109.366922037478588, -57.16032952276381 ], [ 110.935700429141065, -55.160528717679206 ], [ 112.614949496001273, -53.211515324349023 ], [ 114.391027939418137, -51.318314584485989 ], [ 116.253247877188073, -49.485810453079196 ], [ 118.193073256754417, -47.718779493094125 ], [ 120.203540560436394, -46.021908469381394 ], [ 122.278831976362113, -44.399799852127103 ], [ 124.413955355015432, -42.856967998051871 ], [ 126.604500581669299, -41.397827910621366 ], [ 128.846451903955369, -40.026677966097495 ], [ 131.136042284213431, -38.74767769987016 ], [ 133.469640213820583, -37.564821597722947 ], [ 135.843662375956256, -36.481909778670939 ], [ 138.254507538491879, -35.502516455088987 ], [ 140.698508395038004, -34.629957086538518 ], [ 143.171898941788641, -33.867255185901755 ], [ 145.670795510030018, -33.217109773518516 ], [ 148.191189860383332, -32.681864493110879 ], [ 150.728952853638333, -32.263479391227179 ], [ 153.27984719944547, -31.963506311711921 ], [ 155.839547694673229, -31.783068763926195 ], [ 158.403667238101207, -31.722846987775718 ], [ 160.967786781529185, -31.783068763926195 ], [ 163.527487276756943, -31.963506311711921 ] ] ] ] } },
{ "type": "Feature", "properties": { "norad_cat_id": 30580, "object_name": "THEMIS A", "orbit_class": "HEO", "agency_lead": "NASA", "program": "THEMIS", "alt_km": 61201.653942938356, "elevation_mask_deg": 0.0, "central_angle_deg": 84.584401095083777, "radius_km": 9415.8924589587368 }, "geometry": { "type": "MultiPolygon", "coordinates": [ [ [ [ 164.270172643728131, 79.302986722904208 ], [ 170.949416685427195, 74.567966579766178 ], [ 174.404039986332123, 69.716396139578578 ], [ 176.46807807217732, 64.814296818112979 ], [ 177.813007435064321, 59.885086843510436 ], [ 178.738610840149875, 54.939005804590657 ], [ 179.397862908939771, 49.981212618929412 ], [ 179.876558827111353, 45.014613393882236 ], [ 180.0, 43.258954726381539 ], [ 180.0, -17.862225617128104 ], [ 179.891715782657201, -19.845815707314753 ], [ 179.558938165567213, -24.827436509388562 ], [ 179.153221017753083, -29.803035889363645 ], [ 178.657247753849106, -34.771222153238902 ], [ 178.046470976545265, -39.73027805891207 ], [ 177.285331616966687, -44.677943230202118 ], [ 176.320751751048419, -49.611032373902574 ], [ 175.070359277209263, -54.524735393109815 ], [ 173.399824255629653, -59.411254515225671 ], [ 171.075808134208785, -64.25693222325998 ], [ 167.658770590954163, -69.035549170796955 ], [ 162.22999777659453, -73.690488734217624 ], [ 152.613387993129379, -78.078774202932806 ], [ 133.238096330006755, -81.76560329151917 ], [ 96.107404013947587, -83.439617200135174 ], [ 58.976711697888412, -81.76560329151917 ], [ 39.601420034765802, -78.078774202932806 ], [ 29.984810251300644, -73.690488734217624 ], [ 24.556037436941011, -69.035549170796955 ], [ 21.138999893686389, -64.25693222325998 ], [ 18.814983772265535, -59.411254515225671 ], [ 17.144448750685896, -54.524735393109815 ], [ 15.89405627684674, -49.611032373902574 ], [ 14.929476410928473, -44.677943230202118 ], [ 14.168337051349894, -39.73027805891207 ], [ 13.557560274046068, -34.771222153238902 ], [ 13.061587010142105, -29.803035889363645 ], [ 12.655869862327975, -24.827436509388562 ], [ 12.323092245237973, -19.845815707314753 ], [ 12.050881929383891, -14.859367098045936 ], [ 11.830386604453011, -9.869161637735383 ], [ 11.655371411265094, -4.876191763627986 ], [ 11.521649362577051, 0.118603726486589 ], [ 11.426738200511949, 5.114326634530123 ], [ 11.369685830233536, 10.110113209547176 ], [ 11.351038423696352, 15.105131223830192 ], [ 11.372950613815149, 20.098577186123329 ], [ 11.439463280236865, 25.089670603073944 ], [ 11.557009266005963, 30.077641589520844 ], [ 11.735263365368226, 35.061706599980752 ], [ 11.988553819828269, 40.041023851652305 ], [ 12.338249200783821, 45.014613393882236 ], [ 12.816945118955388, 49.981212618929412 ], [ 13.476197187745313, 54.939005804590657 ], [ 14.401800592830838, 59.885086843510436 ], [ 15.746729955717853, 64.814296818112979 ], [ 17.810768041563065, 69.716396139578578 ], [ 21.265391342467993, 74.567966579766178 ], [ 27.944635384167043, 79.302986722904208 ], [ 44.582253626867839, 83.658651087815528 ], [ 96.107404013947587, 86.065763435285106 ], [ 147.632554401027335, 83.658651087815528 ], [ 164.270172643728131, 79.302986722904208 ] ] ], [ [ [ -179.520455337473038, 35.061706599980752 ], [ -179.342201238110789, 30.077641589520844 ], [ -179.224655252341677, 25.089670603073944 ], [ -179.158142585919961, 20.098577186123329 ], [ -179.136230395801192, 15.105131223830192 ], [ -179.154877802338376, 10.110113209547176 ], [ -179.211930172616775, 5.114326634530123 ], [ -179.306841334681877, 0.118603726486589 ], [ -179.44056338336992, -4.876191763627986 ], [ -179.615578576557823, -9.869161637735383 ], [ -179.836073901488703, -14.859367098045936 ], [ -180.0, -17.862225617128104 ], [ -180.0, 43.258954726381539 ], [ -179.773745791933095, 40.041023851652305 ], [ -179.520455337473038, 35.061706599980752 ] ] ] ] } },
{ "type": "Feature", "properties": { "norad_cat_id": 30797, "object_name": "THEMIS D", "orbit_class": "HEO", "agency_lead": "NASA", "program": "THEMIS", "alt_km": 17575.588140906344, "elevation_mask_deg": 0.0, "central_angle_deg": 74.557623022660877, "radius_km": 8299.7166296394589 }, "geometry": { "type": "MultiPolygon", "coordinates": [ [ [ [ -133.879404494252356, 77.27329377413443 ], [ -123.560695784514166, 73.231735768674255 ], [ -117.562861549319734, 68.8320179480788 ], [ -113.824222046996397, 64.256823076041798 ], [ -111.370696652705817, 59.585023017815232 ], [ -109.708929798251063, 54.855049345590444 ], [ -108.568904865018737, 50.087693342783624 ], [ -107.792787696963387, 45.295254397495128 ], [ -107.283399183296297, 40.485621241232401 ], [ -106.978542864866569, 35.664265107835043 ], [ -106.837380900094843, 30.835290422150333 ], [ -106.83281635424953, 26.002026803255234 ], [ -106.947057291003176, 21.167384120850606 ], [ -107.168963220563057, 16.334080011626344 ], [ -107.492446342813082, 11.504797893414274 ], [ -107.915535855248521, 6.682308916782485 ], [ -108.439891531967817, 1.869579351730677 ], [ -109.070653602586958, -2.930120505322887 ], [ -109.81657861273402, -7.713091387533007 ], [ -110.690455653987044, -12.475048323686543 ], [ -111.70983583071947, -17.210912413903877 ], [ -112.898148104993879, -21.914524107329271 ], [ -114.286323366734393, -26.578238835529124 ], [ -115.915111692991275, -31.192346276411779 ], [ -117.838359081794863, -35.74422321868159 ], [ -120.127604058448412, -40.217080344521193 ], [ -122.878424706372527, -44.588086154871377 ], [ -126.218882009118204, -48.825538168441305 ], [ -130.319775759494036, -52.884609599009323 ], [ -135.404219282931848, -56.701106810691691 ], [ -141.747901822182627, -60.182942043284115 ], [ -149.647715624642984, -63.200581819874785 ], [ -159.316850035340877, -65.582450652609793 ], [ -170.672860937423735, -67.129957292899391 ], [ -180.0, -67.534644895649322 ], [ -180.0, 81.700494389220125 ], [ -152.660680407878829, 80.489361005455834 ], [ -133.879404494252356, 77.27329377413443 ] ] ], [ [ [ 180.0, -67.534644895649322 ], [ 176.890835524336694, -67.669545888308463 ], [ 164.454531986097123, -67.129957292899391 ], [ 153.098521084014266, -65.582450652609793 ], [ 143.429386673316372, -63.200581819874785 ], [ 135.529572870856015, -60.182942043284115 ], [ 129.185890331605236, -56.701106810691691 ], [ 124.101446808167424, -52.884609599009323 ], [ 120.000553057791606, -48.825538168441305 ], [ 116.66009575504593, -44.588086154871377 ], [ 113.909275107121786, -40.217080344521193 ], [ 111.620030130468265, -35.74422321868159 ], [ 109.696782741664649, -31.192346276411779 ], [ 108.067994415407782, -26.578238835529124 ], [ 106.679819153667282, -21.914524107329271 ], [ 105.491506879392858, -17.210912413903877 ], [ 104.472126702660432, -12.475048323686543 ], [ 103.598249661407408, -7.713091387533007 ], [ 102.852324651260346, -2.930120505322887 ], [ 102.221562580641191, 1.869579351730677 ], [ 101.697206903921909, 6.682308916782485 ], [ 101.274117391486456, 11.504797893414274 ], [ 100.950634269236446, 16.334080011626344 ], [ 100.728728339676564, 21.167384120850606 ], [ 100.614487402922919, 26.002026803255234 ], [ 100.619051948768217, 30.835290422150333 ], [ 100.760213913539957, 35.664265107835043 ], [ 101.065070231969685, 40.485621241232401 ], [ 101.57445874563679, 45.295254397495128 ], [ 102.35057591369214, 50.087693342783624 ], [ 103.490600846924465, 54.855049345590444 ], [ 105.152367701379205, 59.585023017815232 ], [ 107.605893095669785, 64.256823076041798 ], [ 111.344532597993137, 68.8320179480788 ], [ 117.342366833187555, 73.231735768674255 ], [ 127.661075542925744, 77.27329377413443 ], [ 146.442351456552217, 80.489361005455834 ], [ 176.890835524336694, 81.838230549017425 ], [ 180.0, 81.700494389220125 ], [ 180.0, -67.534644895649322 ] ] ] ] } },
{ "type": "Feature", "properties": { "norad_cat_id": 30798, "object_name": "THEMIS E", "orbit_class": "HEO", "agency_lead": "NASA", "program": "THEMIS", "alt_km": 75834.497698540712, "elevation_mask_deg": 0.0, "central_angle_deg": 85.550465996211926, "radius_km": 9523.4343118255765 }, "geometry": { "type": "Polygon", "coordinates": [ [ [ -180.0, -72.394681745256975 ], [ -176.489429425710767, -72.394681745256975 ], [ -169.526882974985369, -68.012627089619144 ], [ -164.89507673324897, -63.417498684332465 ], [ -161.618771302542285, -58.701726223607757 ], [ -159.184086257651927, -53.911323162925271 ], [ -157.302234898177488, -49.07131189345241 ], [ -155.80068419970695, -44.196352528179929 ], [ -154.570757987661466, -39.295597956219098 ], [ -153.540868959489075, -34.375095084248379 ], [ -152.662037367899217, -29.439054552770322 ], [ -151.899644671278452, -24.49055976614672 ], [ -151.22852174522211, -19.531980227407416 ], [ -150.62990561009309, -14.565220276280659 ], [ -150.089486740505151, -9.591871821887485 ], [ -149.59611567566418, -4.613308800187981 ], [ -149.140920111788063, 0.369254911745883 ], [ -148.71668342083484, 5.354731048032331 ], [ -148.317391774443053, 10.342137761574207 ], [ -147.937889307007936, 15.330590308256522 ], [ -147.573599004400648, 20.319297933800406 ], [ -147.220276230708976, 25.307564347145075 ], [ -146.873763981552429, 30.294789834807272 ], [ -146.529713609878911, 35.280473489922599 ], [ -146.183218235904121, 40.264214252976082 ], [ -145.828268472700984, 45.24570946939631 ], [ -145.456856970688591, 50.224749326583044 ], [ -145.057365890779181, 55.201204432848684 ], [ -144.611388863614366, 60.175000753642649 ], [ -144.086787824117977, 65.146067298544196 ], [ -143.420400381222009, 70.114213007416197 ], [ -142.46632769133538, 75.078773422601671 ], [ -140.790174840068289, 80.037233112481374 ], [ -136.25328038642715, 84.975778875806284 ], [ -54.707604260931703, 89.242034273628676 ], [ 26.838071864563744, 84.975778875806284 ], [ 31.374966318204883, 80.037233112481374 ], [ 33.051119169471974, 75.078773422601671 ], [ 34.005191859358547, 70.114213007416197 ], [ 34.671579302254543, 65.146067298544196 ], [ 35.196180341750903, 60.175000753642649 ], [ 35.642157368915719, 55.201204432848684 ], [ 36.041648448825185, 50.224749326583044 ], [ 36.413059950837578, 45.24570946939631 ], [ 36.768009714040659, 40.264214252976082 ], [ 37.114505088015505, 35.280473489922599 ], [ 37.458555459689023, 30.294789834807272 ], [ 37.805067708845513, 25.307564347145075 ], [ 38.158390482537243, 20.319297933800406 ], [ 38.52268078514453, 15.330590308256522 ], [ 38.902183252579619, 10.342137761574207 ], [ 39.301474898971435, 5.354731048032331 ], [ 39.725711589924629, 0.369254911745883 ], [ 40.180907153800717, -4.613308800187981 ], [ 40.674278218641746, -9.591871821887485 ], [ 41.214697088229684, -14.565220276280659 ], [ 41.813313223358648, -19.531980227407416 ], [ 42.484436149415046, -24.49055976614672 ], [ 43.246828846035783, -29.439054552770322 ], [ 44.12566043762564, -34.375095084248379 ], [ 45.155549465798003, -39.295597956219098 ], [ 46.385475677843488, -44.196352528179929 ], [ 47.887026376314054, -49.07131189345241 ], [ 49.768877735788465, -53.911323162925271 ], [ 52.203562780678851, -58.701726223607757 ], [ 55.479868211385508, -63.417498684332465 ], [ 60.111674453121964, -68.012627089619144 ], [ 67.074220903847333, -72.394681745256975 ], [ 78.292836881225981, -76.359222291900437 ], [ 97.141324645463726, -79.428078216495891 ], [ 125.292395739068297, -80.672590122299368 ], [ 153.443466832672868, -79.428078216495891 ], [ 172.291954596910614, -76.359222291900437 ], [ 180.0, -76.359222291900437 ], [ 180.0, 90.0 ], [ -180.0, 90.0 ], [ -180.0, -72.394681745256975 ] ] ] } },
{ "type": "Feature", "properties": { "norad_cat_id": 39070, "object_name": "TDRS 11", "orbit_class": "GEO", "agency_lead": "NASA", "program": "TDRSS", "alt_km": 35804.019538376568, "elevation_mask_deg": 0.0, "central_angle_deg": 81.303257435702946, "radius_km": 9050.6372175768847 }, "geometry": { "type": "MultiPolygon", "coordinates": [ [ [ [ 138.093805453668097, -76.615211531730409 ], [ 127.182002614473078, -72.609289545756539 ], [ 120.556443182815741, -68.203212919135524 ], [ 116.243103990250859, -63.595398405908966 ], [ 113.264892010586891, -58.874145708621299 ], [ 111.11377241480551, -54.083041009531591 ], [ 109.506827804655501, -49.245686508623642 ], [ 108.276329474601681, -44.37589577215234 ], [ 107.317495443278517, -39.482312228716971 ], [ 106.562031678467918, -34.570681777150384 ], [ 105.963915765347451, -29.645051014444903 ], [ 105.49135702284633, -24.708435778253705 ], [ 105.122051194814475, -19.763211605949493 ], [ 104.840283857853649, -14.811350266278962 ], [ 104.635121935344614, -9.854567366896674 ], [ 104.49927767055874, -4.894417037206506 ], [ 104.428412463577899, 0.067645164236543 ], [ 104.420751018600697, 5.03021777170259 ], [ 104.476939199134677, 9.99191806987599 ], [ 104.600122968942458, 14.951348437097359 ], [ 104.796263798929289, 19.907057204892912 ], [ 105.07474856047196, 24.857485656859907 ], [ 105.449411863634623, 29.800889628435527 ], [ 105.940186412650519, 34.735217794395055 ], [ 106.575770890883234, 39.657916366184388 ], [ 107.398035315338575, 44.565605487304332 ], [ 108.469548182662862, 49.453522249462274 ], [ 109.887025952137094, 54.314515379385391 ], [ 111.806723019446565, 59.137119764390569 ], [ 114.495615521143293, 63.901586801465982 ], [ 118.44267612996839, 68.570923994227513 ], [ 124.620125304718329, 73.068342460182521 ], [ 135.11687512040757, 77.213489118064217 ], [ 154.265120131405666, 80.534174996490449 ], [ 180.0, 81.683389842609273 ], [ 180.0, -80.769956539087772 ], [ 156.908756146883519, -79.74323985886258 ], [ 138.093805453668097, -76.615211531730409 ] ] ], [ [ [ -123.653001395523944, 77.213489118064217 ], [ -113.156251579834702, 73.068342460182521 ], [ -106.97880240508475, 68.570923994227513 ], [ -103.031741796259652, 63.901586801465982 ], [ -100.342849294562924, 59.137119764390569 ], [ -98.423152227253482, 54.314515379385391 ], [ -97.005674457779236, 49.453522249462274 ], [ -95.934161590454934, 44.565605487304332 ], [ -95.111897165999608, 39.657916366184388 ], [ -94.476312687766907, 34.735217794395055 ], [ -93.985538138751011, 29.800889628435527 ], [ -93.610874835588348, 24.857485656859907 ], [ -93.332390074045662, 19.907057204892912 ], [ -93.136249244058845, 14.951348437097359 ], [ -93.01306547425105, 9.99191806987599 ], [ -92.956877293717056, 5.03021777170259 ], [ -92.964538738694259, 0.067645164236543 ], [ -93.035403945675114, -4.894417037206506 ], [ -93.171248210460988, -9.854567366896674 ], [ -93.376410132970037, -14.811350266278962 ], [ -93.658177469930848, -19.763211605949493 ], [ -94.027483297962689, -24.708435778253705 ], [ -94.500042040463811, -29.645051014444903 ], [ -95.098157953584305, -34.570681777150384 ], [ -95.853621718394891, -39.482312228716971 ], [ -96.812455749718055, -44.37589577215234 ], [ -98.042954079771874, -49.245686508623642 ], [ -99.649898689921869, -54.083041009531591 ], [ -101.801018285703279, -58.874145708621299 ], [ -104.779230265367232, -63.595398405908966 ], [ -109.092569457932115, -68.203212919135524 ], [ -115.718128889589451, -72.609289545756539 ], [ -126.62993172878447, -76.615211531730409 ], [ -145.444882421999893, -79.74323985886258 ], [ -174.268063137558187, -81.024818305049862 ], [ -180.0, -80.769956539087772 ], [ -180.0, 81.683389842609273 ], [ -174.268063137558187, 81.939354780971883 ], [ -142.80124640652204, 80.534174996490449 ], [ -123.653001395523944, 77.213489118064217 ] ] ] ] } },
{ "type": "Feature", "properties": { "norad_cat_id": 39504, "object_name": "TDRS 12", "orbit_class": "GEO", "agency_lead": "NASA", "program": "TDRSS", "alt_km": 35796.56648661333, "elevation_mask_deg": 0.0, "central_angle_deg": 81.301708644300888, "radius_km": 9050.4648069066625 }, "geometry": { "type": "Polygon", "coordinates": [ [ [ -40.775747574796142, 78.816679614608304 ], [ -16.887154831930086, 77.763013361809925 ], [ 0.718934322258235, 75.040538190765758 ], [ 12.155222676083113, 71.366121822836703 ], [ 19.607431610815858, 67.194306796999626 ], [ 24.676113565189198, 62.751438274987763 ], [ 28.28437902527223, 58.14954500487174 ], [ 30.955517623601295, 53.447473431478969 ], [ 32.996699011464784, 48.678322315849293 ], [ 34.596435828072956, 43.861921888789375 ], [ 35.875417979747382, 39.010840891338233 ], [ 36.913822459209399, 34.13346270955909 ], [ 37.766588689145976, 29.235652625919766 ], [ 38.472313181601706, 24.32170689202832 ], [ 39.058620729331423, 19.394915587108507 ], [ 39.545509528822578, 14.457907711395356 ], [ 39.947484286500057, 9.512868385164502 ], [ 40.274934459883596, 4.561678409024988 ], [ 40.535020530363965, -0.393994377258859 ], [ 40.732220381708686, -5.352633806719528 ], [ 40.868620470964558, -10.312832288873425 ], [ 40.943991008030778, -15.273257420611557 ], [ 40.955647767602727, -20.232621423586234 ], [ 40.898065405317425, -25.189646765375048 ], [ 40.762157116833365, -30.143020141273933 ], [ 40.534055931006478, -35.091323789729984 ], [ 40.193091251278702, -40.03292633329518 ], [ 39.708381614740674, -44.965801402359816 ], [ 39.032904045962525, -49.887212801791868 ], [ 38.092666355371634, -54.79313890376325 ], [ 36.765673780264251, -59.677149252519342 ], [ 34.83773304048357, -64.528021598143766 ], [ 31.899904200587471, -69.324113417939628 ], [ 27.079016827161283, -74.018054084436798 ], [ 18.219632896898979, -78.486623538110408 ], [ -0.748471355753239, -82.328209989250837 ], [ -40.775747574796142, -84.14404988666692 ], [ -80.803023793839046, -82.328209989250837 ], [ -99.77112804649127, -78.486623538110408 ], [ -108.630511976753567, -74.018054084436798 ], [ -113.451399350179756, -69.324113417939628 ], [ -116.389228190075855, -64.528021598143766 ], [ -118.317168929856535, -59.677149252519342 ], [ -119.644161504963918, -54.79313890376325 ], [ -120.584399195554809, -49.887212801791868 ], [ -121.259876764332958, -44.965801402359816 ], [ -121.744586400870986, -40.03292633329518 ], [ -122.085551080598762, -35.091323789729984 ], [ -122.313652266425649, -30.143020141273933 ], [ -122.449560554909709, -25.189646765375048 ], [ -122.507142917195011, -20.232621423586234 ], [ -122.495486157623063, -15.273257420611557 ], [ -122.420115620556842, -10.312832288873425 ], [ -122.28371553130097, -5.352633806719528 ], [ -122.08651567995625, -0.393994377258859 ], [ -121.826429609475881, 4.561678409024988 ], [ -121.498979436092341, 9.512868385164502 ], [ -121.097004678414862, 14.457907711395356 ], [ -120.610115878923708, 19.394915587108507 ], [ -120.02380833119399, 24.32170689202832 ], [ -119.318083838738261, 29.235652625919766 ], [ -118.465317608801683, 34.13346270955909 ], [ -117.426913129339667, 39.010840891338233 ], [ -116.14793097766524, 43.861921888789375 ], [ -114.548194161057069, 48.678322315849293 ], [ -112.50701277319358, 53.447473431478969 ], [ -109.835874174864514, 58.14954500487174 ], [ -106.227608714781482, 62.751438274987763 ], [ -101.15892676040815, 67.194306796999626 ], [ -93.706717825675398, 71.366121822836703 ], [ -82.27042947185052, 75.040538190765758 ], [ -64.664340317662194, 77.763013361809925 ], [ -40.775747574796142, 78.816679614608304 ] ] ] } },
{ "type": "Feature", "properties": { "norad_cat_id": 39574, "object_name": "GPM-CORE", "orbit_class": "LEO", "agency_lead": "NASA", "program": "GPM", "alt_km": 433.72863249495066, "elevation_mask_deg": 0.0, "central_angle_deg": 20.556321787853754, "radius_km": 2288.3192740065547 }, "geometry": { "type": "Polygon", "coordinates": [ [ [ -28.790848165702833, 35.868453986675867 ], [ -26.631759099602355, 35.777139997186048 ], [ -24.500684821057028, 35.504505461456411 ], [ -22.424553337961559, 35.054410467699306 ], [ -20.428233962791303, 34.433088804600544 ], [ -18.533773117977603, 33.648873632324957 ], [ -16.759893232528931, 32.711858425794723 ], [ -15.121767455660127, 31.633527302403017 ], [ -13.631045278985201, 30.426386735417918 ], [ -12.296078337156267, 29.103624455336288 ], [ -11.12228383784521, 27.678813096825916 ], [ -10.112583525504274, 26.165667768381866 ], [ -9.267864903930452, 24.577859551820392 ], [ -8.587424331748394, 22.92888164257436 ], [ -8.069365064530636, 21.231961508347521 ], [ -7.710935122219219, 19.500010796503894 ], [ -7.508798994118688, 17.74560432356655 ], [ -7.459243520963366, 15.980979887443645 ], [ -7.558322189432229, 14.218051481789118 ], [ -7.801944124570863, 12.468429492828871 ], [ -8.18591487266151, 10.743442453194465 ], [ -8.705936150953065, 9.054155828473926 ], [ -9.357571501787817, 7.411384094611241 ], [ -10.136184507183742, 5.825693042975509 ], [ -11.036856069286223, 4.307389864580249 ], [ -12.054287324927785, 2.866499167478507 ], [ -13.182695043463063, 1.512723725758871 ], [ -14.415706791792694, 0.255389491669455 ], [ -15.746263613785054, -0.89662474510408 ], [ -17.166538288034275, -1.934971689457861 ], [ -18.667877192074503, -2.851931427357404 ], [ -20.240773206114277, -3.640515321857796 ], [ -21.874875769010245, -4.294573334559067 ], [ -23.559042075741313, -4.808899347992803 ], [ -25.28143053284716, -5.179328562774103 ], [ -27.029634176428175, -5.402821005014852 ], [ -28.790848165702833, -5.477525684701694 ], [ -30.552062154977492, -5.402821005014852 ], [ -32.300265798558506, -5.179328562774103 ], [ -34.022654255664349, -4.808899347992803 ], [ -35.706820562395421, -4.294573334559067 ], [ -37.34092312529139, -3.640515321857796 ], [ -38.913819139331167, -2.851931427357404 ], [ -40.415158043371392, -1.934971689457861 ], [ -41.835432717620613, -0.89662474510408 ], [ -43.165989539612973, 0.255389491669455 ], [ -44.399001287942603, 1.512723725758871 ], [ -45.527409006477882, 2.866499167478507 ], [ -46.544840262119443, 4.307389864580249 ], [ -47.445511824221924, 5.825693042975509 ], [ -48.22412482961785, 7.411384094611241 ], [ -48.875760180452602, 9.054155828473926 ], [ -49.395781458744153, 10.743442453194465 ], [ -49.7797522068348, 12.468429492828871 ], [ -50.023374141973434, 14.218051481789118 ], [ -50.122452810442297, 15.980979887443645 ], [ -50.072897337286975, 17.74560432356655 ], [ -49.870761209186448, 19.500010796503894 ], [ -49.51233126687503, 21.231961508347521 ], [ -48.994271999657272, 22.92888164257436 ], [ -48.313831427475215, 24.577859551820392 ], [ -47.469112805901389, 26.165667768381866 ], [ -46.459412493560457, 27.678813096825916 ], [ -45.285617994249399, 29.103624455336288 ], [ -43.950651052420469, 30.426386735417918 ], [ -42.45992887574554, 31.633527302403017 ], [ -40.821803098876735, 32.711858425794723 ], [ -39.047923213428064, 33.648873632324957 ], [ -37.153462368614363, 34.433088804600544 ], [ -35.157142993444111, 35.054410467699306 ], [ -33.081011510348638, 35.504505461456411 ], [ -30.949937231803311, 35.777139997186048 ], [ -28.790848165702833, 35.868453986675867 ] ] ] } },
{ "type": "Feature", "properties": { "norad_cat_id": 40059, "object_name": "OCO 2", "orbit_class": "LEO", "agency_lead": "NASA", "program": "OCO", "alt_km": 730.56031239287927, "elevation_mask_deg": 0.0, "central_angle_deg": 26.203672076371028, "radius_km": 2916.9794324555442 }, "geometry": { "type": "Polygon", "coordinates": [ [ [ -180.0, -70.18948402270459 ], [ -177.659769144695247, -70.18948402270459 ], [ -172.652039354677299, -68.853909665146162 ], [ -167.940130211017106, -67.516928287056373 ], [ -163.471233389784913, -66.187418623274667 ], [ -159.202607291408867, -64.872923450246844 ], [ -155.099573573447174, -63.579969855860874 ], [ -151.133876800839062, -62.314303377013943 ], [ -147.282376871439283, -61.081058846107041 ], [ -143.526020268360696, -59.884884925795255 ], [ -139.849034990682412, -58.73003468988346 ], [ -136.238300925868543, -57.620431173182169 ], [ -132.682856247766154, -56.559714332287271 ], [ -129.173508707269889, -55.551274092345608 ], [ -125.702527649271872, -54.598272903865443 ], [ -122.263398152133107, -53.703660349042714 ], [ -118.850623010420691, -52.870181710591801 ], [ -115.459561598150856, -52.100381970707339 ], [ -112.086297177987944, -51.396606389225646 ], [ -108.727526146717651, -50.76099858000245 ], [ -105.380464175438476, -50.195496835878807 ], [ -102.042765326753113, -49.70182932610134 ], [ -98.712451095297524, -49.281508691929375 ], [ -95.387846984893713, -48.935826486554745 ], [ -92.067524751394899, -48.665847837371821 ], [ -88.750248838260859, -48.472406647162764 ], [ -85.434925835961621, -48.356101592584686 ], [ -82.120556023343312, -48.317293121358539 ], [ -78.806186210725002, -48.356101592584686 ], [ -75.490863208425765, -48.472406647162764 ], [ -72.173587295291696, -48.665847837371821 ], [ -68.853265061792925, -48.935826486554745 ], [ -65.528660951389099, -49.281508691929375 ], [ -62.198346719933511, -49.70182932610134 ], [ -58.860647871248133, -50.195496835878807 ], [ -55.513585899968959, -50.76099858000245 ], [ -52.154814868698651, -51.396606389225646 ], [ -48.781550448535768, -52.100381970707339 ], [ -45.390489036265905, -52.870181710591801 ], [ -41.977713894553517, -53.703660349042714 ], [ -38.538584397414752, -54.598272903865443 ], [ -35.067603339416735, -55.551274092345608 ], [ -31.558255798920499, -56.559714332287271 ], [ -28.002811120818109, -57.620431173182169 ], [ -24.392077056004211, -58.73003468988346 ], [ -20.715091778325927, -59.884884925795255 ], [ -16.958735175247341, -61.081058846107041 ], [ -13.107235245847562, -62.314303377013943 ], [ -9.141538473239478, -63.579969855860874 ], [ -5.038504755277785, -64.872923450246844 ], [ -0.76987865690171, -66.187418623274667 ], [ 3.699018164330482, -67.516928287056373 ], [ 8.410927307990676, -68.853909665146162 ], [ 13.418657098008651, -70.18948402270459 ], [ 18.78740252840015, -71.513000912377962 ], [ 24.597141365006848, -72.811452817711583 ], [ 30.944435871549018, -74.068709866416455 ], [ 37.942105687986384, -75.264573117806435 ], [ 45.713710966246595, -76.373733326094964 ], [ 54.377653578112131, -77.364928218372995 ], [ 64.014316011566848, -78.200971021815349 ], [ 74.613396409069367, -78.840799121074923 ], [ 86.014400067922566, -79.244771982282231 ], [ 97.879443976656717, -79.3831531373215 ], [ 109.744487885390811, -79.244771982282231 ], [ 121.14549154424401, -78.840799121074923 ], [ 131.744571941746528, -78.200971021815349 ], [ 141.381234375201245, -77.364928218372995 ], [ 150.045176987066782, -76.373733326094964 ], [ 157.816782265326992, -75.264573117806435 ], [ 164.81445208176433, -74.068709866416455 ], [ 171.161746588306528, -72.811452817711583 ], [ 176.971485424913226, -71.513000912377962 ], [ 180.0, -71.513000912377962 ], [ 180.0, -90.0 ], [ -180.0, -90.0 ], [ -180.0, -70.18948402270459 ] ] ] } },
{ "type": "Feature", "properties": { "norad_cat_id": 40376, "object_name": "SMAP", "orbit_class": "LEO", "agency_lead": "NASA", "program": "SMAP", "alt_km": 694.52948356037768, "elevation_mask_deg": 0.0, "central_angle_deg": 25.604193434688806, "radius_km": 2850.2457753220365 }, "geometry": { "type": "Polygon", "coordinates": [ [ [ -180.0, 66.8375532433096 ], [ -177.345154574167964, 66.8375532433096 ], [ -172.113758285317886, 67.57108431411072 ], [ -166.705573549628411, 68.290209196834752 ], [ -161.106451517183189, 68.987922791621727 ], [ -155.303488035927558, 69.656689109155508 ], [ -149.286102278369327, 70.288478953464846 ], [ -143.047393049810807, 70.874855098427162 ], [ -136.585728353099682, 71.40712019274622 ], [ -129.90644393153255, 71.876540602798173 ], [ -123.023425469955697, 72.274652574894787 ], [ -115.960251128221927, 72.593644201755836 ], [ -108.75052013151398, 72.826788224835013 ], [ -101.437042132856845, 72.968880245487568 ], [ -94.069744268964882, 73.016621229211097 ], [ -86.702446405072806, 72.968880245487568 ], [ -79.388968406415756, 72.826788224835013 ], [ -72.179237409707753, 72.593644201755836 ], [ -65.116063067973982, 72.274652574894787 ], [ -58.233044606397129, 71.876540602798173 ], [ -51.553760184830026, 71.40712019274622 ], [ -45.0920954881189, 70.874855098427162 ], [ -38.853386259560352, 70.288478953464846 ], [ -32.83600050200215, 69.656689109155508 ], [ -27.033037020746519, 68.987922791621727 ], [ -21.433914988301296, 68.290209196834752 ], [ -16.025730252611822, 67.57108431411072 ], [ -10.794333963761744, 66.8375532433096 ], [ -5.725140993246157, 66.096085752664976 ], [ -0.803703004138697, 65.352633246385523 ], [ 3.983908962180124, 64.612658106794271 ], [ 8.650867916570576, 63.881168954494512 ], [ 13.209461453257802, 63.162757484292818 ], [ 17.671037798715872, 62.461634140125128 ], [ 22.046003050251841, 61.781661044080408 ], [ 26.343851592264514, 61.126381382879813 ], [ 30.5732167856969, 60.499044971186812 ], [ 34.741932959742655, 59.90263003298044 ], [ 38.857102659174473, 59.339861430847677 ], [ 42.925165215506979, 58.813225673259616 ], [ 46.951964204358489, 58.324983073293296 ], [ 50.942812384431363, 57.877177440388031 ], [ 54.902553412221209, 57.471643673831593 ], [ 58.83562008755132, 57.110013601913508 ], [ 62.746089180033096, 56.793720379745828 ], [ 66.637733067769432, 56.524001725038062 ], [ 70.514068524452739, 56.301902236538176 ], [ 74.378403045980406, 56.128275005412128 ], [ 78.23387913143705, 56.003782695967878 ], [ 82.083516938711398, 55.92889823895689 ], [ 85.930255731035118, 55.90390524815934 ], [ 89.776994523358894, 55.92889823895689 ], [ 93.626632330633242, 56.003782695967878 ], [ 97.482108416089886, 56.128275005412128 ], [ 101.346442937617553, 56.301902236538176 ], [ 105.222778394300803, 56.524001725038062 ], [ 109.114422282037197, 56.793720379745828 ], [ 113.024891374518972, 57.110013601913508 ], [ 116.957958049849083, 57.471643673831593 ], [ 120.917699077638986, 57.877177440388031 ], [ 124.908547257711803, 58.324983073293296 ], [ 128.935346246563313, 58.813225673259616 ], [ 133.003408802895819, 59.339861430847677 ], [ 137.118578502327637, 59.90263003298044 ], [ 141.287294676373392, 60.499044971186812 ], [ 145.516659869805778, 61.126381382879813 ], [ 149.814508411818451, 61.781661044080408 ], [ 154.18947366335442, 62.461634140125128 ], [ 158.65105000881249, 63.162757484292818 ], [ 163.209643545499716, 63.881168954494512 ], [ 167.876602499890168, 64.612658106794271 ], [ 172.664214466208989, 65.352633246385523 ], [ 177.585652455316449, 66.096085752664976 ], [ 180.0, 66.096085752664976 ], [ 180.0, 90.0 ], [ -180.0, 90.0 ], [ -180.0, 66.8375532433096 ] ] ] } },
{ "type": "Feature", "properties": { "norad_cat_id": 40482, "object_name": "MMS 1", "orbit_class": "HEO", "agency_lead": "NASA", "program": "MMS", "alt_km": 86577.947923188316, "elevation_mask_deg": 0.0, "central_angle_deg": 86.065586382091638, "radius_km": 9580.7772508789421 }, "geometry": { "type": "Polygon", "coordinates": [ [ [ -180.0, 69.170446642370351 ], [ -174.010538263221832, 69.170446642370351 ], [ -162.766786719797096, 66.531614425505566 ], [ -153.855605737551087, 63.27164904779498 ], [ -146.811014650137537, 59.589950824086031 ], [ -141.161553504836064, 55.622188293180784 ], [ -136.533360906757537, 51.457221545768128 ], [ -132.652874280193402, 47.153347949557052 ], [ -129.32426800122596, 42.749585203536164 ], [ -126.406914984572623, 38.272797875479441 ], [ -123.798297587590724, 33.742094740656391 ], [ -121.422071745162242, 29.171557336157051 ], [ -119.219922344091287, 24.571964830169843 ], [ -117.145995099104184, 19.951912571269244 ], [ -115.163029560808738, 15.318560361781397 ], [ -113.239602237159744, 10.678152729795491 ], [ -111.348086547753951, 6.036399437842706 ], [ -109.463064516197875, 1.3987734323913 ], [ -107.560004901560646, -3.229234072124218 ], [ -105.614069760676571, -7.841870873347454 ], [ -103.598936524259969, -12.432866521047302 ], [ -101.485531769736312, -16.995132832260932 ], [ -99.240569646871165, -21.520389533887677 ], [ -96.824775061596768, -25.998672619569522 ], [ -94.19065329021241, -30.417667071605447 ], [ -91.279653664258433, -34.76178150852089 ], [ -88.018591601379285, -39.010848117226367 ], [ -84.315306337840681, -43.138287337999664 ], [ -80.053895807139625, -47.108533181223599 ], [ -75.090819526390732, -50.873510711607452 ], [ -69.255320385909329, -54.368105719489236 ], [ -62.361795286856321, -57.505140383526204 ], [ -54.247633721065853, -60.171862353362116 ], [ -44.851626131453912, -62.232748879810934 ], [ -34.326981537903947, -63.546108991587587 ], [ -23.12253446848527, -63.998611317457929 ], [ -11.918087399066621, -63.546108991587587 ], [ -1.393442805516656, -62.232748879810934 ], [ 8.002564784095284, -60.171862353362116 ], [ 16.116726349885766, -57.505140383526204 ], [ 23.01025144893876, -54.368105719489236 ], [ 28.845750589420163, -50.873510711607452 ], [ 33.808826870169071, -47.108533181223599 ], [ 38.070237400870099, -43.138287337999664 ], [ 41.773522664408716, -39.010848117226367 ], [ 45.034584727287864, -34.76178150852089 ], [ 47.945584353241827, -30.417667071605447 ], [ 50.579706124626199, -25.998672619569522 ], [ 52.995500709900597, -21.520389533887677 ], [ 55.240462832765729, -16.995132832260932 ], [ 57.353867587289415, -12.432866521047302 ], [ 59.369000823706017, -7.841870873347454 ], [ 61.314935964590063, -3.229234072124218 ], [ 63.217995579227306, 1.3987734323913 ], [ 65.103017610783382, 6.036399437842706 ], [ 66.994533300189175, 10.678152729795491 ], [ 68.917960623838155, 15.318560361781397 ], [ 70.900926162133601, 19.951912571269244 ], [ 72.974853407120719, 24.571964830169843 ], [ 75.177002808191673, 29.171557336157051 ], [ 77.553228650620156, 33.742094740656391 ], [ 80.161846047602069, 38.272797875479441 ], [ 83.079199064255363, 42.749585203536164 ], [ 86.407805343222833, 47.153347949557052 ], [ 90.288291969786997, 51.457221545768128 ], [ 94.916484567865496, 55.622188293180784 ], [ 100.565945713166968, 59.589950824086031 ], [ 107.610536800580519, 63.27164904779498 ], [ 116.521717782826556, 66.531614425505566 ], [ 127.765469326251264, 69.170446642370351 ], [ 141.467362889643255, 70.928287092354225 ], [ 156.877465531514758, 71.551429719201678 ], [ 172.287568173386262, 70.928287092354225 ], [ 180.0, 70.928287092354225 ], [ 180.0, 90.0 ], [ -180.0, 90.0 ], [ -180.0, 69.170446642370351 ] ] ] } },
{ "type": "Feature", "properties": { "norad_cat_id": 40483, "object_name": "MMS 2", "orbit_class": "HEO", "agency_lead": "NASA", "program": "MMS", "alt_km": 86621.252275824008, "elevation_mask_deg": 0.0, "central_angle_deg": 86.06742129037255, "radius_km": 9580.9815119344257 }, "geometry": { "type": "Polygon", "coordinates": [ [ [ -180.0, 69.206168123965796 ], [ -173.977090572376113, 69.206168123965796 ], [ -162.724707364724935, 66.562748120066431 ], [ -153.813074738676335, 63.298281416181752 ], [ -146.772146451953375, 59.612557752641052 ], [ -141.128000689558888, 55.641310790117373 ], [ -136.505558304761649, 51.473342479938701 ], [ -132.630723048591847, 47.166862930046761 ], [ -129.307467070416124, 42.760807231864078 ], [ -126.395111819560952, 38.281970835426733 ], [ -123.79115300887122, 33.7494070390944 ], [ -121.419285221721822, 29.177153260233805 ], [ -119.221239601835407, 24.575953335557081 ], [ -117.151208181767998, 19.954373841976754 ], [ -115.171974004445957, 15.3195505833928 ], [ -113.252153460460363, 10.677707459778173 ], [ -111.364156357703024, 6.034535864945741 ], [ -109.482598054978411, 1.395491731378688 ], [ -107.582978073328462, -3.233950154951197 ], [ -105.640487007335651, -7.848054124560266 ], [ -103.628828674849018, -12.440567018873622 ], [ -101.518953502098952, -17.004419356234422 ], [ -99.27759580296555, -21.531351639368594 ], [ -96.865494549732688, -26.011423384188106 ], [ -94.235158428880567, -30.432346465672044 ], [ -91.328021311963568, -34.778560187936002 ], [ -88.070849870799719, -39.029931082665286 ], [ -84.371376579775585, -43.159916147643848 ], [ -80.113493514263951, -47.132983880192107 ], [ -75.153290962019923, -50.901081770756875 ], [ -69.31939072910086, -54.399085466680567 ], [ -62.425230626607018, -57.539737272639186 ], [ -54.306921649668595, -60.210079683354905 ], [ -44.902004328071769, -62.274205935187055 ], [ -34.363352236324431, -63.589877898055548 ], [ -23.141421318107177, -64.043227936025559 ], [ -11.919490399889895, -63.589877898055548 ], [ -1.380838308142586, -62.274205935187055 ], [ 8.024079013454241, -60.210079683354905 ], [ 16.142387990392677, -57.539737272639186 ], [ 23.036548092886534, -54.399085466680567 ], [ 28.870448325805569, -50.901081770756875 ], [ 33.830650878049624, -47.132983880192107 ], [ 38.088533943561231, -43.159916147643848 ], [ 41.788007234585365, -39.029931082665286 ], [ 45.045178675749241, -34.778560187936002 ], [ 47.952315792666241, -30.432346465672044 ], [ 50.582651913518362, -26.011423384188106 ], [ 52.994753166751224, -21.531351639368594 ], [ 55.236110865884626, -17.004419356234422 ], [ 57.345986038634663, -12.440567018873622 ], [ 59.357644371121296, -7.848054124560266 ], [ 61.300135437114108, -3.233950154951197 ], [ 63.199755418764084, 1.395491731378688 ], [ 65.081313721488698, 6.034535864945741 ], [ 66.969310824246008, 10.677707459778173 ], [ 68.889131368231602, 15.3195505833928 ], [ 70.868365545553672, 19.954373841976754 ], [ 72.938396965621081, 24.575953335557081 ], [ 75.136442585507496, 29.177153260233805 ], [ 77.508310372656865, 33.7494070390944 ], [ 80.112269183346598, 38.281970835426733 ], [ 83.024624434201769, 42.760807231864078 ], [ 86.347880412377549, 47.166862930046761 ], [ 90.222715668547266, 51.473342479938701 ], [ 94.845158053344562, 55.641310790117373 ], [ 100.489303815739049, 59.612557752641052 ], [ 107.53023210246198, 63.298281416181752 ], [ 116.441864728510609, 66.562748120066431 ], [ 127.694247936161787, 69.206168123965796 ], [ 141.41699502194092, 70.967723212843154 ], [ 156.858578681892823, 71.592343715336341 ], [ 172.300162341844725, 70.967723212843154 ], [ 180.0, 70.967723212843154 ], [ 180.0, 90.0 ], [ -180.0, 90.0 ], [ -180.0, 69.206168123965796 ] ] ] } },
{ "type": "Feature", "properties": { "norad_cat_id": 40484, "object_name": "MMS 3", "orbit_class": "HEO", "agency_lead": "NASA", "program": "MMS", "alt_km": 86646.263193139792, "elevation_mask_deg": 0.0, "central_angle_deg": 86.06848028223294, "radius_km": 9581.0993983690769 }, "geometry": { "type": "Polygon", "coordinates": [ [ [ -180.0, 69.192429830031742 ], [ -173.978936034709818, 69.192429830031742 ], [ -162.729909319832416, 66.550738017292574 ], [ -153.818518167536126, 63.28796130327374 ], [ -146.776266768741323, 59.60374261386135 ], [ -141.130171243088597, 55.633791830663171 ], [ -136.505616090684953, 51.466933643856308 ], [ -132.628708213418179, 47.161411699399046 ], [ -129.303496819534985, 42.756192669583477 ], [ -126.389323127246513, 38.278098327867305 ], [ -123.783678030454979, 33.746203017959147 ], [ -121.410241739105075, 29.174560813592191 ], [ -119.21072819263685, 24.573928806083629 ], [ -117.139312258237936, 19.952884276112531 ], [ -115.158760951226412, 15.318571858579899 ], [ -113.237676072746467, 10.677222940052928 ], [ -111.348454237615414, 6.034535470408537 ], [ -109.465698840388171, 1.395971339649539 ], [ -107.564898479939558, -3.232989030569187 ], [ -105.621233724869384, -7.846604414629584 ], [ -103.608399205682034, -12.438615953473354 ], [ -101.497337088704825, -17.001948103409696 ], [ -99.254774681765667, -21.528334726402996 ], [ -96.841445924641633, -26.007827902985021 ], [ -94.209857827399887, -30.428131079884349 ], [ -91.301448450677384, -34.77367400638763 ], [ -88.042998940240238, -39.024312572644412 ], [ -84.342274124942861, -43.153492494511681 ], [ -80.083228947740196, -47.125671669106438 ], [ -75.122066862389758, -50.892790750500147 ], [ -69.287600409515377, -54.389728637614802 ], [ -62.39356231988441, -57.529252433578307 ], [ -54.276457139362606, -60.198468110031129 ], [ -44.87421057538603, -62.261587589530812 ], [ -34.339800001699643, -63.576541791658002 ], [ -23.123182041186965, -64.029628757055974 ], [ -11.906564080674315, -63.576541791658002 ], [ -1.372153506987928, -62.261587589530812 ], [ 8.030093056988648, -60.198468110031129 ], [ 16.147198237510452, -57.529252433578307 ], [ 23.041236327141405, -54.389728637614802 ], [ 28.875702780015786, -50.892790750500147 ], [ 33.836864865366238, -47.125671669106438 ], [ 38.095910042568903, -43.153492494511681 ], [ 41.79663485786628, -39.024312572644412 ], [ 45.055084368303426, -34.77367400638763 ], [ 47.963493745025914, -30.428131079884349 ], [ 50.595081842267689, -26.007827902985021 ], [ 53.008410599391709, -21.528334726402996 ], [ 55.250973006330867, -17.001948103409696 ], [ 57.36203512330809, -12.438615953473354 ], [ 59.374869642495412, -7.846604414629584 ], [ 61.3185343975656, -3.232989030569187 ], [ 63.219334758014213, 1.395971339649539 ], [ 65.102090155241456, 6.034535470408537 ], [ 66.991311990372509, 10.677222940052928 ], [ 68.912396868852454, 15.318571858579899 ], [ 70.892948175863978, 19.952884276112531 ], [ 72.964364110262892, 24.573928806083629 ], [ 75.163877656731131, 29.174560813592191 ], [ 77.537313948081021, 33.746203017959147 ], [ 80.142959044872555, 38.278098327867305 ], [ 83.057132737160998, 42.756192669583477 ], [ 86.382344131044249, 47.161411699399046 ], [ 90.259252008311023, 51.466933643856308 ], [ 94.883807160714639, 55.633791830663171 ], [ 100.529902686367336, 59.60374261386135 ], [ 107.57215408516214, 63.28796130327374 ], [ 116.483545237458429, 66.550738017292574 ], [ 127.732571952335888, 69.192429830031742 ], [ 141.44730365626566, 70.952582342430929 ], [ 156.876817958813035, 71.576644135969673 ], [ 172.30633226136041, 70.952582342430929 ], [ 180.0, 70.952582342430929 ], [ 180.0, 90.0 ], [ -180.0, 90.0 ], [ -180.0, 69.192429830031742 ] ] ] } },
{ "type": "Feature", "properties": { "norad_cat_id": 40485, "object_name": "MMS 4", "orbit_class": "HEO", "agency_lead": "NASA", "program": "MMS", "alt_km": 86650.900645517264, "elevation_mask_deg": 0.0, "central_angle_deg": 86.068676574732663, "radius_km": 9581.1212495501932 }, "geometry": { "type": "Polygon", "coordinates": [ [ [ -180.0, 69.185809693720785 ], [ -174.000641929151527, 69.185809693720785 ], [ -162.753226434206624, 66.544956709943392 ], [ -153.841940780805373, 63.283001450790209 ], [ -146.799037776445289, 59.599515545647627 ], [ -141.151986847465139, 55.630197143743331 ], [ -136.526396746488786, 51.463881788612674 ], [ -132.648472696618114, 47.158829269171925 ], [ -129.322301220247368, 42.754021497279638 ], [ -126.407233107023387, 38.276292970577522 ], [ -123.800756901019213, 33.744728222406707 ], [ -121.426545818499946, 29.173389406638439 ], [ -119.226305417989622, 24.573040060298045 ], [ -117.15420218930214, 19.952262686041472 ], [ -115.172995306819459, 15.31820624513596 ], [ -113.251279413077057, 10.677105811371543 ], [ -111.361444626635929, 6.034662584448983 ], [ -109.47808842745151, 1.396341429566128 ], [ -107.576693992162006, -3.232374394341707 ], [ -105.632436891497761, -7.845740841458052 ], [ -103.619007160124539, -12.437496136799359 ], [ -101.507342824261983, -17.000561614495972 ], [ -99.264167685195758, -21.526667696615281 ], [ -96.850213193788278, -26.005862594539277 ], [ -94.21798562116112, -30.425845353735927 ], [ -91.308925363926804, -34.771040720716464 ], [ -88.049821308429912, -39.021299002826844 ], [ -84.348455429109833, -43.150059988030776 ], [ -80.088815868395272, -47.121775995785839 ], [ -75.127165740605761, -50.888384073479976 ], [ -69.292418041064622, -54.384764809601492 ], [ -62.398460715684735, -57.523698317080218 ], [ -54.282005302423883, -60.192323900472779 ], [ -44.881179945951146, -62.254915819392934 ], [ -34.349016396766672, -63.569493778791653 ], [ -23.135208650457287, -64.02244282274836 ], [ -11.921400904147958, -63.569493778791653 ], [ -1.389237354963427, -62.254915819392934 ], [ 8.011588001509296, -60.192323900472779 ], [ 16.128043414770133, -57.523698317080218 ], [ 23.02200074015002, -54.384764809601492 ], [ 28.85674843969116, -50.888384073479976 ], [ 33.818398567480671, -47.121775995785839 ], [ 38.078038128195232, -43.150059988030776 ], [ 41.779404007515325, -39.021299002826844 ], [ 45.038508063012216, -34.771040720716464 ], [ 47.947568320246518, -30.425845353735927 ], [ 50.579795892873676, -26.005862594539277 ], [ 52.993750384281157, -21.526667696615281 ], [ 55.236925523347395, -17.000561614495972 ], [ 57.348589859209937, -12.437496136799359 ], [ 59.362019590583145, -7.845740841458052 ], [ 61.306276691247405, -3.232374394341707 ], [ 63.207671126536923, 1.396341429566128 ], [ 65.091027325721313, 6.034662584448983 ], [ 66.98086211216247, 10.677105811371543 ], [ 68.902578005904843, 15.31820624513596 ], [ 70.883784888387538, 19.952262686041472 ], [ 72.955888117075006, 24.573040060298045 ], [ 75.15612851758533, 29.173389406638439 ], [ 77.530339600104639, 33.744728222406707 ], [ 80.136815806108757, 38.276292970577522 ], [ 83.051883919332795, 42.754021497279638 ], [ 86.378055395703541, 47.158829269171925 ], [ 90.255979445574212, 51.463881788612674 ], [ 94.881569546550509, 55.630197143743331 ], [ 100.528620475530715, 59.599515545647627 ], [ 107.5715234798908, 63.283001450790209 ], [ 116.482809133291994, 66.544956709943392 ], [ 127.730224628236897, 69.185809693720785 ], [ 141.441095043610289, 70.945282147994575 ], [ 156.864791349542713, 71.569073203503208 ], [ 172.288487655475137, 70.945282147994575 ], [ 180.0, 70.945282147994575 ], [ 180.0, 90.0 ], [ -180.0, 90.0 ], [ -180.0, 69.185809693720785 ] ] ] } },
{ "type": "Feature", "properties": { "norad_cat_id": 41884, "object_name": "CYGFM05", "orbit_class": "LEO", "agency_lead": "NASA", "program": "CYGNSS", "alt_km": 399.20050002499858, "elevation_mask_deg": 0.0, "central_angle_deg": 19.76326786677323, "radius_km": 2200.0369153402621 }, "geometry": { "type": "Polygon", "coordinates": [ [ [ -45.728695557286251, 1.239314810576295 ], [ -44.039786494458092, 1.168962513660144 ], [ -42.362500540239445, 0.958450866853993 ], [ -40.708306936085002, 0.609405067880883 ], [ -39.088376479216258, 0.124499367881899 ], [ -37.513454635218636, -0.492592163531041 ], [ -35.993759089958552, -1.237260056687499 ], [ -34.538906314357902, -2.104035085747285 ], [ -33.157869299944451, -3.086670740471081 ], [ -31.858966252142771, -4.178228059537073 ], [ -30.649877935136526, -5.371158620167433 ], [ -29.537689697642726, -6.657381997750111 ], [ -28.528953031297242, -8.028354699641035 ], [ -27.629760796625522, -9.475128354956031 ], [ -26.845829906776576, -10.988395736688551 ], [ -26.18258516076639, -12.558523955515275 ], [ -25.645237929605901, -14.175574872380142 ], [ -25.238853395145988, -15.82931342914754 ], [ -24.968399925633271, -17.509205212984028 ], [ -24.838773888615542, -19.204405185104843 ], [ -24.854792750935342, -20.903740161082332 ], [ -25.021148768002796, -22.595688372186931 ], [ -25.342315082267618, -24.268360301163373 ], [ -25.822395910576194, -25.909485986645151 ], [ -26.464913115701961, -27.506415105510957 ], [ -27.27252338746143, -29.046137289492979 ], [ -28.246664177829846, -30.515331143617853 ], [ -29.387133133102076, -31.900451033663234 ], [ -30.691615545210876, -33.187860504840714 ], [ -32.155187278927443, -34.364019699482398 ], [ -33.769835733746305, -35.415730863216055 ], [ -35.524056302025954, -36.330440621425502 ], [ -37.402592599090525, -37.096590202226835 ], [ -39.386390517921278, -37.70399583113533 ], [ -41.452824219584414, -38.144232544179459 ], [ -43.576224182238803, -38.410987739995086 ], [ -45.728695557286251, -38.500348197882921 ], [ -47.881166932333699, -38.410987739995086 ], [ -50.004566894988088, -38.144232544179459 ], [ -52.071000596651224, -37.70399583113533 ], [ -54.054798515481977, -37.096590202226835 ], [ -55.933334812546548, -36.330440621425502 ], [ -57.687555380826197, -35.415730863216055 ], [ -59.302203835645059, -34.364019699482398 ], [ -60.765775569361622, -33.187860504840714 ], [ -62.070257981470427, -31.900451033663234 ], [ -63.21072693674266, -30.515331143617853 ], [ -64.184867727111069, -29.046137289492979 ], [ -64.992477998870541, -27.506415105510957 ], [ -65.634995203996311, -25.909485986645151 ], [ -66.115076032304884, -24.268360301163373 ], [ -66.436242346569713, -22.595688372186931 ], [ -66.602598363637156, -20.903740161082332 ], [ -66.618617225956967, -19.204405185104843 ], [ -66.488991188939224, -17.509205212984028 ], [ -66.218537719426507, -15.82931342914754 ], [ -65.812153184966604, -14.175574872380142 ], [ -65.274805953806109, -12.558523955515275 ], [ -64.61156120779593, -10.988395736688551 ], [ -63.827630317946983, -9.475128354956031 ], [ -62.92843808327526, -8.028354699641035 ], [ -61.919701416929776, -6.657381997750111 ], [ -60.807513179435972, -5.371158620167433 ], [ -59.598424862429731, -4.178228059537073 ], [ -58.299521814628051, -3.086670740471081 ], [ -56.9184848002146, -2.104035085747285 ], [ -55.46363202461395, -1.237260056687499 ], [ -53.943936479353866, -0.492592163531041 ], [ -52.369014635356244, 0.124499367881899 ], [ -50.7490841784875, 0.609405067880883 ], [ -49.094890574333057, 0.958450866853993 ], [ -47.41760462011441, 1.168962513660144 ], [ -45.728695557286251, 1.239314810576295 ] ] ] } },
{ "type": "Feature", "properties": { "norad_cat_id": 41885, "object_name": "CYGFM04", "orbit_class": "LEO", "agency_lead": "NASA", "program": "CYGNSS", "alt_km": 375.0598399129193, "elevation_mask_deg": 0.0, "central_angle_deg": 19.185096331020208, "radius_km": 2135.6751543890705 }, "geometry": { "type": "Polygon", "coordinates": [ [ [ 86.28444945944419, 44.553913863671639 ], [ 88.580492114869884, 44.463022047369449 ], [ 90.841627483385281, 44.191867432888799 ], [ 93.034605464621322, 43.744925351572682 ], [ 95.129285512030691, 43.129376667125477 ], [ 97.099725161689818, 42.354731511962548 ], [ 98.924821515337129, 41.432373882817444 ], [ 100.58850434192577, 40.375078500489792 ], [ 102.079545700582003, 39.196545308370844 ], [ 103.391089545665579, 37.910985037525201 ], [ 104.520014742904891, 36.532775348469265 ], [ 105.466233243801383, 35.076194361336547 ], [ 106.232001667135975, 33.555228724822179 ], [ 106.821297998442461, 31.983447252179037 ], [ 107.23929136724783, 30.373928176259881 ], [ 107.491914639304753, 28.739227435753271 ], [ 107.585537320473975, 27.091376237652007 ], [ 107.52672917542472, 25.441897727634547 ], [ 107.322101698056628, 23.801834433105789 ], [ 106.978213821762509, 22.181779915562124 ], [ 106.501528957557412, 20.591909626568828 ], [ 105.898411828193275, 19.042007255764819 ], [ 105.175155130013437, 17.541483902350649 ], [ 104.338027516559336, 16.099388236877537 ], [ 103.393335624203999, 14.72440650223955 ], [ 102.347493815729109, 13.424851784785934 ], [ 101.207096031477903, 12.208642513342392 ], [ 99.978984676180076, 11.083270648229263 ], [ 98.670311919784339, 10.055760521991477 ], [ 97.288589246463687, 9.132619790638733 ], [ 95.841721635958862, 8.319784435188094 ], [ 94.338023477059494, 7.622560190571696 ], [ 92.786214237060804, 7.045563134235073 ], [ 91.195393047647102, 6.592662396505819 ], [ 89.574992676464106, 6.266928017505173 ], [ 87.934714750209636, 6.070586839467493 ], [ 86.28444945944419, 6.004988974915599 ], [ 84.634184168678743, 6.070586839467493 ], [ 82.993906242424274, 6.266928017505173 ], [ 81.373505871241278, 6.592662396505819 ], [ 79.782684681827575, 7.045563134235073 ], [ 78.230875441828886, 7.622560190571696 ], [ 76.727177282929517, 8.319784435188094 ], [ 75.280309672424693, 9.132619790638733 ], [ 73.89858699910404, 10.055760521991477 ], [ 72.589914242708304, 11.083270648229263 ], [ 71.361802887410477, 12.208642513342392 ], [ 70.22140510315927, 13.424851784785934 ], [ 69.17556329468438, 14.72440650223955 ], [ 68.230871402329043, 16.099388236877537 ], [ 67.393743788874943, 17.541483902350649 ], [ 66.670487090695104, 19.042007255764819 ], [ 66.067369961330968, 20.591909626568828 ], [ 65.590685097125871, 22.181779915562124 ], [ 65.246797220831752, 23.801834433105789 ], [ 65.04216974346366, 25.441897727634547 ], [ 64.983361598414405, 27.091376237652007 ], [ 65.076984279583627, 28.739227435753271 ], [ 65.329607551640549, 30.373928176259881 ], [ 65.747600920445919, 31.983447252179037 ], [ 66.336897251752404, 33.555228724822179 ], [ 67.102665675086996, 35.076194361336547 ], [ 68.048884175983488, 36.532775348469265 ], [ 69.1778093732228, 37.910985037525201 ], [ 70.489353218306377, 39.196545308370844 ], [ 71.98039457696261, 40.375078500489792 ], [ 73.64407740355125, 41.432373882817444 ], [ 75.469173757198561, 42.354731511962548 ], [ 77.439613406857688, 43.129376667125477 ], [ 79.534293454267058, 43.744925351572682 ], [ 81.727271435503098, 44.191867432888799 ], [ 83.988406804018496, 44.463022047369449 ], [ 86.28444945944419, 44.553913863671639 ] ] ] } },
{ "type": "Feature", "properties": { "norad_cat_id": 41886, "object_name": "CYGFM02", "orbit_class": "LEO", "agency_lead": "NASA", "program": "CYGNSS", "alt_km": 367.37302831538858, "elevation_mask_deg": 0.0, "central_angle_deg": 18.99655676247087, "radius_km": 2114.6870256237753 }, "geometry": { "type": "Polygon", "coordinates": [ [ [ 154.428822709051815, -1.578091729460114 ], [ 156.055014710735776, -1.644976884180891 ], [ 157.670475504482255, -1.845136719934767 ], [ 159.264598066831184, -2.177092959696724 ], [ 160.827016531686752, -2.638409958433941 ], [ 162.347709385845519, -3.225735077466734 ], [ 163.817083525343634, -3.934851691040933 ], [ 165.226035415497563, -4.760741708220871 ], [ 166.565987407066359, -5.697654108803613 ], [ 167.828899077158241, -6.739175886536549 ], [ 169.007255118472074, -7.878301942718108 ], [ 170.094032679294145, -9.107500831235644 ], [ 171.0826521069786, -10.418773763050496 ], [ 171.966915776740848, -11.803704873905511 ], [ 172.74094015050926, -13.253501391725635 ], [ 173.399086493131961, -14.759022972508909 ], [ 173.935895873970537, -16.310800085834515 ], [ 174.346034295311114, -17.899041921766383 ], [ 174.62425409056334, -19.513634874306412 ], [ 174.76537816752321, -21.144133259691507 ], [ 174.76431423006494, -22.779744585648562 ], [ 174.616106725291587, -24.409312436681837 ], [ 174.316034775082358, -26.021300909951453 ], [ 173.859764491677197, -27.603785536577625 ], [ 173.24356344217685, -29.144456728875852 ], [ 172.464583069861959, -30.630642922608192 ], [ 171.521210941514141, -32.049361570680759 ], [ 170.413488096502675, -33.387406722960847 ], [ 169.143577043859722, -34.631481716532711 ], [ 167.716253129568116, -35.768384035447689 ], [ 166.139377072078133, -36.785246205976797 ], [ 164.424291790899076, -37.669831346076421 ], [ 162.58607607273467, -38.410874725372288 ], [ 160.643585999271949, -38.998454051967357 ], [ 158.619226982636292, -39.424362556886514 ], [ 156.538426968898591, -39.682452298982227 ], [ 154.428822709051815, -39.768912652016994 ], [ 152.319218449205039, -39.682452298982227 ], [ 150.238418435467338, -39.424362556886514 ], [ 148.214059418831681, -38.998454051967357 ], [ 146.27156934536896, -38.410874725372288 ], [ 144.433353627204554, -37.669831346076421 ], [ 142.718268346025496, -36.785246205976797 ], [ 141.141392288535513, -35.768384035447689 ], [ 139.714068374243908, -34.631481716532711 ], [ 138.444157321600954, -33.387406722960847 ], [ 137.336434476589488, -32.049361570680759 ], [ 136.393062348241671, -30.630642922608192 ], [ 135.61408197592678, -29.144456728875852 ], [ 134.997880926426433, -27.603785536577625 ], [ 134.541610643021272, -26.021300909951453 ], [ 134.241538692812043, -24.409312436681837 ], [ 134.09333118803869, -22.779744585648562 ], [ 134.09226725058042, -21.144133259691507 ], [ 134.233391327540289, -19.513634874306412 ], [ 134.511611122792516, -17.899041921766383 ], [ 134.921749544133093, -16.310800085834515 ], [ 135.458558924971669, -14.759022972508909 ], [ 136.116705267594369, -13.253501391725635 ], [ 136.890729641362782, -11.803704873905511 ], [ 137.77499331112503, -10.418773763050496 ], [ 138.763612738809485, -9.107500831235644 ], [ 139.850390299631556, -7.878301942718108 ], [ 141.028746340945389, -6.739175886536549 ], [ 142.291658011037271, -5.697654108803613 ], [ 143.631610002606067, -4.760741708220871 ], [ 145.040561892759996, -3.934851691040933 ], [ 146.509936032258111, -3.225735077466734 ], [ 148.030628886416878, -2.638409958433941 ], [ 149.593047351272446, -2.177092959696724 ], [ 151.187169913621375, -1.845136719934767 ], [ 152.802630707367854, -1.644976884180891 ], [ 154.428822709051815, -1.578091729460114 ] ] ] } },
{ "type": "Feature", "properties": { "norad_cat_id": 41887, "object_name": "CYGFM01", "orbit_class": "LEO", "agency_lead": "NASA", "program": "CYGNSS", "alt_km": 386.1950394744137, "elevation_mask_deg": 0.0, "central_angle_deg": 19.454351158569047, "radius_km": 2165.6484646854378 }, "geometry": { "type": "Polygon", "coordinates": [ [ [ 118.874193888579171, 45.862383813979001 ], [ 121.254970768951253, 45.768976993774857 ], [ 123.59818781139667, 45.490384133457354 ], [ 125.868171253278064, 45.031389264888105 ], [ 128.03277446247489, 44.399651492503487 ], [ 130.064586423771686, 43.605281938910004 ], [ 131.941614304125466, 42.660335562433019 ], [ 133.647446642618746, 41.578277348479844 ], [ 135.170982039896415, 40.373474268775169 ], [ 136.505850917484224, 39.060749620336949 ], [ 137.649665380939553, 37.655019792830288 ], [ 138.603214364614814, 36.171018927996272 ], [ 139.369690807156957, 34.623106290754698 ], [ 139.954005281736471, 33.025144821680513 ], [ 140.362212861218751, 31.390436623850306 ], [ 140.601059713452969, 29.731700986793506 ], [ 140.677642995746766, 28.061081916837136 ], [ 140.599170690588807, 26.390174201887177 ], [ 140.372805344782819, 24.730059239615073 ], [ 140.00557564041199, 23.091343890057683 ], [ 139.504341105094568, 21.48419733946098 ], [ 138.875797218508552, 19.918382354574959 ], [ 138.126510176952848, 18.403278398959003 ], [ 137.262972362839264, 16.947894935657203 ], [ 136.291671018235633, 15.560873920768453 ], [ 135.219163729456625, 14.250481061661178 ], [ 134.052155142341718, 13.024585922157412 ], [ 132.79756992794816, 11.890631440669257 ], [ 131.462617504462543, 10.85559390566651 ], [ 130.054844494653651, 9.925934909066228 ], [ 128.582171452396324, 9.107547259211682 ], [ 127.052911100819657, 8.405697253936257 ], [ 125.47576623284283, 7.824966053108471 ], [ 123.859806537772258, 7.369193106238614 ], [ 122.214424896619278, 7.04142464339113 ], [ 120.549275051929499, 6.843870095879254 ], [ 118.874193888579171, 6.77786896343642 ], [ 117.199112725228844, 6.843870095879254 ], [ 115.533962880539065, 7.04142464339113 ], [ 113.888581239386085, 7.369193106238614 ], [ 112.272621544315513, 7.824966053108471 ], [ 110.695476676338686, 8.405697253936257 ], [ 109.166216324762019, 9.107547259211682 ], [ 107.693543282504692, 9.925934909066228 ], [ 106.285770272695814, 10.85559390566651 ], [ 104.950817849210168, 11.890631440669257 ], [ 103.696232634816624, 13.024585922157412 ], [ 102.529224047701717, 14.250481061661178 ], [ 101.45671675892271, 15.560873920768453 ], [ 100.485415414319064, 16.947894935657203 ], [ 99.621877600205494, 18.403278398959003 ], [ 98.872590558649776, 19.918382354574959 ], [ 98.244046672063774, 21.48419733946098 ], [ 97.742812136746352, 23.091343890057683 ], [ 97.375582432375523, 24.730059239615073 ], [ 97.149217086569536, 26.390174201887177 ], [ 97.070744781411562, 28.061081916837136 ], [ 97.147328063705373, 29.731700986793506 ], [ 97.386174915939577, 31.390436623850306 ], [ 97.794382495421871, 33.025144821680513 ], [ 98.378696970001386, 34.623106290754698 ], [ 99.145173412543542, 36.171018927996272 ], [ 100.09872239621879, 37.655019792830288 ], [ 101.242536859674118, 39.060749620336949 ], [ 102.577405737261927, 40.373474268775169 ], [ 104.100941134539596, 41.578277348479844 ], [ 105.806773473032862, 42.660335562433019 ], [ 107.683801353386656, 43.605281938910004 ], [ 109.715613314683452, 44.399651492503487 ], [ 111.880216523880279, 45.031389264888105 ], [ 114.150199965761672, 45.490384133457354 ], [ 116.493417008207089, 45.768976993774857 ], [ 118.874193888579171, 45.862383813979001 ] ] ] } },
{ "type": "Feature", "properties": { "norad_cat_id": 41888, "object_name": "CYGFM08", "orbit_class": "LEO", "agency_lead": "NASA", "program": "CYGNSS", "alt_km": 383.97611439192758, "elevation_mask_deg": 0.0, "central_angle_deg": 19.401053619303376, "radius_km": 2159.7154097538491 }, "geometry": { "type": "Polygon", "coordinates": [ [ [ -8.550952305497276, 38.442143139632847 ], [ -6.438049415326478, 38.354583327401329 ], [ -4.353451725711674, 38.093189381351777 ], [ -2.324340243682467, 37.661755772566551 ], [ -0.375767493912505, 37.066407663899383 ], [ 1.470130198155616, 36.315327793723718 ], [ 3.194646688724166, 35.41841925092384 ], [ 4.782733879323457, 34.386938238174523 ], [ 6.222970362320572, 33.233128681797595 ], [ 7.507324420274013, 31.969884226112626 ], [ 8.630776823510782, 30.61045483004224 ], [ 9.590867899533254, 29.168206791404319 ], [ 10.387223737459941, 27.65643790163416 ], [ 11.021102692102538, 26.088244225216155 ], [ 11.494989218355073, 24.476431770511279 ], [ 11.812249781288301, 22.833464777483087 ], [ 11.976856160050957, 21.17144204673421 ], [ 11.99317499022489, 19.502093224371247 ], [ 11.865818449679455, 17.836787867845082 ], [ 11.599548965618091, 16.186551183889485 ], [ 11.199230081179614, 14.562081386174279 ], [ 10.669815641885748, 12.973764582988347 ], [ 10.016369849454914, 11.431683947304066 ], [ 9.244111214533895, 9.945620652913684 ], [ 8.358473861016652, 8.525044711509741 ], [ 7.365179920260276, 7.179094455553812 ], [ 6.270316899151579, 5.916544018801731 ], [ 5.080413959603765, 4.745758800889655 ], [ 3.802511095714545, 3.674639581266878 ], [ 2.444215350828294, 2.710556669523486 ], [ 1.013738601358956, 1.860276220957817 ], [ -0.480087842584455, 1.129881563231548 ], [ -2.027825432460364, 0.524693008251633 ], [ -3.619469415826799, 0.049190087123384 ], [ -5.244518809545757, -0.293059631380242 ], [ -6.892073231444432, -0.499461059793451 ], [ -8.550952305497276, -0.568437789336759 ], [ -10.209831379550121, -0.499461059793451 ], [ -11.857385801448796, -0.293059631380242 ], [ -13.482435195167753, 0.049190087123384 ], [ -15.074079178534188, 0.524693008251633 ], [ -16.621816768410099, 1.129881563231548 ], [ -18.115643212353508, 1.860276220957817 ], [ -19.546119961822846, 2.710556669523486 ], [ -20.904415706709095, 3.674639581266878 ], [ -22.182318570598319, 4.745758800889655 ], [ -23.372221510146133, 5.916544018801731 ], [ -24.467084531254827, 7.179094455553812 ], [ -25.460378472011204, 8.525044711509741 ], [ -26.346015825528447, 9.945620652913684 ], [ -27.118274460449467, 11.431683947304066 ], [ -27.7717202528803, 12.973764582988347 ], [ -28.301134692174166, 14.562081386174279 ], [ -28.701453576612643, 16.186551183889485 ], [ -28.967723060674007, 17.836787867845082 ], [ -29.095079601219442, 19.502093224371247 ], [ -29.078760771045509, 21.17144204673421 ], [ -28.914154392282853, 22.833464777483087 ], [ -28.596893829349625, 24.476431770511279 ], [ -28.12300730309709, 26.088244225216155 ], [ -27.489128348454493, 27.65643790163416 ], [ -26.692772510527806, 29.168206791404319 ], [ -25.732681434505334, 30.61045483004224 ], [ -24.609229031268566, 31.969884226112626 ], [ -23.324874973315126, 33.233128681797595 ], [ -21.884638490318011, 34.386938238174523 ], [ -20.296551299718718, 35.41841925092384 ], [ -18.572034809150168, 36.315327793723718 ], [ -16.726137117082047, 37.066407663899383 ], [ -14.777564367312085, 37.661755772566551 ], [ -12.748452885282877, 38.093189381351777 ], [ -10.663855195668074, 38.354583327401329 ], [ -8.550952305497276, 38.442143139632847 ] ] ] } },
{ "type": "Feature", "properties": { "norad_cat_id": 41890, "object_name": "CYGFM07", "orbit_class": "LEO", "agency_lead": "NASA", "program": "CYGNSS", "alt_km": 389.45105196691492, "elevation_mask_deg": 0.0, "central_angle_deg": 19.532243002434349, "radius_km": 2174.3193450814724 }, "geometry": { "type": "Polygon", "coordinates": [ [ [ -128.325040183893606, -14.953807017519571 ], [ -126.596717410246185, -15.016360277179256 ], [ -124.876960260824973, -15.203651108447403 ], [ -123.1742808343337, -15.514577463158567 ], [ -121.497088020799538, -15.947318300756121 ], [ -119.853645261663701, -16.499356199119905 ], [ -118.252038897724447, -17.167507182280982 ], [ -116.700159627190317, -17.94795609200267 ], [ -115.205698869890142, -18.836295551184822 ], [ -113.776161068879702, -19.827566403570977 ], [ -112.418892215044892, -20.916297461832873 ], [ -111.141124195096268, -22.096542440555954 ], [ -109.950033956924997, -23.361912071362234 ], [ -108.852815950356984, -24.705599571413952 ], [ -107.856765799489835, -26.120397842582211 ], [ -106.969372630223376, -27.598707000904302 ], [ -106.19841682009455, -29.132531067851271 ], [ -105.552069035043758, -30.71346290190429 ], [ -105.038985117756965, -32.332656732163827 ], [ -104.668389514682872, -33.980788015910896 ], [ -104.45013727167597, -35.648000844131474 ], [ -104.39474098756169, -37.32384385733323 ], [ -104.513344332059333, -38.99719673676038 ], [ -104.817617790719041, -40.656190966174307 ], [ -105.319545486762323, -42.288130904618171 ], [ -106.031065127088127, -43.87942445303527 ], [ -106.963518188768987, -45.415536843635074 ], [ -108.126867711508339, -46.880986230976575 ], [ -109.528651586104246, -48.259405304678893 ], [ -111.172666680632702, -49.533697874912384 ], [ -113.057430173731007, -50.686321160288017 ], [ -115.17454195380553, -51.699720223698321 ], [ -117.507168835346704, -52.556927141203687 ], [ -120.028963938764633, -53.242311649434939 ], [ -122.703780726880609, -53.742433355549579 ], [ -125.486491095086123, -54.046905238439983 ], [ -128.325040183893606, -54.149147483277879 ], [ -131.163589272701074, -54.046905238439983 ], [ -133.946299640906602, -53.742433355549579 ], [ -136.621116429022578, -53.242311649434939 ], [ -139.142911532440507, -52.556927141203687 ], [ -141.475538413981695, -51.699720223698321 ], [ -143.592650194056205, -50.686321160288017 ], [ -145.477413687154524, -49.533697874912384 ], [ -147.121428781682965, -48.259405304678893 ], [ -148.523212656278872, -46.880986230976575 ], [ -149.68656217901821, -45.415536843635074 ], [ -150.619015240699099, -43.87942445303527 ], [ -151.330534881024874, -42.288130904618171 ], [ -151.832462577068156, -40.656190966174307 ], [ -152.136736035727893, -38.99719673676038 ], [ -152.255339380225507, -37.32384385733323 ], [ -152.199943096111241, -35.648000844131474 ], [ -151.98169085310434, -33.980788015910896 ], [ -151.611095250030246, -32.332656732163827 ], [ -151.098011332743454, -30.71346290190429 ], [ -150.451663547692675, -29.132531067851271 ], [ -149.680707737563836, -27.598707000904302 ], [ -148.793314568297376, -26.120397842582211 ], [ -147.797264417430227, -24.705599571413952 ], [ -146.700046410862228, -23.361912071362234 ], [ -145.508956172690944, -22.096542440555954 ], [ -144.231188152742334, -20.916297461832873 ], [ -142.873919298907509, -19.827566403570977 ], [ -141.444381497897069, -18.836295551184822 ], [ -139.949920740596895, -17.94795609200267 ], [ -138.398041470062765, -17.167507182280982 ], [ -136.796435106123511, -16.499356199119905 ], [ -135.152992346987673, -15.947318300756121 ], [ -133.475799533453511, -15.514577463158567 ], [ -131.773120106962239, -15.203651108447403 ], [ -130.053362957541026, -15.016360277179256 ], [ -128.325040183893606, -14.953807017519571 ] ] ] } },
{ "type": "Feature", "properties": { "norad_cat_id": 41891, "object_name": "CYGFM03", "orbit_class": "LEO", "agency_lead": "NASA", "program": "CYGNSS", "alt_km": 382.98069656212255, "elevation_mask_deg": 0.0, "central_angle_deg": 19.377086961204792, "radius_km": 2157.0474535782978 }, "geometry": { "type": "Polygon", "coordinates": [ [ [ 31.167021214849697, 53.983004363177855 ], [ 33.972763418625775, 53.881928885848787 ], [ 36.723857504435131, 53.580906284785854 ], [ 39.36930398825637, 53.08637028638416 ], [ 41.86479111576589, 52.408485810237948 ], [ 44.174696814619217, 51.560421465183559 ], [ 46.27290705838503, 50.557513813172882 ], [ 48.14257109789034, 49.416439434404346 ], [ 49.775084143377967, 48.154482192386631 ], [ 51.168639260104442, 46.78894489430855 ], [ 52.326649590559498, 45.336719434913526 ], [ 53.256255748513453, 43.814004428435872 ], [ 53.967041274760746, 42.236145580826943 ], [ 54.47000443697798, 40.617569504826221 ], [ 54.776784761619794, 38.971783060246267 ], [ 54.899115254015015, 37.311414651151367 ], [ 54.848460222660961, 35.648279153195809 ], [ 54.635797709091129, 33.99345308948152 ], [ 54.271509842845134, 32.357350794543798 ], [ 53.765350760944031, 30.749795482125901 ], [ 53.126468199879213, 29.180081449279481 ], [ 52.363460585129026, 27.657025273374202 ], [ 51.484456087649463, 26.189004966953739 ], [ 50.497203680561171, 24.783986804032686 ], [ 49.409168849898464, 23.449540044595182 ], [ 48.227628479315833, 22.192840153859617 ], [ 46.95976073143796, 21.020661403186367 ], [ 45.612726660939856, 19.939359990693703 ], [ 44.193740963096758, 18.954849052972257 ], [ 42.710129805183783, 18.072567160671252 ], [ 41.16937419768368, 17.297442094064678 ], [ 39.579137901135077, 16.633851865074117 ], [ 37.947279468333456, 16.08558506930634 ], [ 36.281848698815139, 15.655802693466827 ], [ 34.591068515575465, 15.347003450353817 ], [ 32.883304023050762, 15.160994552011353 ], [ 31.167021214849697, 15.098869557447319 ], [ 29.450738406648632, 15.160994552011353 ], [ 27.742973914123926, 15.347003450353817 ], [ 26.052193730884255, 15.655802693466827 ], [ 24.386762961365939, 16.08558506930634 ], [ 22.754904528564317, 16.633851865074117 ], [ 21.164668232015714, 17.297442094064678 ], [ 19.623912624515611, 18.072567160671252 ], [ 18.140301466602637, 18.954849052972257 ], [ 16.721315768759535, 19.939359990693703 ], [ 15.374281698261433, 21.020661403186367 ], [ 14.106413950383562, 22.192840153859617 ], [ 12.924873579800927, 23.449540044595182 ], [ 11.83683874913822, 24.783986804032686 ], [ 10.849586342049928, 26.189004966953739 ], [ 9.970581844570368, 27.657025273374202 ], [ 9.207574229820178, 29.180081449279481 ], [ 8.568691668755363, 30.749795482125901 ], [ 8.06253258685426, 32.357350794543798 ], [ 7.698244720608265, 33.99345308948152 ], [ 7.48558220703843, 35.648279153195809 ], [ 7.434927175684376, 37.311414651151367 ], [ 7.557257668079597, 38.971783060246267 ], [ 7.864037992721414, 40.617569504826221 ], [ 8.367001154938649, 42.236145580826943 ], [ 9.077786681185938, 43.814004428435872 ], [ 10.007392839139893, 45.336719434913526 ], [ 11.165403169594953, 46.78894489430855 ], [ 12.558958286321424, 48.154482192386631 ], [ 14.191471331809051, 49.416439434404346 ], [ 16.061135371314364, 50.557513813172882 ], [ 18.159345615080177, 51.560421465183559 ], [ 20.469251313933505, 52.408485810237948 ], [ 22.964738441443025, 53.08637028638416 ], [ 25.610184925264264, 53.580906284785854 ], [ 28.36127901107362, 53.881928885848787 ], [ 31.167021214849697, 53.983004363177855 ] ] ] } },
{ "type": "Feature", "properties": { "norad_cat_id": 42915, "object_name": "TDRS 13", "orbit_class": "GEO", "agency_lead": "NASA", "program": "TDRSS", "alt_km": 35806.300715427307, "elevation_mask_deg": 0.0, "central_angle_deg": 81.303731368087682, "radius_km": 9050.6899754886235 }, "geometry": { "type": "Polygon", "coordinates": [ [ [ -11.560525994023038, 81.68831804482366 ], [ 19.137515479186263, 80.319211753104938 ], [ 38.209918537667228, 77.052875668067372 ], [ 48.834260657515038, 72.945870864633292 ], [ 55.141270008336434, 68.473067750229646 ], [ 59.192015317365176, 63.82015171405034 ], [ 61.961951725512591, 59.067143866692589 ], [ 63.946085964004808, 54.252847993870006 ], [ 65.416121412205769, 49.39805855647711 ], [ 66.531627525926581, 44.514873243910955 ], [ 67.39161822852661, 39.610843170351231 ], [ 68.060278523214294, 34.690993600028264 ], [ 68.58064367953439, 29.758881720665464 ], [ 68.982276214122678, 24.817183773349267 ], [ 69.285769116244268, 19.868036635961897 ], [ 69.50547890930838, 14.913244167008049 ], [ 69.651220725951646, 9.954405822306034 ], [ 69.729322592911188, 4.992999370538048 ], [ 69.743259422909119, 0.030436491591767 ], [ 69.693987981448956, -4.93189672104838 ], [ 69.580043265228539, -9.892605736024302 ], [ 69.397413680143586, -14.850252801160224 ], [ 69.13917437149621, -19.803314038758327 ], [ 68.794814407099665, -24.7501193885691 ], [ 68.349131326551259, -29.688762563427897 ], [ 67.78046489734399, -34.616960776693766 ], [ 67.057861117919302, -39.531829839383349 ], [ 66.136415983954876, -44.429512480312532 ], [ 64.949367731279168, -49.304540990205922 ], [ 63.394072517437053, -54.148692583558862 ], [ 61.305796893922249, -58.948812343842867 ], [ 58.405663978528182, -63.682370768709156 ], [ 54.190094501863072, -68.307594855750708 ], [ 47.681478753997723, -72.739279367734383 ], [ 36.870655373320531, -76.783606633458206 ], [ 17.94923434246666, -79.963247425405712 ], [ -11.560525994023038, -81.276808556117302 ], [ -41.070286330512737, -79.963247425405712 ], [ -59.991707361366608, -76.783606633458206 ], [ -70.8025307420438, -72.739279367734383 ], [ -77.311146489909149, -68.307594855750708 ], [ -81.526715966574258, -63.682370768709156 ], [ -84.426848881968326, -58.948812343842867 ], [ -86.515124505483129, -54.148692583558862 ], [ -88.070419719325244, -49.304540990205922 ], [ -89.257467972000953, -44.429512480312532 ], [ -90.178913105965378, -39.531829839383349 ], [ -90.901516885390066, -34.616960776693766 ], [ -91.470183314597335, -29.688762563427897 ], [ -91.915866395145741, -24.7501193885691 ], [ -92.260226359542287, -19.803314038758327 ], [ -92.518465668189663, -14.850252801160224 ], [ -92.701095253274616, -9.892605736024302 ], [ -92.815039969495032, -4.93189672104838 ], [ -92.864311410955196, 0.030436491591767 ], [ -92.850374580957265, 4.992999370538048 ], [ -92.772272713997722, 9.954405822306034 ], [ -92.626530897354456, 14.913244167008049 ], [ -92.406821104290344, 19.868036635961897 ], [ -92.103328202168754, 24.817183773349267 ], [ -91.701695667580466, 29.758881720665464 ], [ -91.18133051126037, 34.690993600028264 ], [ -90.512670216572687, 39.610843170351231 ], [ -89.652679513972657, 44.514873243910955 ], [ -88.537173400251845, 49.39805855647711 ], [ -87.067137952050885, 54.252847993870006 ], [ -85.083003713558668, 59.067143866692589 ], [ -82.313067305411252, 63.82015171405034 ], [ -78.262321996382511, 68.473067750229646 ], [ -71.955312645561122, 72.945870864633292 ], [ -61.330970525713305, 77.052875668067372 ], [ -42.258567467232339, 80.319211753104938 ], [ -11.560525994023038, 81.68831804482366 ] ] ] } },
{ "type": "Feature", "properties": { "norad_cat_id": 43476, "object_name": "GRACE-FO 1", "orbit_class": "LEO", "agency_lead": "NASA", "program": "GRACE-FO", "alt_km": 467.48696831408796, "elevation_mask_deg": 0.0, "central_angle_deg": 21.297022864739169, "radius_km": 2370.7737407154686 }, "geometry": { "type": "Polygon", "coordinates": [ [ [ -180.0, 79.199375569879564 ], [ -172.00552959904914, 79.199375569879564 ], [ -162.717168021985543, 78.816234406429729 ], [ -153.953346241479721, 78.304463827996187 ], [ -145.770747329775787, 77.683447392774326 ], [ -138.173535656548466, 76.972854035277393 ], [ -131.13072807599346, 76.191138715855644 ], [ -124.592215301932242, 75.35479227590794 ], [ -118.50052597605476, 74.478130146184526 ], [ -112.798185788116285, 73.573392893096567 ], [ -107.431679768349511, 72.650989461212788 ], [ -102.353181898950609, 71.719780486551826 ], [ -97.520976660064633, 70.78734896131165 ], [ -92.899193882279064, 69.86023623241536 ], [ -88.457233625167589, 68.94413778646252 ], [ -84.169091845912092, 68.04406100290052 ], [ -80.012695425831595, 67.164450014864627 ], [ -75.969296250723545, 66.309283418399275 ], [ -72.022942020768539, 65.482150141944246 ], [ -68.160025139369949, 64.686308001427889 ], [ -64.368903472318095, 63.924728635329373 ], [ -60.639583902712218, 63.200131767231184 ], [ -56.963459122301742, 62.515011120065836 ], [ -53.333088727749612, 61.871653806140849 ], [ -49.742016757779879, 61.272154624507138 ], [ -46.184618972984538, 60.718426392813143 ], [ -42.65597428327095, 60.212207205912776 ], [ -39.151755702789899, 59.755065332300006 ], [ -35.668137041210343, 59.348402319051146 ], [ -32.201712228781133, 58.993454766233398 ], [ -28.749424735549951, 58.691295144845654 ], [ -25.30850499981716, 58.442831962306116 ], [ -21.876414144136959, 58.248809521748619 ], [ -18.450792543610959, 58.10980747251584 ], [ -15.029412033007134, 58.026240306680123 ], [ -11.610130706014189, 57.99835691826771 ], [ -8.190849379021245, 58.026240306680123 ], [ -4.76946886841742, 58.10980747251584 ], [ -1.34384726789142, 58.248809521748619 ], [ 2.088243587788781, 58.442831962306116 ], [ 5.529163323521573, 58.691295144845654 ], [ 8.981450816752755, 58.993454766233398 ], [ 12.447875629181965, 59.348402319051146 ], [ 15.93149429076152, 59.755065332300006 ], [ 19.435712871242572, 60.212207205912776 ], [ 22.964357560956159, 60.718426392813143 ], [ 26.521755345751501, 61.272154624507138 ], [ 30.112827315721233, 61.871653806140849 ], [ 33.743197710273364, 62.515011120065836 ], [ 37.41932249068384, 63.200131767231184 ], [ 41.148642060289717, 63.924728635329373 ], [ 44.939763727341585, 64.686308001427889 ], [ 48.802680608740161, 65.482150141944246 ], [ 52.749034838695167, 66.309283418399275 ], [ 56.792434013803216, 67.164450014864627 ], [ 60.9488304338837, 68.04406100290052 ], [ 65.236972213139211, 68.94413778646252 ], [ 69.678932470250686, 69.86023623241536 ], [ 74.300715248036255, 70.78734896131165 ], [ 79.132920486922217, 71.719780486551826 ], [ 84.211418356321133, 72.650989461212788 ], [ 89.577924376087935, 73.573392893096567 ], [ 95.280264564026368, 74.478130146184526 ], [ 101.371953889903864, 75.35479227590794 ], [ 107.91046666396511, 76.191138715855644 ], [ 114.953274244520117, 76.972854035277393 ], [ 122.550485917747437, 77.683447392774326 ], [ 130.733084829451343, 78.304463827996187 ], [ 139.496906609957136, 78.816234406429729 ], [ 148.785268187020733, 79.199375569879564 ], [ 158.477109694040337, 79.43705939090367 ], [ 168.389869293985839, 79.517675187172742 ], [ 178.302628893931342, 79.43705939090367 ], [ 180.0, 79.43705939090367 ], [ 180.0, 90.0 ], [ -180.0, 90.0 ], [ -180.0, 79.199375569879564 ] ] ] } },
{ "type": "Feature", "properties": { "norad_cat_id": 43477, "object_name": "GRACE-FO 2", "orbit_class": "LEO", "agency_lead": "NASA", "program": "GRACE-FO", "alt_km": 467.48682690256459, "elevation_mask_deg": 0.0, "central_angle_deg": 21.297019828569578, "radius_km": 2370.773402730616 }, "geometry": { "type": "Polygon", "coordinates": [ [ [ -180.0, 77.664193986716697 ], [ -175.454554125273944, 77.664193986716697 ], [ -167.177630538823024, 77.376472419578505 ], [ -159.203118451404094, 76.987106867049093 ], [ -151.58299553099269, 76.507539616577589 ], [ -144.34225055011234, 75.950245449240711 ], [ -137.483656097672792, 75.327835252483283 ], [ -130.99390062991867, 74.652423795112213 ], [ -124.849455929204922, 73.935254619593053 ], [ -119.021344805731701, 73.186528834605852 ], [ -113.478593574582447, 72.415373345290689 ], [ -108.190501728867773, 71.629892338104327 ], [ -103.127992512308538, 70.837260771406605 ], [ -98.264314554098135, 70.043833006461512 ], [ -93.575318102751851, 69.255250827358978 ], [ -89.039470930429985, 68.476542670172876 ], [ -84.637727082602794, 67.712210593444965 ], [ -80.353321816482065, 66.966304227202457 ], [ -76.171537929704385, 66.242482354239144 ], [ -72.079469865288104, 65.544063420408591 ], [ -68.065799915467423, 64.874066477611308 ], [ -64.120593392105647, 64.235244041655093 ], [ -60.235115197376558, 63.630108218684228 ], [ -56.40166771393389, 63.060951285960087 ], [ -52.613448606093613, 62.529861740754328 ], [ -48.864426509221175, 62.038736671766301 ], [ -45.149232384590249, 61.589291167337052 ], [ -41.463064346426222, 61.183065354970282 ], [ -37.801603914391592, 60.821429565856647 ], [ -34.160941841838678, 60.505588033724266 ], [ -30.537511879391587, 60.236581466637091 ], [ -26.928031033631839, 60.01528877069034 ], [ -23.329445060865055, 59.842428153571078 ], [ -19.738878091068415, 59.718557791674726 ], [ -16.153585405369, 59.644076205253256 ], [ -12.570908491671958, 59.61922245057913 ], [ -8.988231577974943, 59.644076205253256 ], [ -5.402938892275529, 59.718557791674726 ], [ -1.812371922478889, 59.842428153571078 ], [ 1.786214050287896, 60.01528877069034 ], [ 5.395694896047644, 60.236581466637091 ], [ 9.019124858494735, 60.505588033724266 ], [ 12.659786931047648, 60.821429565856647 ], [ 16.321247363082307, 61.183065354970282 ], [ 20.007415401246305, 61.589291167337052 ], [ 23.722609525877232, 62.038736671766301 ], [ 27.471631622749697, 62.529861740754328 ], [ 31.25985073058996, 63.060951285960087 ], [ 35.093298214032643, 63.630108218684228 ], [ 38.978776408761718, 64.235244041655093 ], [ 42.923982932123494, 64.874066477611308 ], [ 46.93765288194416, 65.544063420408591 ], [ 51.029720946360442, 66.242482354239144 ], [ 55.211504833138122, 66.966304227202457 ], [ 59.49591009925885, 67.712210593444965 ], [ 63.897653947086042, 68.476542670172876 ], [ 68.433501119407907, 69.255250827358978 ], [ 73.122497570754206, 70.043833006461512 ], [ 77.986175528964623, 70.837260771406605 ], [ 83.048684745523815, 71.629892338104327 ], [ 88.336776591238504, 72.415373345290689 ], [ 93.879527822387786, 73.186528834605852 ], [ 99.707638945860992, 73.935254619593053 ], [ 105.852083646574727, 74.652423795112213 ], [ 112.341839114328877, 75.327835252483283 ], [ 119.200433566768424, 75.950245449240711 ], [ 126.441178547648747, 76.507539616577589 ], [ 134.061301468060151, 76.987106867049093 ], [ 142.035813555479081, 77.376472419578505 ], [ 150.312737141930029, 77.664193986716697 ], [ 158.811883333689707, 77.840941847316174 ], [ 167.429091508328042, 77.900573744378079 ], [ 176.046299682966378, 77.840941847316174 ], [ 180.0, 77.840941847316174 ], [ 180.0, 90.0 ], [ -180.0, 90.0 ], [ -180.0, 77.664193986716697 ] ] ] } },
{ "type": "Feature", "properties": { "norad_cat_id": 43613, "object_name": "ICESAT-2", "orbit_class": "LEO", "agency_lead": "NASA", "program": "ICESat-2", "alt_km": 486.0161694383379, "elevation_mask_deg": 0.0, "central_angle_deg": 21.690319641463624, "radius_km": 2414.5553376310704 }, "geometry": { "type": "Polygon", "coordinates": [ [ [ 103.716755939741574, 50.617961815268259 ], [ 106.614079967355266, 50.50693652127412 ], [ 109.456575058135172, 50.176235868612338 ], [ 112.19303632482567, 49.632794081184791 ], [ 114.778902267573869, 48.887567263944518 ], [ 117.178244820290772, 47.95474993435721 ], [ 119.364584065808955, 46.850875186809503 ], [ 121.320646292303039, 45.593923658489238 ], [ 123.037353182762274, 44.202535652687615 ], [ 124.512381272242976, 42.695379599487929 ], [ 125.748591006233312, 41.090692144206592 ], [ 126.752539454866252, 39.40597803986747 ], [ 127.533199571124428, 37.657843117757253 ], [ 128.100934754330069, 35.861928642567769 ], [ 128.466727799253249, 34.032916802161516 ], [ 128.641635918586474, 32.184581741490042 ], [ 128.636432435781501, 30.329866178529464 ], [ 128.461394745165165, 28.480968948415374 ], [ 128.126202359908888, 26.649433237007425 ], [ 127.63991509009719, 24.846228654498194 ], [ 127.01100775349687, 23.081822757597841 ], [ 126.247443409022566, 21.366239338742069 ], [ 125.356771584537654, 19.709101960103151 ], [ 124.346241329372432, 18.119661995494088 ], [ 123.222921291618732, 16.606810998252016 ], [ 121.993820593531041, 15.17907764759069 ], [ 120.666005260775705, 13.844609918330629 ], [ 119.246705551353202, 12.61114352024364 ], [ 117.743409911704191, 11.485958089308797 ], [ 116.163941626244494, 10.475823086580043 ], [ 114.516514664387941, 9.586935852239954 ], [ 112.809765876704674, 8.824854735008698 ], [ 111.05276161812229, 8.194430618180025 ], [ 109.254978097432996, 7.699740433332944 ], [ 107.426256225544961, 7.344026332959881 ], [ 105.576733357120958, 7.129644037815875 ], [ 103.716755939741574, 7.058023460235136 ], [ 101.856778522362191, 7.129644037815875 ], [ 100.007255653938188, 7.344026332959881 ], [ 98.178533782050152, 7.699740433332944 ], [ 96.380750261360859, 8.194430618180025 ], [ 94.623746002778475, 8.824854735008698 ], [ 92.916997215095208, 9.586935852239954 ], [ 91.269570253238655, 10.475823086580043 ], [ 89.690101967778958, 11.485958089308797 ], [ 88.186806328129947, 12.61114352024364 ], [ 86.767506618707444, 13.844609918330629 ], [ 85.439691285952108, 15.17907764759069 ], [ 84.210590587864417, 16.606810998252016 ], [ 83.087270550110716, 18.119661995494088 ], [ 82.076740294945495, 19.709101960103151 ], [ 81.186068470460583, 21.366239338742069 ], [ 80.422504125986279, 23.081822757597841 ], [ 79.793596789385958, 24.846228654498194 ], [ 79.307309519574261, 26.649433237007425 ], [ 78.972117134317998, 28.480968948415374 ], [ 78.797079443701648, 30.329866178529464 ], [ 78.791875960896675, 32.184581741490042 ], [ 78.9667840802299, 34.032916802161516 ], [ 79.33257712515308, 35.861928642567769 ], [ 79.900312308358721, 37.657843117757253 ], [ 80.680972424616897, 39.40597803986747 ], [ 81.684920873249837, 41.090692144206592 ], [ 82.921130607240173, 42.695379599487929 ], [ 84.396158696720875, 44.202535652687615 ], [ 86.11286558718011, 45.593923658489238 ], [ 88.068927813674193, 46.850875186809503 ], [ 90.255267059192377, 47.95474993435721 ], [ 92.654609611909279, 48.887567263944518 ], [ 95.240475554657479, 49.632794081184791 ], [ 97.976936821347977, 50.176235868612338 ], [ 100.819431912127882, 50.50693652127412 ], [ 103.716755939741574, 50.617961815268259 ] ] ] } },
{ "type": "Feature", "properties": { "norad_cat_id": 49044, "object_name": "ISS (NAUKA)", "orbit_class": "LEO", "agency_lead": "NASA", "program": "ISS", "alt_km": 426.88230154327397, "elevation_mask_deg": 0.0, "central_angle_deg": 20.402053758217725, "radius_km": 2271.1462355017902 }, "geometry": { "type": "Polygon", "coordinates": [ [ [ 51.397756245940805, -16.693255851426716 ], [ 53.215420615094537, -16.756908052813984 ], [ 55.024702725249071, -16.94750476264241 ], [ 56.817269756033816, -17.26397103805078 ], [ 58.584883898261943, -17.704530836256048 ], [ 60.319440417939148, -18.266729375407188 ], [ 62.012994990735422, -18.947462642199046 ], [ 63.657777658310323, -19.743012395487781 ], [ 65.246191420897958, -20.64908473234431 ], [ 66.770794170583343, -21.660850109131339 ], [ 68.22426332983558, -22.772982640091417 ], [ 69.59934314866706, -23.979696514632579 ], [ 70.888775111836452, -25.274777460401051 ], [ 72.085212321686754, -26.651607307815976 ], [ 73.181119088451666, -28.103179859406399 ], [ 74.168657345589764, -29.622106414989119 ], [ 75.039562015384249, -31.200609440437756 ], [ 75.785008223244631, -32.830502994047592 ], [ 76.395474491923849, -34.503158656565546 ], [ 76.860607996080716, -36.209455886434633 ], [ 77.169100955431901, -37.939716007594704 ], [ 77.308591703874413, -39.683619540562475 ], [ 77.265610367858969, -41.430107470539625 ], [ 77.025597886515115, -43.16726854191036 ], [ 76.573038587423099, -44.882217092785162 ], [ 75.891760417425303, -46.560969690517851 ], [ 74.96547171581922, -48.188334322801687 ], [ 73.778615333024078, -49.747833451989031 ], [ 72.317622533953113, -51.221691759125285 ], [ 70.572628290854283, -52.590929873667633 ], [ 68.539649752156521, -53.835614148867727 ], [ 66.223114690188439, -54.935314627782489 ], [ 63.638452566391457, -55.869811507295175 ], [ 60.814254759537391, -56.620057052758874 ], [ 57.793348355805136, -57.169341885616326 ], [ 54.632127761703643, -57.504539982220528 ], [ 51.397756245940805, -57.617239399074442 ], [ 48.163384730177967, -57.504539982220528 ], [ 45.002164136076473, -57.169341885616326 ], [ 41.981257732344218, -56.620057052758874 ], [ 39.157059925490152, -55.869811507295175 ], [ 36.572397801693164, -54.935314627782489 ], [ 34.255862739725089, -53.835614148867727 ], [ 32.222884201027327, -52.590929873667633 ], [ 30.477889957928497, -51.221691759125285 ], [ 29.016897158857532, -49.747833451989031 ], [ 27.830040776062386, -48.188334322801687 ], [ 26.90375207445631, -46.560969690517851 ], [ 26.222473904458518, -44.882217092785162 ], [ 25.769914605366495, -43.16726854191036 ], [ 25.529902124022641, -41.430107470539625 ], [ 25.486920788007193, -39.683619540562475 ], [ 25.626411536449705, -37.939716007594704 ], [ 25.93490449580089, -36.209455886434633 ], [ 26.400037999957757, -34.503158656565546 ], [ 27.010504268636971, -32.830502994047592 ], [ 27.755950476497357, -31.200609440437756 ], [ 28.626855146291849, -29.622106414989119 ], [ 29.61439340342994, -28.103179859406399 ], [ 30.710300170194849, -26.651607307815976 ], [ 31.906737380045158, -25.274777460401051 ], [ 33.196169343214542, -23.979696514632579 ], [ 34.57124916204603, -22.772982640091417 ], [ 36.024718321298266, -21.660850109131339 ], [ 37.549321070983659, -20.64908473234431 ], [ 39.137734833571287, -19.743012395487781 ], [ 40.782517501146188, -18.947462642199046 ], [ 42.476072073942461, -18.266729375407188 ], [ 44.210628593619667, -17.704530836256048 ], [ 45.978242735847793, -17.26397103805078 ], [ 47.770809766632539, -16.94750476264241 ], [ 49.580091876787073, -16.756908052813984 ], [ 51.397756245940805, -16.693255851426716 ] ] ] } },
{ "type": "Feature", "properties": { "norad_cat_id": 54754, "object_name": "SWOT", "orbit_class": "LEO", "agency_lead": "NASA", "program": "SWOT", "alt_km": 908.63208536734055, "elevation_mask_deg": 0.0, "central_angle_deg": 28.919043968539818, "radius_km": 3219.253248806142 }, "geometry": { "type": "Polygon", "coordinates": [ [ [ -47.09831340192104, -11.615743711673467 ], [ -44.632296932388272, -11.698004892521398 ], [ -42.17609651068485, -11.944305645229329 ], [ -39.739404163275154, -12.35320798531038 ], [ -37.3316725001892, -12.922349248809935 ], [ -34.962015911851864, -13.648490880457897 ], [ -32.639135105139346, -14.527582597436638 ], [ -30.371270135775681, -15.554838254868868 ], [ -28.166185364827051, -16.724819272416092 ], [ -26.031188137897836, -18.031521326604452 ], [ -23.97318166669697, -19.468460132781136 ], [ -21.998751741021682, -21.028752466071325 ], [ -20.114286610980518, -22.705189017190087 ], [ -18.32612969580866, -24.4902961562277 ], [ -16.640765700068208, -26.376384099507867 ], [ -15.065042236454772, -28.355579264292995 ], [ -13.606431156114958, -30.419838685711646 ], [ -12.273336479093786, -32.560944197289103 ], [ -11.07545912660629, -34.770473576193929 ], [ -10.024232614793938, -37.03974495010636 ], [ -9.133348460739086, -39.35972935468552 ], [ -8.419395093790556, -41.72092428563176 ], [ -7.902638958265577, -44.113178235292899 ], [ -7.607979702827159, -46.525452341480253 ], [ -7.566109380814403, -48.945500234644172 ], [ -7.814890983484084, -51.35944096722487 ], [ -8.400929282441474, -53.751193156285069 ], [ -9.381207680191302, -56.10173329212337 ], [ -10.824455723672294, -58.388143159786026 ], [ -12.811507430381447, -60.582433336622685 ], [ -15.433201368358517, -62.65019798435749 ], [ -18.783312627571696, -64.549316350578835 ], [ -22.942902593606192, -66.22922664413602 ], [ -27.95262401590595, -67.631769801786476 ], [ -33.773809309872043, -68.69502860808133 ], [ -40.25045657406185, -69.361316482159594 ], [ -47.09831340192104, -69.588591452616001 ], [ -53.946170229780229, -69.361316482159594 ], [ -60.422817493970037, -68.69502860808133 ], [ -66.244002787936125, -67.631769801786476 ], [ -71.253724210235887, -66.22922664413602 ], [ -75.413314176270376, -64.549316350578835 ], [ -78.763425435483555, -62.65019798435749 ], [ -81.38511937346064, -60.582433336622685 ], [ -83.372171080169778, -58.388143159786026 ], [ -84.81541912365077, -56.10173329212337 ], [ -85.795697521400598, -53.751193156285069 ], [ -86.381735820357989, -51.35944096722487 ], [ -86.630517423027669, -48.945500234644172 ], [ -86.588647101014914, -46.525452341480253 ], [ -86.29398784557651, -44.113178235292899 ], [ -85.777231710051524, -41.72092428563176 ], [ -85.063278343102994, -39.35972935468552 ], [ -84.172394189048134, -37.03974495010636 ], [ -83.121167677235789, -34.770473576193929 ], [ -81.923290324748294, -32.560944197289103 ], [ -80.590195647727114, -30.419838685711646 ], [ -79.131584567387307, -28.355579264292995 ], [ -77.555861103773879, -26.376384099507867 ], [ -75.870497108033419, -24.4902961562277 ], [ -74.082340192861565, -22.705189017190087 ], [ -72.197875062820401, -21.028752466071325 ], [ -70.223445137145106, -19.468460132781136 ], [ -68.165438665944237, -18.031521326604452 ], [ -66.030441439015021, -16.724819272416092 ], [ -63.825356668066398, -15.554838254868868 ], [ -61.557491698702734, -14.527582597436638 ], [ -59.234610891990215, -13.648490880457897 ], [ -56.86495430365288, -12.922349248809935 ], [ -54.457222640566926, -12.35320798531038 ], [ -52.020530293157229, -11.944305645229329 ], [ -49.564329871453808, -11.698004892521398 ], [ -47.09831340192104, -11.615743711673467 ] ] ] } },
{ "type": "Feature", "properties": { "norad_cat_id": 58928, "object_name": "PACE", "orbit_class": "LEO", "agency_lead": "NASA", "program": "PACE", "alt_km": 677.56312363927248, "elevation_mask_deg": 0.0, "central_angle_deg": 25.315165844994379, "radius_km": 2818.0713712120451 }, "geometry": { "type": "Polygon", "coordinates": [ [ [ -55.938601196148518, 57.1167978032177 ], [ -52.027294691756033, 56.971340459717382 ], [ -48.217304585086225, 56.539399470554791 ], [ -44.599694477535678, 55.833714437314448 ], [ -41.247549017890805, 54.873832782742419 ], [ -38.212212960309174, 53.684063179106182 ], [ -35.523455728878019, 52.291347517418835 ], [ -33.192445246755447, 50.723414013668297 ], [ -31.216077313588535, 49.007398084839878 ], [ -29.581450939770313, 47.168957789366168 ], [ -28.269756661678198, 45.231811421746031 ], [ -27.259283504398557, 43.217586694228032 ], [ -26.527539636122729, 41.145873337293295 ], [ -26.052623982536918, 39.034392102538824 ], [ -25.814027585334234, 36.899218298996054 ], [ -25.793031620009447, 34.75501986282066 ], [ -25.972836443330607, 32.615286285276277 ], [ -26.33852071881596, 30.492535756449605 ], [ -26.8768993146074, 28.398494772366423 ], [ -27.57632541790149, 26.34424843931976 ], [ -28.426465743002996, 24.340361810296379 ], [ -29.418066533717791, 22.396973546229095 ], [ -30.54272089818528, 20.523863513225141 ], [ -31.792643698928881, 18.730495934041397 ], [ -33.160457857904262, 17.02603961623015 ], [ -34.638994868754899, 15.419366710354691 ], [ -36.221112057474528, 13.919031487553235 ], [ -37.899529339831346, 12.533230808290211 ], [ -39.666688607120321, 11.269748296187123 ], [ -41.514639197507378, 10.135884718628825 ], [ -43.434952981928902, 9.138377669450394 ], [ -45.418672254819683, 8.283314283196543 ], [ -47.456292768397844, 7.576041298481708 ], [ -49.537782855335898, 7.021077229866816 ], [ -51.652637708451678, 6.622031603256668 ], [ -53.789965683000112, 6.381536075605434 ], [ -55.938601196148518, 6.301191746437498 ], [ -58.087236709296924, 6.381536075605434 ], [ -60.224564683845358, 6.622031603256668 ], [ -62.339419536961138, 7.021077229866816 ], [ -64.420909623899192, 7.576041298481708 ], [ -66.458530137477354, 8.283314283196543 ], [ -68.442249410368134, 9.138377669450394 ], [ -70.362563194789658, 10.135884718628825 ], [ -72.210513785176715, 11.269748296187123 ], [ -73.97767305246569, 12.533230808290211 ], [ -75.656090334822508, 13.919031487553235 ], [ -77.238207523542144, 15.419366710354691 ], [ -78.716744534392774, 17.02603961623015 ], [ -80.084558693368152, 18.730495934041397 ], [ -81.334481494111756, 20.523863513225141 ], [ -82.459135858579245, 22.396973546229095 ], [ -83.450736649294043, 24.340361810296379 ], [ -84.30087697439555, 26.34424843931976 ], [ -85.000303077689637, 28.398494772366423 ], [ -85.538681673481079, 30.492535756449605 ], [ -85.904365948966429, 32.615286285276277 ], [ -86.084170772287592, 34.75501986282066 ], [ -86.063174806962806, 36.899218298996054 ], [ -85.824578409760122, 39.034392102538824 ], [ -85.349662756174311, 41.145873337293295 ], [ -84.617918887898483, 43.217586694228032 ], [ -83.607445730618835, 45.231811421746031 ], [ -82.29575145252673, 47.168957789366168 ], [ -80.661125078708494, 49.007398084839878 ], [ -78.684757145541596, 50.723414013668297 ], [ -76.353746663419017, 52.291347517418835 ], [ -73.664989431987863, 53.684063179106182 ], [ -70.629653374406232, 54.873832782742419 ], [ -67.277507914761358, 55.833714437314448 ], [ -63.659897807210811, 56.539399470554791 ], [ -59.849907700541003, 56.971340459717382 ], [ -55.938601196148518, 57.1167978032177 ] ] ] } },
{ "type": "Feature", "properties": { "norad_cat_id": 65053, "object_name": "NISAR", "orbit_class": "LEO", "agency_lead": "NASA", "program": "NISAR", "alt_km": 768.02359922373387, "elevation_mask_deg": 0.0, "central_angle_deg": 26.807549566649854, "radius_km": 2984.2027671749033 }, "geometry": { "type": "Polygon", "coordinates": [ [ [ 23.737186545888541, -17.717661514121581 ], [ 26.102088329333824, -17.791653963557174 ], [ 28.458867224946488, -18.013247734279709 ], [ 30.799474470858858, -18.381298928483012 ], [ 33.11600415827737, -18.893923460221234 ], [ 35.400751471126334, -19.548529396565439 ], [ 37.646255924116538, -20.341859790761067 ], [ 39.845325839437081, -21.270043791440948 ], [ 41.991041126679974, -22.328653469209247 ], [ 44.076732205815503, -23.51276362088938 ], [ 46.095933524695639, -24.817011778235134 ], [ 48.042310471795616, -26.235655731181161 ], [ 49.909558492996709, -27.76262603309576 ], [ 51.6912728282499, -29.391571137318273 ], [ 53.380786442325991, -31.115892967767444 ], [ 54.970972388462819, -32.928770797935016 ], [ 56.454004961302871, -34.823171247426984 ], [ 57.821071496004556, -36.791841944981499 ], [ 59.062023464710066, -38.827285884283164 ], [ 60.164951513623294, -40.921712630057627 ], [ 61.11566421288201, -43.066961206685008 ], [ 61.897044635961088, -45.25438757264282 ], [ 62.488252897483086, -47.474706858793645 ], [ 62.863737780009515, -49.717776792296739 ], [ 62.992019787849735, -51.97230370329823 ], [ 62.834218540707099, -54.225446109279652 ], [ 62.342334424961592, -56.462283462308164 ], [ 61.457387996420977, -58.665110924374062 ], [ 60.107727551248523, -60.81251991522258 ], [ 58.208232677912264, -62.878240611300441 ], [ 55.66190588243218, -64.829782269094508 ], [ 52.366553740558103, -66.627057816167522 ], [ 48.230664117862986, -68.221487704172262 ], [ 43.202835319830037, -69.556577524899254 ], [ 37.314851613049662, -70.57147380269565 ], [ 30.725790568479134, -71.208841818835054 ], [ 23.737186545888541, -71.426518145689187 ], [ 16.748582523297948, -71.208841818835054 ], [ 10.15952147872742, -70.57147380269565 ], [ 4.271537771947045, -69.556577524899254 ], [ -0.756291026085908, -68.221487704172262 ], [ -4.892180648781018, -66.627057816167522 ], [ -8.187532790655098, -64.829782269094508 ], [ -10.733859586135182, -62.878240611300441 ], [ -12.633354459471441, -60.81251991522258 ], [ -13.983014904643895, -58.665110924374062 ], [ -14.86796133318451, -56.462283462308164 ], [ -15.359845448930017, -54.225446109279652 ], [ -15.517646696072653, -51.97230370329823 ], [ -15.389364688232433, -49.717776792296739 ], [ -15.013879805706004, -47.474706858793645 ], [ -14.422671544184006, -45.25438757264282 ], [ -13.641291121104928, -43.066961206685008 ], [ -12.690578421846212, -40.921712630057627 ], [ -11.587650372932984, -38.827285884283164 ], [ -10.346698404227475, -36.791841944981499 ], [ -8.97963186952579, -34.823171247426984 ], [ -7.496599296685737, -32.928770797935016 ], [ -5.90641335054891, -31.115892967767444 ], [ -4.216899736472818, -29.391571137318273 ], [ -2.435185401219631, -27.76262603309576 ], [ -0.567937380018531, -26.235655731181161 ], [ 1.378439567081447, -24.817011778235134 ], [ 3.397640885961579, -23.51276362088938 ], [ 5.483331965097108, -22.328653469209247 ], [ 7.629047252340001, -21.270043791440948 ], [ 9.828117167660546, -20.341859790761067 ], [ 12.07362162065075, -19.548529396565439 ], [ 14.358368933499714, -18.893923460221234 ], [ 16.674898620918224, -18.381298928483012 ], [ 19.015505866830594, -18.013247734279709 ], [ 21.372284762443257, -17.791653963557174 ], [ 23.737186545888541, -17.717661514121581 ] ] ] } }
]
}
