{
"type": "FeatureCollection",
"name": "agency_nasa_ground_tracks",
"crs": { "type": "name", "properties": { "name": "urn:ogc:def:crs:OGC:1.3:CRS84" } },
"features": [
{ "type": "Feature", "properties": { "norad_cat_id": 19548, "object_name": "TDRS 3", "orbit_class": "GEO", "agency_lead": "NASA", "program": "TDRSS", "period_min": 1436.0057643265832, "n_samples": 60 }, "geometry": { "type": "LineString", "coordinates": [ [ -48.717769697760779, -2.352770825627347 ], [ -48.813658399795912, -1.024753154635776 ], [ -48.914502507636193, 0.314504822865428 ], [ -49.014304929851214, 1.650201961553974 ], [ -49.107126985954885, 2.967569904358089 ], [ -49.187343808290599, 4.25198640937016 ], [ -49.249892206359043, 5.489093919943826 ], [ -49.290504226343877, 6.664927212096106 ], [ -49.305918300532035, 7.766052864074934 ], [ -49.294058423313416, 8.779721744873161 ], [ -49.254170482952155, 9.694033772507963 ], [ -49.186904427019208, 10.498111969717135 ], [ -49.09433169760139, 11.182280539297668 ], [ -48.979889758758446, 11.7382395628095 ], [ -48.848249833348234, 12.159227314556482 ], [ -48.705109667446429, 12.440160397974225 ], [ -48.556919971407915, 12.577742204558328 ], [ -48.410559904791633, 12.57053167370168 ], [ -48.272982560563911, 12.418966905818095 ], [ -48.150854874597606, 12.125341553836622 ], [ -48.050216906024822, 11.693735628495219 ], [ -47.976183086640546, 11.129905866773793 ], [ -47.932703122015795, 10.441143636407171 ], [ -47.922393756250578, 9.636110130384214 ], [ -47.946445735636658, 8.724659192967376 ], [ -48.004603992980279, 7.717657569346142 ], [ -48.095214215531556, 6.626810904478939 ], [ -48.215325882294422, 5.464501744880256 ], [ -48.36084051793663, 4.243643448736941 ], [ -48.526694140789061, 2.977551571317753 ], [ -48.707064058683152, 1.679832175696171 ], [ -48.895591933987269, 0.364284752974773 ], [ -49.085616827772142, -0.955183918430026 ], [ -49.270413393562066, -2.264639574899259 ], [ -49.443431327843236, -3.550199046993974 ], [ -49.598532350751491, -4.798112844070305 ], [ -49.730220435866684, -5.994856682386242 ], [ -49.833859794844003, -7.127236194641802 ], [ -49.905873386795712, -8.182507930345343 ], [ -49.943912904356722, -9.148518196524414 ], [ -49.946989542353961, -10.013859326960279 ], [ -49.915554039089521, -10.768040695240087 ], [ -49.851514917175251, -11.401669371588699 ], [ -49.758185950300451, -11.906633019001758 ], [ -49.640157891341872, -12.276275749685741 ], [ -49.503095168350285, -12.505556556606445 ], [ -49.353465064160247, -12.591179884589558 ], [ -49.198213878752149, -12.531689068806205 ], [ -49.044410555882074, -12.327515710048576 ], [ -48.898882188056, -11.980981323155348 ], [ -48.767866856472438, -11.496251348845206 ], [ -48.656707304711915, -10.879245320241962 ], [ -48.569604308783212, -10.137510096717181 ], [ -48.509442179666372, -9.280065215635437 ], [ -48.477691855846068, -8.31723035983763 ], [ -48.474390471235466, -7.26044470273843 ], [ -48.498191120313805, -6.122086661920832 ], [ -48.54647309131051, -4.915300666730647 ], [ -48.6155011948929, -3.653835261756479 ], [ -48.700622750811903, -2.351894533921127 ] ] } },
{ "type": "Feature", "properties": { "norad_cat_id": 20580, "object_name": "HST", "orbit_class": "LEO", "agency_lead": "NASA", "program": "Hubble", "period_min": 94.046931388523603, "n_samples": 60 }, "geometry": { "type": "MultiLineString", "coordinates": [ [ [ -180.0, 21.26271544510621 ], [ -176.343313975860866, 22.534655179535758 ], [ -170.372832663640736, 24.307000837861192 ], [ -164.237387882314096, 25.805812818193548 ], [ -157.952725187540636, 27.004875132694753 ], [ -151.54452008985109, 27.88168819006021 ], [ -145.047520102054278, 28.418845159372417 ], [ -138.503481692939488, 28.60524452507055 ], [ -131.958039351298027, 28.436932902686777 ], [ -125.456937950710881, 27.917418624505075 ] ], [ [ -102.254173153523141, 27.997507157483881 ], [ -95.827146283740447, 27.177294064167977 ], [ -89.517983994901883, 26.03129742753265 ], [ -83.354053641588905, 24.581206832460897 ], [ -77.352857027501898, 22.852680842581133 ], [ -71.52207486329803, 20.873985600234715 ], [ -65.860441468166499, 18.67479005296142 ], [ -60.359106258157176, 16.285209954455606 ], [ -55.003162222560405, 13.735131406779967 ], [ -49.773117109576667, 11.053799660647682 ], [ -44.646174119158225, 8.269633355717822 ], [ -39.597270779937098, 5.410215047640107 ], [ -34.599886585231125, 2.502409990384553 ], [ -29.626660163046939, -0.427428721413055 ], [ -24.649874858175878, -3.35320340274979 ], [ -19.641884226500498, -6.248792509218565 ], [ -14.575546958937737, -9.087775056965347 ], [ -9.424740059981197, -11.843185351070705 ], [ -4.165020903225825, -14.48732825424854 ], [ 1.225510973850229, -16.991691326568983 ], [ 6.765114422824561, -19.326997155663395 ], [ 12.467077877583536, -21.463444214951323 ], [ 18.338233019705228, -23.371183248083796 ], [ 24.377464539138909, -25.021062890101597 ], [ 30.574469810496467, -26.385647727858895 ], [ 36.909096788486067, -27.44046243965586 ], [ 43.351592176046537, -28.165352738953942 ], [ 49.863996226902103, -28.545793526852719 ], [ 56.40270240999412, -28.573940787828032 ], [ 62.92190653919554, -28.249238559005434 ], [ 69.377424647578465, -27.578462766026888 ], [ 75.730237898823077, -26.575193025775395 ], [ 81.949211860546484, -25.258815867718013 ], [ 88.01267641235097, -23.653240867086545 ], [ 93.908838205692931, -21.785534511182991 ], [ 99.635235861581009, -19.684648907770555 ], [ 105.197566985490653, -17.380364474295352 ], [ 110.608217542429202, -14.902501918289763 ], [ 115.884761217664149, -12.280406606741742 ], [ 121.048601704579625, -9.54267499476617 ], [ 126.123835991985018, -6.717077183701714 ], [ 131.136358532440653, -3.830626914988562 ], [ 136.113173310674028, -0.909754698717523 ], [ 141.081862192728408, 2.019453288795287 ], [ 146.07014589568999, 4.930981508902011 ], [ 151.105464570221045, 7.79860344461408 ], [ 156.214508494332449, 10.595617983637821 ], [ 161.422631352176211, 13.294632073970174 ], [ 166.753080815511595, 15.867423199079067 ], [ 172.226001574552726, 18.284922270950204 ], [ 177.857197406620969, 20.517364123290406 ], [ 180.0, 21.26271544510621 ] ] ] } },
{ "type": "Feature", "properties": { "norad_cat_id": 21639, "object_name": "TDRS 5", "orbit_class": "GEO", "agency_lead": "NASA", "program": "TDRSS", "period_min": 1435.9947091971603, "n_samples": 60 }, "geometry": { "type": "LineString", "coordinates": [ [ -168.443089450312499, -8.577531466940753 ], [ -168.465047762468345, -9.716304722298956 ], [ -168.447177634936537, -10.747212989893054 ], [ -168.389629027360968, -11.657742380653772 ], [ -168.294387639306677, -12.436571022247252 ], [ -168.16524852896822, -13.073795275047816 ], [ -168.007691659955299, -13.561151240048563 ], [ -167.82865078823545, -13.892217435991101 ], [ -167.636186315196454, -14.06258392555646 ], [ -167.439077592015764, -14.069974399671734 ], [ -167.246360018203092, -13.91431083541692 ], [ -167.066845125447742, -13.597715008749558 ], [ -166.908655058551403, -13.124446706468127 ], [ -166.778811134382124, -12.500784072492614 ], [ -166.682898855998872, -11.734856264594956 ], [ -166.624831436781477, -10.836441810278322 ], [ -166.606717289300917, -9.816747392943233 ], [ -166.628826952001646, -8.688181302388916 ], [ -166.689653209652278, -7.464133783661015 ], [ -166.786044027292661, -6.158773528395328 ], [ -166.913396709135839, -4.786866121374052 ], [ -167.065891836089293, -3.363616854019585 ], [ -167.236757178916037, -1.904537281800727 ], [ -167.418548991061925, -0.425332422998834 ], [ -167.603441108570308, 1.058196362875202 ], [ -167.783520694828525, 2.530239018788371 ], [ -167.951081573475363, 3.975061832872679 ], [ -168.098917086800441, 5.37709689544779 ], [ -168.220603027221955, 6.721042606959537 ], [ -168.310768725896196, 7.991980959607553 ], [ -168.36534585851453, 9.175515832215634 ], [ -168.381781475036036, 10.25793445929285 ], [ -168.35920499014901, 11.226391582823343 ], [ -168.298527822158405, 12.069112681767441 ], [ -168.2024652203296, 12.775609339174325 ], [ -168.075461981915907, 13.336896628503075 ], [ -167.923520234944164, 13.745699867506737 ], [ -167.75392530885, 13.996636719452869 ], [ -167.574885170087043, 14.086360849087894 ], [ -167.395103165448376, 14.013655373086305 ], [ -167.223312173086356, 13.779468066467123 ], [ -167.067809009095384, 13.386885231886254 ], [ -166.936018810193389, 12.841046567312832 ], [ -166.834125427433776, 12.149008426142959 ], [ -166.766785268865505, 11.319566785782914 ], [ -166.736941431757515, 10.36305351706493 ], [ -166.745738904102581, 9.291120014226703 ], [ -166.7925329509184, 8.116521073326277 ], [ -166.874982525291045, 6.852909504395808 ], [ -166.989207916480751, 5.514648844517062 ], [ -167.130001816978677, 4.116648203121071 ], [ -167.29107383913211, 2.674220112796052 ], [ -167.46532050300479, 1.202959538822117 ], [ -167.645109827589494, -0.281359956910048 ], [ -167.822572374032859, -1.76287845723123 ], [ -167.989898432979913, -3.225736875852716 ], [ -168.139632558559072, -4.65416606355305 ], [ -168.264966929990777, -6.03258471790503 ], [ -168.360023035469368, -7.345712351817724 ], [ -168.420118133625095, -8.578702374722901 ] ] } },
{ "type": "Feature", "properties": { "norad_cat_id": 22314, "object_name": "TDRS 6", "orbit_class": "GEO", "agency_lead": "NASA", "program": "TDRSS", "period_min": 1436.0359663185743, "n_samples": 60 }, "geometry": { "type": "LineString", "coordinates": [ [ -45.13294964708016, -5.652748364936041 ], [ -45.283791900379306, -4.249002741563562 ], [ -45.456942430944544, -2.799891169186453 ], [ -45.645140088016049, -1.32102102512027 ], [ -45.84056747302666, 0.171841868163352 ], [ -46.035145536846386, 1.662861106860979 ], [ -46.220828397852777, 3.136211144475618 ], [ -46.389900271580544, 4.576159507590332 ], [ -46.535266983294562, 5.967156931127617 ], [ -46.650739069708976, 7.29394197892926 ], [ -46.731301148130463, 8.541665585389937 ], [ -46.773353254596223, 9.696039226822871 ], [ -46.77491592434334, 10.74350808045652 ], [ -46.735778921309432, 11.671447596440018 ], [ -46.657578204763396, 12.468378547591103 ], [ -46.543786844093319, 13.124192130929121 ], [ -46.399603647917033, 13.630373517924351 ], [ -46.231739602961547, 13.980209928442228 ], [ -46.048102508237797, 14.168968375417197 ], [ -45.85739691659974, 14.194029090776354 ], [ -45.668666704064897, 14.054963415308034 ], [ -45.49080944506904, 13.753549365813297 ], [ -45.332104418404057, 13.293723572433292 ], [ -45.199785419171555, 12.681473955574699 ], [ -45.099689247577288, 11.924682487193655 ], [ -45.036001387964596, 11.032930922534755 ], [ -45.011103641036634, 10.017284084713529 ], [ -45.025527487735999, 8.890065101469725 ], [ -45.077999529955541, 7.664635222627263 ], [ -45.165566024556064, 6.355187982892717 ], [ -45.283781262187311, 4.97656407132925 ], [ -45.426939040944063, 3.544089819549859 ], [ -45.588337804113301, 2.073439088525226 ], [ -45.760563792293745, 0.580515733935501 ], [ -45.935785536220841, -0.918648149493781 ], [ -46.106055609550523, -2.40798435907949 ], [ -46.263611321874599, -3.871478010873941 ], [ -46.401175770744878, -5.29326139242669 ], [ -46.51225062855125, -6.65771903951745 ], [ -46.591396068422469, -7.949609940828963 ], [ -46.634490436172733, -9.154211277592673 ], [ -46.638953238757395, -10.257485979420796 ], [ -46.603921411805892, -11.246273637352903 ], [ -46.530357730566323, -12.108501076537273 ], [ -46.421076343665163, -12.833405402131277 ], [ -46.280673289797377, -13.411758990825636 ], [ -46.115349887051664, -13.836083224686554 ], [ -45.932634975969556, -14.100836309021744 ], [ -45.741013292435142, -14.20256074560651 ], [ -45.549483842082111, -14.139978174850192 ], [ -45.367081062352192, -13.914023235896192 ], [ -45.202390773155592, -13.527813326541095 ], [ -45.063102553988713, -12.986556883816876 ], [ -44.955626350573546, -12.297408139414323 ], [ -44.884798531831542, -11.469280415769434 ], [ -44.85369203651949, -10.512632382051166 ], [ -44.863528634949212, -9.439242121093308 ], [ -44.913691445758737, -8.261982561774866 ], [ -45.001820278539519, -6.994609252031649 ], [ -45.123974897514074, -5.651568139445415 ] ] } },
{ "type": "Feature", "properties": { "norad_cat_id": 23613, "object_name": "TDRS 7", "orbit_class": "GEO", "agency_lead": "NASA", "program": "TDRSS", "period_min": 1436.1042799198613, "n_samples": 60 }, "geometry": { "type": "LineString", "coordinates": [ [ 90.0001022066985, 11.531274793290395 ], [ 90.076280767839705, 10.739547486799514 ], [ 90.116915026973942, 9.826770704048828 ], [ 90.120820806146952, 8.804154653094773 ], [ 90.088463091788682, 7.683974047333881 ], [ 90.021874409548261, 6.479369183144867 ], [ 89.924510653826417, 5.204162452586683 ], [ 89.801058669505338, 3.87269429887579 ], [ 89.657210112238189, 2.499679776501364 ], [ 89.499410552580329, 1.100084400966646 ], [ 89.33459620379368, -0.310984003171425 ], [ 89.169922528266383, -1.718372177949769 ], [ 89.012490766513466, -3.106972644345383 ], [ 88.869076477460283, -4.461815242472006 ], [ 88.745864435885821, -5.768164874710854 ], [ 88.648195302100689, -7.011630720550206 ], [ 88.58033109699565, -8.17829108756797 ], [ 88.545249937895662, -9.254836449154229 ], [ 88.544479060254105, -10.228731117552069 ], [ 88.577982581983349, -11.088391488929988 ], [ 88.644114743720124, -11.823376043166489 ], [ 88.739651234408967, -12.424579555899586 ], [ 88.859906048349359, -12.884421647091941 ], [ 88.998935417478066, -13.197018257085965 ], [ 89.149822379413109, -13.358324280951418 ], [ 89.305028334115079, -13.366236643902376 ], [ 89.456786873539002, -13.220649580886835 ], [ 89.597515660493869, -12.923457540547547 ], [ 89.720214194718253, -12.478505471915756 ], [ 89.818820537334247, -11.891490626510459 ], [ 89.888503877623236, -11.169823765927102 ], [ 89.925877456725033, -10.322460288253925 ], [ 89.929124522324358, -9.359712995564513 ], [ 89.898039066484728, -8.293058007935812 ], [ 89.833985930727081, -7.134943905845299 ], [ 89.739794894796574, -5.898611915935279 ], [ 89.619599437772081, -4.597932253747794 ], [ 89.478634320241113, -3.24725897177469 ], [ 89.323003611913251, -1.861303114083893 ], [ 89.159428845579185, -0.45502182828153 ], [ 88.994984540778304, 0.956480580997144 ], [ 88.836827709548515, 2.358044831292674 ], [ 88.691923253743411, 3.73454790412734 ], [ 88.56677284147429, 5.070999347175821 ], [ 88.467149689876919, 6.352648304240662 ], [ 88.397846828289801, 7.565106102863818 ], [ 88.362447472007858, 8.694487851864439 ], [ 88.363128770769549, 9.727574577225239 ], [ 88.400512262325421, 10.651994992788383 ], [ 88.473575316809445, 11.456423184159577 ], [ 88.579638390468688, 12.130785511962339 ], [ 88.71443646095382, 12.66646726066991 ], [ 88.872283612847212, 13.056507402843147 ], [ 89.046326270053854, 13.295768761098401 ], [ 89.228875304861106, 13.381071188362252 ], [ 89.411797256619366, 13.311277309035686 ], [ 89.586937927034199, 13.087323748376663 ], [ 89.746547338121118, 12.712195208248442 ], [ 89.883676007935875, 12.190843580273155 ], [ 89.992512750308009, 11.530058787077436 ] ] } },
{ "type": "Feature", "properties": { "norad_cat_id": 25544, "object_name": "ISS (ZARYA)", "orbit_class": "LEO", "agency_lead": "NASA", "program": "ISS", "period_min": 92.953585480352487, "n_samples": 60 }, "geometry": { "type": "MultiLineString", "coordinates": [ [ [ -180.0, 51.170824967083796 ], [ -172.05242815830249, 50.064924381072423 ], [ -163.648057491691787, 48.094771630302738 ], [ -155.986288397789593, 45.505393784224474 ], [ -149.095748358956001, 42.40022754634758 ], [ -142.932163747688378, 38.87639413861779 ], [ -137.412589577892192, 35.018398828312513 ], [ -132.440263727454663, 30.896675605113398 ], [ -127.918997524244674, 26.56875182988626 ], [ -123.75985455504869, 22.081429546033807 ], [ -119.883188872364144, 17.473111008610132 ], [ -116.218254102517733, 12.775897564543108 ], [ -112.701702995678914, 8.017362336952795 ], [ -109.275661086101763, 3.222021111353811 ], [ -105.885688658067039, -1.587426893862505 ], [ -102.478739825322577, -6.389003354882659 ], [ -99.001137284554488, -11.160413937343542 ], [ -95.396542690883223, -15.877984674490088 ], [ -91.603921400526303, -20.515485966705075 ], [ -87.55557090451822, -25.042758811714481 ], [ -83.175435517781693, -29.42406563932315 ], [ -78.37823650511632, -33.61612003930226 ], [ -73.070465686108719, -37.565839515672359 ], [ -67.155096118160316, -41.208072745666165 ], [ -60.542783610450499, -44.463959393456825 ], [ -53.172624031712473, -47.241232449050116 ], [ -45.043280007452722, -49.438492670143852 ], [ -36.247992696239351, -50.95554720119803 ], [ -26.995374978527082, -51.710014170880989 ], [ -17.592318405415085, -51.656012622491829 ], [ -8.381571861435134, -50.796591123090323 ], [ 0.339728755415706, -49.182830732271924 ], [ 8.377523297951541, -46.900172479662352 ], [ 15.652154319364115, -44.04960150085504 ], [ 22.174444638015643, -40.731709637599515 ], [ 28.010427557343405, -37.037187805361079 ] ], [ [ 51.397756245940805, -37.189186254147593 ], [ 56.660362415821993, -33.205692093214182 ], [ 61.421231816073146, -28.984030295012005 ], [ 65.773351808554537, -24.576466413140565 ], [ 69.80129806105468, -20.025704268406962 ], [ 73.580465255497231, -15.367111436273081 ], [ 77.17804503154079, -10.630659298898934 ], [ 80.654755858452717, -5.842544691312757 ], [ 84.066835306257033, -1.026543299678879 ], [ 87.468084597454506, 3.794826012580536 ], [ 90.911908407262487, 8.599239945730851 ], [ 94.453352602134345, 13.363526362243674 ], [ 98.151157359478887, 18.062550546404211 ], [ 102.069797274578065, 22.667945198905674 ], [ 106.281377789466845, 27.146599670519723 ], [ 110.867032676199713, 31.458840725111269 ], [ 115.917060303854669, 35.556292644332011 ], [ 121.52836720360159, 39.379545307493764 ], [ 127.79685722470731, 42.856059517012149 ], [ 134.801628885308247, 45.899278650310144 ], [ 142.578504773316098, 48.410663761927943 ], [ 151.085013428478675, 50.286906549784995 ], [ 160.169168387145987, 51.433811531112866 ], [ 169.565181260844724, 51.785046206183694 ], [ 178.935185282350886, 51.318993394333916 ], [ 180.0, 51.170824967083796 ] ] ] } },
{ "type": "Feature", "properties": { "norad_cat_id": 25575, "object_name": "ISS (UNITY)", "orbit_class": "LEO", "agency_lead": "NASA", "program": "ISS", "period_min": 92.953585480352487, "n_samples": 60 }, "geometry": { "type": "MultiLineString", "coordinates": [ [ [ -180.0, 51.170824967083796 ], [ -172.05242815830249, 50.064924381072423 ], [ -163.648057491691787, 48.094771630302738 ], [ -155.986288397789593, 45.505393784224474 ], [ -149.095748358956001, 42.40022754634758 ], [ -142.932163747688378, 38.87639413861779 ], [ -137.412589577892192, 35.018398828312513 ], [ -132.440263727454663, 30.896675605113398 ], [ -127.918997524244674, 26.56875182988626 ], [ -123.75985455504869, 22.081429546033807 ], [ -119.883188872364144, 17.473111008610132 ], [ -116.218254102517733, 12.775897564543108 ], [ -112.701702995678914, 8.017362336952795 ], [ -109.275661086101763, 3.222021111353811 ], [ -105.885688658067039, -1.587426893862505 ], [ -102.478739825322577, -6.389003354882659 ], [ -99.001137284554488, -11.160413937343542 ], [ -95.396542690883223, -15.877984674490088 ], [ -91.603921400526303, -20.515485966705075 ], [ -87.55557090451822, -25.042758811714481 ], [ -83.175435517781693, -29.42406563932315 ], [ -78.37823650511632, -33.61612003930226 ], [ -73.070465686108719, -37.565839515672359 ], [ -67.155096118160316, -41.208072745666165 ], [ -60.542783610450499, -44.463959393456825 ], [ -53.172624031712473, -47.241232449050116 ], [ -45.043280007452722, -49.438492670143852 ], [ -36.247992696239351, -50.95554720119803 ], [ -26.995374978527082, -51.710014170880989 ], [ -17.592318405415085, -51.656012622491829 ], [ -8.381571861435134, -50.796591123090323 ], [ 0.339728755415706, -49.182830732271924 ], [ 8.377523297951541, -46.900172479662352 ], [ 15.652154319364115, -44.04960150085504 ], [ 22.174444638015643, -40.731709637599515 ], [ 28.010427557343405, -37.037187805361079 ] ], [ [ 51.397756245940805, -37.189186254147593 ], [ 56.660362415821993, -33.205692093214182 ], [ 61.421231816073146, -28.984030295012005 ], [ 65.773351808554537, -24.576466413140565 ], [ 69.80129806105468, -20.025704268406962 ], [ 73.580465255497231, -15.367111436273081 ], [ 77.17804503154079, -10.630659298898934 ], [ 80.654755858452717, -5.842544691312757 ], [ 84.066835306257033, -1.026543299678879 ], [ 87.468084597454506, 3.794826012580536 ], [ 90.911908407262487, 8.599239945730851 ], [ 94.453352602134345, 13.363526362243674 ], [ 98.151157359478887, 18.062550546404211 ], [ 102.069797274578065, 22.667945198905674 ], [ 106.281377789466845, 27.146599670519723 ], [ 110.867032676199713, 31.458840725111269 ], [ 115.917060303854669, 35.556292644332011 ], [ 121.52836720360159, 39.379545307493764 ], [ 127.79685722470731, 42.856059517012149 ], [ 134.801628885308247, 45.899278650310144 ], [ 142.578504773316098, 48.410663761927943 ], [ 151.085013428478675, 50.286906549784995 ], [ 160.169168387145987, 51.433811531112866 ], [ 169.565181260844724, 51.785046206183694 ], [ 178.935185282350886, 51.318993394333916 ], [ 180.0, 51.170824967083796 ] ] ] } },
{ "type": "Feature", "properties": { "norad_cat_id": 25994, "object_name": "TERRA", "orbit_class": "LEO", "agency_lead": "NASA", "program": "EOS", "period_min": 98.553840383223971, "n_samples": 60 }, "geometry": { "type": "MultiLineString", "coordinates": [ [ [ 58.777928600267636, 17.347626749931763 ], [ 57.460889845199674, 11.273665713864453 ], [ 56.181038871695669, 5.195807803718544 ], [ 54.917775759855886, -0.882829757827572 ], [ 53.652024599644506, -6.959191865614811 ], [ 52.364494083543711, -13.030245330177438 ], [ 51.033897092273826, -19.092934318090517 ], [ 49.634772094886692, -25.144101897826129 ], [ 48.134408247779106, -31.180338466546285 ], [ 46.488030574290072, -37.19769345232411 ], [ 44.630628247798626, -43.191131404923638 ], [ 42.462061972958345, -49.153485016803501 ], [ 39.817816784098554, -55.073337536781004 ], [ 36.406452899237145, -60.930390814734082 ], [ 31.661518841785167, -66.684168024286421 ], [ 24.347205564555352, -72.242205159206023 ], [ 11.401755784655462, -77.353409772869497 ], [ -14.659011509193821, -81.211090136534992 ], [ -56.721631132955807, -81.8043904342736 ], [ -88.087397763848969, -78.611814811123111 ], [ -103.675316689061447, -73.724809016521931 ], [ -112.115461734361404, -68.253992162302808 ], [ -117.40361475424092, -62.54223519621619 ], [ -121.11041133098567, -56.709248165896675 ], [ -123.930457702399195, -50.805175480762564 ], [ -126.210680646729386, -44.854297681743958 ], [ -128.14232595209856, -38.869851121439247 ], [ -129.839546934062525, -32.859888132055154 ], [ -131.375192384241984, -26.829884759570792 ], [ -132.798629688159764, -20.784006113757272 ], [ -134.145327793729365, -14.725756761802119 ], [ -135.442392617399548, -8.658324726614907 ], [ -136.712017532185286, -2.58476335378904 ], [ -137.973850132035039, 3.491914230865127 ], [ -139.246842870898007, 9.568684014784749 ], [ -140.55096903306989, 15.642472177314273 ], [ -141.909139712536643, 21.710100276797938 ], [ -143.349725737875104, 27.768181600286923 ], [ -144.910314678748051, 33.812920111893952 ], [ -146.643834337553102, 39.839727336442294 ], [ -148.629311729597134, 45.842490427741559 ], [ -150.992186316029944, 51.812128177478769 ], [ -153.945818544242542, 57.733561044051527 ], [ -157.88457582503014, 63.57874313142905 ], [ -163.617065144301904, 69.288508540431351 ], [ -173.024574641456155, 74.716993853969569 ], [ -180.0, 76.549147349722602 ] ], [ [ 180.0, 76.549147349722602 ], [ 169.033947810112409, 79.429472178903623 ], [ 133.657866834088026, 82.040196487054146 ], [ 93.192985109603285, 80.598061344063836 ], [ 70.6218263642279, 76.329739703578809 ], [ 59.261211133322831, 71.055648733732852 ], [ 52.649742955380134, 65.411725053213416 ], [ 48.259617423079135, 59.600058671091844 ], [ 45.048457702147516, 53.698013190230881 ], [ 42.526867659413256, 47.740636479699056 ], [ 40.438014499941005, 41.746077541709333 ], [ 38.634569305406103, 35.724891133366093 ], [ 37.025627792073124, 29.68394126811171 ], [ 35.551447534497015, 23.62821404888664 ], [ 34.170384456081024, 17.561721470436236 ] ] ] } },
{ "type": "Feature", "properties": { "norad_cat_id": 26388, "object_name": "TDRS 8", "orbit_class": "GEO", "agency_lead": "NASA", "program": "TDRSS", "period_min": 1436.1157234416503, "n_samples": 60 }, "geometry": { "type": "LineString", "coordinates": [ [ 84.407429703047498, 12.178388296187777 ], [ 84.545989381702455, 12.518288230867142 ], [ 84.697222876629226, 12.71416512120858 ], [ 84.854184616137346, 12.763487590380432 ], [ 85.009622339650917, 12.665632654639978 ], [ 85.156351250827882, 12.421900977908146 ], [ 85.287625903276279, 12.035482610452494 ], [ 85.397478988712393, 11.511375937161436 ], [ 85.48100908536999, 10.856266132425452 ], [ 85.534599588680152, 10.078372102565515 ], [ 85.556058396921358, 9.18727238278918 ], [ 85.544679720491118, 8.193720662004459 ], [ 85.501230966269731, 7.109460666987735 ], [ 85.427871937644724, 5.947048330307028 ], [ 85.32802190526769, 4.719686845646816 ], [ 85.20618152271733, 3.441077722896903 ], [ 85.067725137268297, 2.125288574574709 ], [ 84.918671522974691, 0.786636289850096 ], [ 84.765439460507494, -0.560417406315585 ], [ 84.614597379727442, -1.901362207555623 ], [ 84.472610572018283, -3.221732219253773 ], [ 84.345589002169675, -4.507200880398045 ], [ 84.239043604821958, -5.743682816963856 ], [ 84.1576554149148, -6.91744698004444 ], [ 84.105063350491747, -8.015244315809285 ], [ 84.083684124656912, -9.024451646847975 ], [ 84.094570128134933, -9.933231458945832 ], [ 84.137321273896475, -10.730704980927612 ], [ 84.210060465005796, -11.40713349417673 ], [ 84.309480463723091, -11.954100475383569 ], [ 84.430970386880077, -12.364685288610753 ], [ 84.568819797139639, -12.63361804787473 ], [ 84.71649114363953, -12.757405262064607 ], [ 84.86695003860568, -12.734417109313338 ], [ 85.013027419430742, -12.564929625901341 ], [ 85.147792781904869, -12.251118469892262 ], [ 85.264910679556934, -11.797004775514131 ], [ 85.3589548367475, -11.208357392186311 ], [ 85.425663551201666, -10.492558960305551 ], [ 85.462122109697788, -9.658445403593575 ], [ 85.466865016858421, -8.716129309807618 ], [ 85.439903447289183, -7.676817345660939 ], [ 85.382679426465941, -6.552630510882813 ], [ 85.297960980324547, -5.356433996201032 ], [ 85.189688196587909, -4.101681018351766 ], [ 85.062780330134743, -2.802272575385026 ], [ 84.922917465788387, -1.472432837162952 ], [ 84.776304068264096, -0.126598013712161 ], [ 84.629419744490264, 1.220684891788911 ], [ 84.488767063195439, 2.554854009998297 ], [ 84.360616183523788, 3.861428281446449 ], [ 84.250755220048603, 5.126107995984892 ], [ 84.164250158341787, 6.334884890495199 ], [ 84.105219626109673, 7.47416561164466 ], [ 84.076636166772431, 8.530910989516252 ], [ 84.080162907374515, 9.49279175245324 ], [ 84.116035811260318, 10.348359112151348 ], [ 84.183006513251982, 11.087226203048134 ], [ 84.278354934369332, 11.700253898447478 ], [ 84.397977475992334, 12.179732356545662 ] ] } },
{ "type": "Feature", "properties": { "norad_cat_id": 26400, "object_name": "ISS (ZVEZDA)", "orbit_class": "LEO", "agency_lead": "NASA", "program": "ISS", "period_min": 92.953585480352487, "n_samples": 60 }, "geometry": { "type": "MultiLineString", "coordinates": [ [ [ -180.0, 51.170824967083796 ], [ -172.05242815830249, 50.064924381072423 ], [ -163.648057491691787, 48.094771630302738 ], [ -155.986288397789593, 45.505393784224474 ], [ -149.095748358956001, 42.40022754634758 ], [ -142.932163747688378, 38.87639413861779 ], [ -137.412589577892192, 35.018398828312513 ], [ -132.440263727454663, 30.896675605113398 ], [ -127.918997524244674, 26.56875182988626 ], [ -123.75985455504869, 22.081429546033807 ], [ -119.883188872364144, 17.473111008610132 ], [ -116.218254102517733, 12.775897564543108 ], [ -112.701702995678914, 8.017362336952795 ], [ -109.275661086101763, 3.222021111353811 ], [ -105.885688658067039, -1.587426893862505 ], [ -102.478739825322577, -6.389003354882659 ], [ -99.001137284554488, -11.160413937343542 ], [ -95.396542690883223, -15.877984674490088 ], [ -91.603921400526303, -20.515485966705075 ], [ -87.55557090451822, -25.042758811714481 ], [ -83.175435517781693, -29.42406563932315 ], [ -78.37823650511632, -33.61612003930226 ], [ -73.070465686108719, -37.565839515672359 ], [ -67.155096118160316, -41.208072745666165 ], [ -60.542783610450499, -44.463959393456825 ], [ -53.172624031712473, -47.241232449050116 ], [ -45.043280007452722, -49.438492670143852 ], [ -36.247992696239351, -50.95554720119803 ], [ -26.995374978527082, -51.710014170880989 ], [ -17.592318405415085, -51.656012622491829 ], [ -8.381571861435134, -50.796591123090323 ], [ 0.339728755415706, -49.182830732271924 ], [ 8.377523297951541, -46.900172479662352 ], [ 15.652154319364115, -44.04960150085504 ], [ 22.174444638015643, -40.731709637599515 ], [ 28.010427557343405, -37.037187805361079 ] ], [ [ 51.397756245940805, -37.189186254147593 ], [ 56.660362415821993, -33.205692093214182 ], [ 61.421231816073146, -28.984030295012005 ], [ 65.773351808554537, -24.576466413140565 ], [ 69.80129806105468, -20.025704268406962 ], [ 73.580465255497231, -15.367111436273081 ], [ 77.17804503154079, -10.630659298898934 ], [ 80.654755858452717, -5.842544691312757 ], [ 84.066835306257033, -1.026543299678879 ], [ 87.468084597454506, 3.794826012580536 ], [ 90.911908407262487, 8.599239945730851 ], [ 94.453352602134345, 13.363526362243674 ], [ 98.151157359478887, 18.062550546404211 ], [ 102.069797274578065, 22.667945198905674 ], [ 106.281377789466845, 27.146599670519723 ], [ 110.867032676199713, 31.458840725111269 ], [ 115.917060303854669, 35.556292644332011 ], [ 121.52836720360159, 39.379545307493764 ], [ 127.79685722470731, 42.856059517012149 ], [ 134.801628885308247, 45.899278650310144 ], [ 142.578504773316098, 48.410663761927943 ], [ 151.085013428478675, 50.286906549784995 ], [ 160.169168387145987, 51.433811531112866 ], [ 169.565181260844724, 51.785046206183694 ], [ 178.935185282350886, 51.318993394333916 ], [ 180.0, 51.170824967083796 ] ] ] } },
{ "type": "Feature", "properties": { "norad_cat_id": 26700, "object_name": "ISS (DESTINY)", "orbit_class": "LEO", "agency_lead": "NASA", "program": "ISS", "period_min": 92.953585480352487, "n_samples": 60 }, "geometry": { "type": "MultiLineString", "coordinates": [ [ [ -180.0, 51.170824967083796 ], [ -172.05242815830249, 50.064924381072423 ], [ -163.648057491691787, 48.094771630302738 ], [ -155.986288397789593, 45.505393784224474 ], [ -149.095748358956001, 42.40022754634758 ], [ -142.932163747688378, 38.87639413861779 ], [ -137.412589577892192, 35.018398828312513 ], [ -132.440263727454663, 30.896675605113398 ], [ -127.918997524244674, 26.56875182988626 ], [ -123.75985455504869, 22.081429546033807 ], [ -119.883188872364144, 17.473111008610132 ], [ -116.218254102517733, 12.775897564543108 ], [ -112.701702995678914, 8.017362336952795 ], [ -109.275661086101763, 3.222021111353811 ], [ -105.885688658067039, -1.587426893862505 ], [ -102.478739825322577, -6.389003354882659 ], [ -99.001137284554488, -11.160413937343542 ], [ -95.396542690883223, -15.877984674490088 ], [ -91.603921400526303, -20.515485966705075 ], [ -87.55557090451822, -25.042758811714481 ], [ -83.175435517781693, -29.42406563932315 ], [ -78.37823650511632, -33.61612003930226 ], [ -73.070465686108719, -37.565839515672359 ], [ -67.155096118160316, -41.208072745666165 ], [ -60.542783610450499, -44.463959393456825 ], [ -53.172624031712473, -47.241232449050116 ], [ -45.043280007452722, -49.438492670143852 ], [ -36.247992696239351, -50.95554720119803 ], [ -26.995374978527082, -51.710014170880989 ], [ -17.592318405415085, -51.656012622491829 ], [ -8.381571861435134, -50.796591123090323 ], [ 0.339728755415706, -49.182830732271924 ], [ 8.377523297951541, -46.900172479662352 ], [ 15.652154319364115, -44.04960150085504 ], [ 22.174444638015643, -40.731709637599515 ], [ 28.010427557343405, -37.037187805361079 ] ], [ [ 51.397756245940805, -37.189186254147593 ], [ 56.660362415821993, -33.205692093214182 ], [ 61.421231816073146, -28.984030295012005 ], [ 65.773351808554537, -24.576466413140565 ], [ 69.80129806105468, -20.025704268406962 ], [ 73.580465255497231, -15.367111436273081 ], [ 77.17804503154079, -10.630659298898934 ], [ 80.654755858452717, -5.842544691312757 ], [ 84.066835306257033, -1.026543299678879 ], [ 87.468084597454506, 3.794826012580536 ], [ 90.911908407262487, 8.599239945730851 ], [ 94.453352602134345, 13.363526362243674 ], [ 98.151157359478887, 18.062550546404211 ], [ 102.069797274578065, 22.667945198905674 ], [ 106.281377789466845, 27.146599670519723 ], [ 110.867032676199713, 31.458840725111269 ], [ 115.917060303854669, 35.556292644332011 ], [ 121.52836720360159, 39.379545307493764 ], [ 127.79685722470731, 42.856059517012149 ], [ 134.801628885308247, 45.899278650310144 ], [ 142.578504773316098, 48.410663761927943 ], [ 151.085013428478675, 50.286906549784995 ], [ 160.169168387145987, 51.433811531112866 ], [ 169.565181260844724, 51.785046206183694 ], [ 178.935185282350886, 51.318993394333916 ], [ 180.0, 51.170824967083796 ] ] ] } },
{ "type": "Feature", "properties": { "norad_cat_id": 26998, "object_name": "TIMED", "orbit_class": "LEO", "agency_lead": "NASA", "program": "TIMED", "period_min": 96.297675052128895, "n_samples": 60 }, "geometry": { "type": "MultiLineString", "coordinates": [ [ [ -180.0, 69.365895201990469 ], [ -167.382954257324286, 72.249240055066679 ], [ -147.64940543108878, 74.024900777654608 ], [ -126.157639791076946, 73.653794115671218 ], [ -107.926744512885364, 71.262892844191754 ], [ -94.74436621278096, 67.485467305173358 ], [ -85.612216136619111, 62.893214507526203 ], [ -79.169770834417022, 57.831081138738611 ], [ -74.453243591682224, 52.486711245165978 ], [ -70.862041264177719, 46.963304608696987 ], [ -68.025381179621604, 41.320409262761409 ], [ -65.708158330355616, 35.594439896246975 ], [ -63.755522432660769, 29.809064176272127 ], [ -62.061112003958158, 23.980663353143111 ], [ -60.548517463829, 18.121334160397204 ], [ -59.16007274092533, 12.240613560375557 ], [ -57.849746841214596, 6.346515212860735 ], [ -56.578332566793677, 0.446187640602405 ], [ -55.309878972976662, -5.453630237174558 ], [ -54.008688663451494, -11.346244776848282 ], [ -52.636357385346059, -17.224649863189033 ], [ -51.148350367169257, -23.081093192063516 ], [ -49.489478931184124, -28.906462321725186 ], [ -47.587309516773416, -34.689330506486804 ], [ -45.341883705134308, -40.414384729189059 ], [ -42.60886133224011, -46.059714857847268 ], [ -39.170817077746392, -51.591928495770361 ], [ -34.68730389000109, -56.956945177739861 ], [ -28.609338784360546, -62.061942628871371 ], [ -20.051750048247413, -66.739425698722869 ], [ -7.717595720845566, -70.680950904135486 ], [ 9.574756423371923, -73.359232450809216 ], [ 30.736145771135114, -74.124143750209058 ], [ 51.08748195329747, -72.720247606818191 ], [ 66.826329412489088, -69.589208495124794 ], [ 77.86074445076963, -65.379315626830433 ], [ 85.5471605646527, -60.547036741844138 ], [ 91.066219066880478, -55.349053673634124 ], [ 95.186385343681195, -49.924815637416117 ], [ 98.381621927353478, -44.352662984354012 ], [ 100.947972612558601, -38.679036227329647 ], [ 103.076633931858225, -32.933143752331766 ], [ 104.896135978006612, -27.134522428921191 ] ], [ [ 129.223749334215597, -26.988954935956109 ], [ 130.819756025036668, -21.150707862753315 ], [ 132.264587042160144, -15.284513062758643 ], [ 133.609341777074235, -9.398973362263959 ], [ 134.896125788102012, -3.501562471315373 ], [ 136.162128478834489, 2.400834478115198 ], [ 137.442835850261986, 8.301522192460626 ], [ 138.774954471180905, 14.193644048719081 ], [ 140.199541997282154, 20.06979760055907 ], [ 141.765902582576615, 25.921526193418057 ], [ 143.537022223673858, 31.738558989902192 ], [ 145.597793507406806, 37.507589145372762 ], [ 148.068213162182445, 43.210208759138958 ], [ 151.125496751154799, 48.819261590367233 ], [ 155.042307887033218, 54.292108118163732 ], [ 160.253355142176162, 59.557633473981795 ], [ 167.464946690779357, 64.490380522491577 ], [ 177.785931006623571, 68.859919035571835 ], [ 180.0, 69.365895201990469 ] ] ] } },
{ "type": "Feature", "properties": { "norad_cat_id": 27424, "object_name": "AQUA", "orbit_class": "LEO", "agency_lead": "NASA", "program": "EOS", "period_min": 98.485701229675897, "n_samples": 60 }, "geometry": { "type": "MultiLineString", "coordinates": [ [ [ -6.776864072115106, 60.102128531690013 ], [ -10.240443978588905, 54.234466414307754 ], [ -12.942424530525798, 48.30277490741414 ], [ -15.167786689610532, 42.328538447656364 ], [ -17.079461536035826, 36.324114189010452 ], [ -18.777607866447745, 30.297410766763985 ], [ -20.327789189291071, 24.254056001350275 ], [ -21.775506106872257, 18.198478333517563 ], [ -23.154253045203397, 12.134472511306797 ], [ -24.490316445187574, 6.065502069968635 ], [ -25.805873152958156, -0.00513840171252 ], [ -27.121218126243132, -6.074234507592159 ], [ -28.45661983672187, -12.138595055054939 ], [ -29.834168000753074, -18.194994821597707 ], [ -31.279981948703067, -24.240085296948756 ], [ -32.827266863425635, -30.270232425550745 ], [ -34.52102884640108, -36.281216304056038 ], [ -36.425970163707518, -42.267673308856068 ], [ -38.640680001634678, -48.222035942189606 ], [ -41.325052842526041, -54.132419533495039 ], [ -44.757714387131664, -59.978086637229779 ], [ -49.468199332849451, -65.718672548685404 ], [ -56.575231268097149, -71.264981648441363 ], [ -68.726190960121727, -76.386399971694701 ], [ -92.158744414929103, -80.387875026249901 ], [ -131.122684766464573, -81.509690876653167 ], [ -164.086139042274482, -78.847273549089465 ], [ -180.0, -74.60408807689906 ] ], [ [ 180.0, -74.60408807689906 ], [ 178.519583241321783, -74.209357791150197 ], [ 169.088872460504177, -68.855167559533626 ], [ 163.239767450083747, -63.20697276157798 ], [ 159.183336992257836, -57.41332763175101 ], [ 156.126293427274476, -51.536041693132191 ], [ 153.674296867857663, -45.60478605247642 ], [ 151.611298230714169, -39.635574200358967 ], [ 149.809135168528684, -33.638016210375909 ], [ 148.186514198672057, -27.618523604223682 ], [ 146.688686984222016, -21.581857102129582 ], [ 145.276585224407967, -15.53192215256505 ], [ 143.920586015558882, -9.472193071083353 ], [ 142.596660469344442, -3.405942120418342 ], [ 141.283766585962496, 2.663636411650764 ], [ 139.961849083973618, 8.733355203407399 ], [ 138.610032134727788, 14.799980407961931 ], [ 137.204650226357273, 20.860164876282518 ], [ 135.716713491817757, 26.910333181575798 ], [ 134.108196492395138, 32.946468249120812 ], [ 132.326069110297851, 38.963713648162724 ], [ 130.291950219243034, 44.955624929900928 ], [ 127.882856369068122, 50.912713128304453 ], [ 124.892571925209836, 56.819439054639908 ], [ 120.947064046413203, 62.647452733511884 ], [ 115.299452621267392, 68.338522539482938 ], [ 106.277874960893456, 73.754618308869183 ], [ 89.777445246474997, 78.507823036909841 ], [ 58.064876067319403, 81.422314428288061 ], [ 18.335806233887695, 80.598966965338491 ], [ -6.366459934438865, 76.714927037226644 ], [ -19.087145047844842, 71.615245861777183 ], [ -26.440329152349534, 66.061768696412287 ], [ -31.270708394320536, 60.304835706687101 ] ] ] } },
{ "type": "Feature", "properties": { "norad_cat_id": 27651, "object_name": "SORCE", "orbit_class": "LEO", "agency_lead": "NASA", "program": "SORCE", "period_min": 95.751836963916404, "n_samples": 60 }, "geometry": { "type": "MultiLineString", "coordinates": [ [ [ -180.0, 13.566571253019827 ], [ -177.039782024112753, 11.078448896647224 ], [ -172.663481281648785, 7.216111217152605 ], [ -168.36783531287989, 3.303953070090739 ], [ -164.108703475995696, -0.630778133748587 ], [ -159.842307660094093, -4.561473718416257 ], [ -155.524785157851539, -8.461389843841067 ], [ -151.111759454620483, -12.302872060674702 ], [ -146.55806735111824, -16.056573250684394 ], [ -141.817805437707023, -19.690671343786139 ], [ -136.844912706029589, -23.170117012752325 ], [ -131.594578857936057, -26.455981519031713 ], [ -126.025810613868259, -29.505034227516791 ], [ -120.105476474519207, -32.269755816580627 ], [ -113.813940951557413, -34.69907025915635 ], [ -107.151912107474459, -36.74011342735232 ], [ -100.147267632959029, -38.3412749261391 ], [ -92.859643042747109, -39.456472455316344 ], [ -85.38003541139858, -40.050133843277791 ], [ -77.823478678961635, -40.101828806446505 ], [ -70.315239063434888, -39.609242823007101 ], [ -62.973973903092997, -38.588517318572791 ], [ -55.896864688874984, -37.071841719812674 ], [ -49.150707543997044, -35.10310993973826 ], [ -42.770085306977307, -32.73292797018982 ], [ -36.761083664465673, -30.014124553162631 ], [ -31.107841329353562, -26.998416672549961 ], [ -25.779531185331905, -23.734366140552726 ], [ -20.736318812501395, -20.266436075794857 ], [ -15.933755709909462, -16.634836312758516 ], [ -11.325647266473254, -12.875862217146434 ], [ -6.865681104758323, -9.022503310238713 ], [ -2.508163581718577, -5.105176614198464 ], [ 1.791840273608273, -1.152503178383809 ], [ 6.078723612098997, 2.807909760959012 ], [ 10.396739269934699, 6.748691660348684 ], [ 14.790437535779517, 10.6419337021097 ], [ 19.305010569120384, 14.458410193381308 ], [ 23.986384310208507, 18.16679764561113 ], [ 28.880865345770474, 21.732911442177599 ], [ 34.034076847251981, 25.11901333525779 ], [ 39.488867346333279, 28.283294706788233 ], [ 45.281852115549896, 31.179710980565027 ], [ 51.438377998132864, 33.758421626888982 ], [ 57.966065737637905, 35.967146004253607 ], [ 64.84781480912909, 37.753715290492948 ], [ 72.036126001321861, 39.0699025924308 ], [ 79.451383400152508, 39.876200432412993 ], [ 86.986511331639349, 40.146674476379978 ], [ 94.518579066358996, 39.872632240661162 ], [ 101.924983214559006, 39.063948675592641 ], [ 109.099526239266822, 37.747589317625604 ] ], [ [ 132.895435222809112, 37.86880600701182 ], [ 139.786084999343444, 36.120210312703477 ], [ 146.32266675760701, 33.948898987042377 ], [ 152.48688898098996, 31.407080793282542 ], [ 158.285419090081575, 28.547086339172424 ], [ 163.742896985739065, 25.418770436901838 ], [ 168.895431173769424, 22.068121901057637 ], [ 173.785497881341797, 18.536802285821473 ], [ 178.458418841707299, 14.862301018650079 ], [ 180.0, 13.566571253019827 ] ] ] } },
{ "type": "Feature", "properties": { "norad_cat_id": 28376, "object_name": "AURA", "orbit_class": "LEO", "agency_lead": "NASA", "program": "EOS", "period_min": 98.536969067208972, "n_samples": 60 }, "geometry": { "type": "MultiLineString", "coordinates": [ [ [ 158.403667238101207, -57.663956572766331 ], [ 155.340949072738425, -51.785304360422863 ], [ 152.889492937545356, -45.852693878702134 ], [ 150.830038819085246, -39.882192936433576 ], [ 149.032990507498766, -33.883403260192246 ], [ 147.416389948187316, -27.862708841881666 ], [ 145.925188798171462, -21.824838324938078 ], [ 144.520205439572294, -15.773665540578822 ], [ 143.171810779796147, -9.712635128479564 ], [ 141.856042530023217, -3.644991609449594 ], [ 140.551985375850677, 2.426097395017068 ], [ 139.239773621525842, 8.497471772599377 ], [ 137.898799232478211, 14.565928008104594 ], [ 136.505773318110329, 20.628156419078792 ], [ 135.032244030813416, 26.680632522678572 ], [ 133.440978341867066, 32.719414050290816 ], [ 131.680157232418367, 38.739761096434997 ], [ 129.673334191089623, 44.735420083816351 ], [ 127.300792448879434, 50.697231339868679 ], [ 124.362205598500594, 56.610260440584852 ], [ 120.495032648822985, 62.447362236526402 ], [ 114.976954457123909, 68.152978202624396 ], [ 106.192793229987316, 73.595872514514411 ], [ 90.152000167064472, 78.407595267449963 ], [ 58.962300935188026, 81.453753303106552 ], [ 18.631531473477278, 80.780313269479166 ], [ -6.769930696634486, 76.950555180265653 ], [ -19.747979241884003, 71.862402521428777 ], [ -27.189788868017214, 66.310456518535105 ], [ -32.052092596782408, 60.552720462867207 ], [ -35.560397495673634, 54.686570722591895 ], [ -38.284684483103696, 48.755361405374671 ], [ -40.520819350912959, 42.7811549996471 ], [ -42.436805712303354, 36.776534722165941 ], [ -44.135348190973808, 30.749493513518779 ], [ -45.683351428943617, 24.70568170608049 ], [ -47.127034064572165, 18.649522071989914 ], [ -48.500260276221475, 12.584790741500177 ], [ -49.829469517604004, 6.514926807904695 ], [ -51.136839128679284, 0.443197636930272 ], [ -52.442536950866916, -5.627211842966616 ], [ -53.766572117682152, -11.693143645904829 ], [ -55.130615955295184, -17.751413194467244 ], [ -56.560149660218201, -23.798726766335921 ], [ -58.087408622238343, -29.831530707691066 ], [ -59.75589733891924, -35.845731000986198 ], [ -61.627910428837737, -41.836171372617898 ], [ -63.797990046390815, -47.795642582119896 ], [ -66.418807385543516, -53.71291423215515 ], [ -69.755099192565694, -59.568532926560223 ], [ -74.307159662765912, -65.324909884768388 ], [ -81.1256393909389, -70.899671864658544 ], [ -92.690699642926617, -76.081717857817409 ], [ -114.995381767739261, -80.234438567600492 ], [ -153.553730036308934, -81.653967680985545 ], [ -180.0, -79.771470192125079 ] ], [ [ 180.0, -79.771470192125079 ], [ 172.024011772149464, -79.203723669431199 ], [ 153.761510599229013, -74.633518063227498 ], [ 143.992338799111423, -69.299883847791435 ], [ 138.001011557163224, -63.658803690402699 ], [ 133.878416075874128, -57.867807370793983 ] ] ] } },
{ "type": "Feature", "properties": { "norad_cat_id": 30580, "object_name": "THEMIS A", "orbit_class": "HEO", "agency_lead": "NASA", "program": "THEMIS", "period_min": 1639.2696143162877, "n_samples": 60 }, "geometry": { "type": "LineString", "coordinates": [ [ 96.107404013947587, 1.326252809099481 ], [ 90.624476331413192, 1.556273930902426 ], [ 85.053846605213025, 1.771721518783304 ], [ 79.409554097904604, 1.97480676584521 ], [ 73.70302468540946, 2.167331541778469 ], [ 67.943708118155058, 2.350785175142086 ], [ 62.139538480890081, 2.526414936270417 ], [ 56.297273961898526, 2.695278341412605 ], [ 50.422752299332707, 2.858282616142414 ], [ 44.521086601520565, 3.016214973121256 ], [ 38.596818142806306, 3.169766186927101 ], [ 32.654037893154907, 3.319549227881721 ], [ 26.696485129322802, 3.466114213132791 ], [ 20.727629252075477, 3.609960591457541 ], [ 14.750739224906223, 3.751547241185484 ], [ 8.768945163030853, 3.891300994518764 ], [ 2.785292417018415, 4.029623984310117 ], [ -3.197206154050317, 4.166900126734768 ], [ -9.175520072909354, 4.303500995697625 ], [ -15.146550311774327, 4.439791305997593 ], [ -21.107075614984957, 4.576134198172856 ], [ -27.053693827136616, 4.712896506115382 ], [ -32.982755563782455, 4.850454187749088 ], [ -38.890286997113556, 4.989198108993294 ], [ -44.771897572927607, 5.129540392820576 ], [ -50.622667198708513, 5.27192157964042 ], [ -56.437005450392249, 5.416818895609284 ], [ -62.208472495836986, 5.564755994877742 ], [ -67.929547109241241, 5.716314634818031 ], [ -73.591320647524668, 5.872148864096826 ], [ -79.18308584809391, 6.033002453829221 ], [ -84.691771991549359, 6.199730481228748 ], [ -90.101155340145894, 6.373326117029444 ], [ -95.390723907234928, 6.554953685292891 ], [ -100.534002822365764, 6.745988868782025 ], [ -105.496005735451206, 6.9480650815862 ], [ -110.229210913676226, 7.163120365604335 ], [ -114.666927783109173, 7.393424753535728 ], [ -118.711776357734891, 7.641526249843275 ], [ -122.21435180236999, 7.909925944343462 ], [ -124.930370094674402, 8.199870664266991 ], [ -126.424955748448255, 8.507077915916405 ], [ -125.825573881309779, 8.805229336637602 ], [ -121.035762244989641, 8.968050070546592 ], [ -105.282540724869861, 8.239929561650067 ], [ -46.342713584738291, 0.082953784984361 ], [ 47.777065548025448, -8.837367042040723 ], [ 75.287065712792, -6.367575967253616 ], [ 83.285772432886205, -4.512049828876801 ], [ 85.187051622893648, -3.255808743544976 ], [ 84.352329637512753, -2.338409495645486 ], [ 82.019058874714247, -1.626323863906848 ], [ 78.759286107965494, -1.048510562381269 ], [ 74.878549320534788, -0.563943167368333 ], [ 70.55710309924757, -0.147191714498443 ], [ 65.909305621710274, 0.218430650606885 ], [ 61.011849739981358, 0.54438824594417 ], [ 55.918476117457807, 0.838858707881741 ], [ 50.668210151692051, 1.107860107181631 ], [ 45.2902458118091, 1.355939497322806 ] ] } },
{ "type": "Feature", "properties": { "norad_cat_id": 30797, "object_name": "THEMIS D", "orbit_class": "HEO", "agency_lead": "NASA", "program": "THEMIS", "period_min": 1644.0394135158831, "n_samples": 60 }, "geometry": { "type": "MultiLineString", "coordinates": [ [ [ -180.0, 6.733423994810646 ], [ -172.670979872964182, 5.750530583015449 ], [ -136.930359662995954, 0.414514715149901 ], [ -37.816236788371327, -7.824705305364687 ], [ 7.105187322299457, -3.397894084190567 ], [ 19.433463411348612, -0.789848333843379 ], [ 23.018974144723813, 0.695148040321415 ], [ 23.046003622468447, 1.66940475598974 ], [ 21.228576200422935, 2.37146085928553 ], [ 18.309713097040515, 2.910076675763996 ], [ 14.669916406119455, 3.34195921830829 ], [ 10.527114035941054, 3.699746828142366 ], [ 6.016559791022019, 4.003668350663736 ], [ 1.227432202422676, 4.26699816836673 ], [ -3.778619186949584, 4.498850366379293 ], [ -8.957319932099438, 4.705716580971258 ], [ -14.275855509315875, 4.892363104073306 ], [ -19.709248341492469, 5.062379937073761 ], [ -25.238045641880376, 5.218530621722507 ], [ -30.846787547379222, 5.362982889187894 ], [ -36.522964540535213, 5.497465269827711 ], [ -42.256284870284787, 5.623376183648064 ], [ -48.038151454453441, 5.74186165204018 ], [ -53.861276259762349, 5.853871763125119 ], [ -59.719394476584966, 5.960202427316407 ], [ -65.607044504537214, 6.061526743461601 ], [ -71.519399542984104, 6.1584188934439 ], [ -77.452133110975524, 6.251372574315469 ], [ -83.401310669313716, 6.34081536894535 ], [ -89.363301835888706, 6.427120079777208 ], [ -95.33470410175596, 6.510613722286935 ], [ -101.312279524686232, 6.591584689665635 ], [ -107.292895369760572, 6.670288517616339 ], [ -113.273471895557293, 6.746952500549156 ], [ -119.250929596522781, 6.821779372218717 ], [ -125.222139191863334, 6.894950196695217 ], [ -131.183866942906405, 6.966626566561071 ], [ -137.132718291066737, 7.036952161965599 ], [ -143.065073094782861, 7.106053682166114 ], [ -148.977011104571517, 7.174041115731089 ], [ -154.864225525319, 7.241007261043308 ], [ -160.721915447021729, 7.307026337269518 ], [ -166.54465564421244, 7.372151426088289 ], [ -172.32622911963432, 7.436410337949189 ], [ -178.059414773943985, 7.499799273840755 ], [ -180.0, 7.521157617118476 ] ], [ [ 176.890835524336694, 7.150393415871999 ], [ 180.0, 6.733423994810646 ] ], [ [ 180.0, 7.521157617118476 ], [ 176.264293803278775, 7.562273304418868 ], [ 170.655060398939526, 7.623732126030187 ], [ 165.125215507216268, 7.683998622288925 ], [ 159.689960834464529, 7.742786173576185 ], [ 154.368373068764896, 7.799647866432728 ], [ 149.184868198899494, 7.853895668694422 ], [ 144.171400339721032, 7.904467982831187 ], [ 139.370884975659209, 7.949704793178091 ], [ 134.842739588908358, 7.986949310380951 ], [ 130.672305161190337, 8.011804713474248 ], [ 126.987834882312484, 8.016655966382693 ], [ 123.993486178375363, 7.98748398153218 ], [ 122.03979358528477, 7.8962471567163 ], [ 121.794746619339335, 7.67993253922665 ], [ 124.741219453221746, 7.170413785751278 ] ] ] } },
{ "type": "Feature", "properties": { "norad_cat_id": 30798, "object_name": "THEMIS E", "orbit_class": "HEO", "agency_lead": "NASA", "program": "THEMIS", "period_min": 1635.5850235476539, "n_samples": 60 }, "geometry": { "type": "MultiLineString", "coordinates": [ [ [ -180.0, -4.602710508317966 ], [ -147.001752316332357, -5.743317200581915 ], [ -122.658491301464494, -2.982467796170438 ], [ -115.750844138643998, -1.420106817863603 ], [ -114.364893525049325, -0.4340825215886 ], [ -115.496421620541298, 0.26072685428734 ], [ -118.022207087772131, 0.78746564331324 ], [ -121.416846075879505, 1.207373154747755 ], [ -125.397227650143151, 1.554503202975328 ], [ -129.79519190856783, 1.849441287374408 ], [ -134.503479192822994, 2.105449453589022 ], [ -139.449842986417167, 2.331508815341859 ], [ -144.583474165927015, 2.533950195850477 ], [ -149.867362900600341, 2.717385532572007 ], [ -155.273749475511977, 2.885268353863549 ], [ -160.781286294709247, 3.040246007938365 ], [ -166.373196947334662, 3.184389289227539 ], [ -172.036041576254121, 3.319346913890773 ], [ -177.75886542562759, 3.446452325492362 ], [ -180.0, 3.493166257993175 ] ], [ [ 125.292395739068283, 5.093198205095685 ], [ 119.377542834920575, 5.173930298257966 ], [ 113.488019611280336, 5.254887303743269 ], [ 107.628623534157967, 5.336267293682589 ], [ 101.804807277772071, 5.418273880682192 ], [ 96.022852892030826, 5.501118144723354 ], [ 90.290098570003991, 5.585020341779768 ], [ 84.615237707077725, 5.670211174489546 ], [ 79.008721282621963, 5.756932202644144 ], [ 73.483309062131809, 5.845434600976126 ], [ 68.054844555091776, 5.935974779063216 ], [ 62.743366392594254, 6.028804046871773 ], [ 57.574750836597694, 6.124146867785638 ], [ 52.583215068988423, 6.222156793758552 ], [ 47.815276139520243, 6.322827414760356 ], [ 43.336291161988271, 6.425808818872075 ], [ 39.241848734927608, 6.530014298172969 ], [ 35.678949710761273, 6.632727794258773 ], [ 34.069445212375122, 6.68734289083395 ] ], [ [ 34.069445212375122, 6.68734289083395 ], [ 32.888788236732317, 6.727405962923245 ], [ 31.3030987624301, 6.797615074737578 ], [ 31.796196820531133, 6.797352621293887 ], [ 34.069445212375122, 6.68734289083395 ] ], [ [ 34.069445212375122, 6.68734289083395 ], [ 36.506471326868336, 6.569407434708211 ], [ 52.636491391379451, 5.341367549225069 ], [ 118.05756314732642, -2.461628391273747 ], [ 180.0, -4.602710508317966 ] ], [ [ 180.0, 3.493166257993175 ], [ 176.467404610508936, 3.566799240351489 ], [ 170.650396412305525, 3.681296369426827 ], [ 164.796615264629025, 3.790707679725259 ], [ 158.911686921242335, 3.895682583618393 ], [ 153.000544321597744, 3.996778921999703 ], [ 147.067572724872178, 4.094480715388968 ], [ 141.116726863807884, 4.189212061449731 ], [ 135.151624655043008, 4.281348157872934 ], [ 129.175625802274112, 4.371224157083547 ], [ 123.191898629211167, 4.459142370295659 ], [ 117.203478843245477, 4.545378205557731 ], [ 111.213321935612086, 4.63018512967141 ], [ 105.224353993535019, 4.713798875514279 ], [ 99.239519631905281, 4.796441066403109 ], [ 93.261831471030419, 4.87832239229217 ], [ 87.294422176670764, 4.959645444976587 ], [ 81.340601408877575, 5.040607298260184 ], [ 75.403920411880407, 5.121401902001391 ] ] ] } },
{ "type": "Feature", "properties": { "norad_cat_id": 39070, "object_name": "TDRS 11", "orbit_class": "GEO", "agency_lead": "NASA", "program": "TDRSS", "period_min": 1436.1679735279934, "n_samples": 60 }, "geometry": { "type": "LineString", "coordinates": [ [ -174.268063137558187, 0.461796034759705 ], [ -174.285217134221142, 0.080194590677306 ], [ -174.302848678166498, -0.302293982183113 ], [ -174.320359013248463, -0.681365014233794 ], [ -174.337165022958374, -1.052752227443875 ], [ -174.352723059234819, -1.412273951446066 ], [ -174.366550977958553, -1.755878646707057 ], [ -174.378247452992582, -2.079689371456968 ], [ -174.387507725183212, -2.380046800130968 ], [ -174.394135126239973, -2.653550366920557 ], [ -174.398047818228804, -2.897097073570815 ], [ -174.399280465942923, -3.10791747171239 ], [ -174.397980711694657, -3.28360831218837 ], [ -174.394400772398171, -3.422161352290668 ], [ -174.388883518095554, -3.521987830299616 ], [ -174.381846130738182, -3.58193815758203 ], [ -174.373758809000975, -3.601316442020886 ], [ -174.365121978244986, -3.57988954093963 ], [ -174.35644210278582, -3.517890443147951 ], [ -174.348207417410805, -3.416015892801582 ], [ -174.340864717088863, -3.275418285821638 ], [ -174.334798328176419, -3.097691985587512 ], [ -174.330312223801201, -2.884854311696839 ], [ -174.327616122827664, -2.639321547733636 ], [ -174.326816175155841, -2.363880387820815 ], [ -174.32791064975234, -2.061655292960182 ], [ -174.330790760971325, -1.736072258925605 ], [ -174.335246554908707, -1.390819507556831 ], [ -174.340977723150701, -1.029805607014914 ], [ -174.34760779863214, -0.657115508273384 ], [ -174.354703583774608, -0.276964960164321 ], [ -174.361795598895526, 0.106346260920562 ], [ -174.368401113195603, 0.488481893115012 ], [ -174.374047766975394, 0.865117104254351 ], [ -174.378296860371989, 1.231986385955487 ], [ -174.380765313449899, 1.584931025486481 ], [ -174.381145273136411, 1.919945736439672 ], [ -174.379220475793176, 2.233224002883561 ], [ -174.374878600642518, 2.521201660148502 ], [ -174.368118972471819, 2.78059820401637 ], [ -174.359055237617326, 3.008455294037983 ], [ -174.347912763602181, 3.202171901728661 ], [ -174.335020867857111, 3.359535555940024 ], [ -174.32080027592454, 3.478749159582887 ], [ -174.305745372284122, 3.558452896965903 ], [ -174.290404511472985, 3.597740819699493 ], [ -174.275355945879937, 3.596171789836551 ], [ -174.261182998687161, 3.553774567880805 ], [ -174.248448640463494, 3.471046954850574 ], [ -174.237670800946518, 3.348949024768425 ], [ -174.22929960929838, 3.188890609154418 ], [ -174.223697575249702, 2.992713310907492 ], [ -174.221123638856142, 2.76266742465883 ], [ -174.221721769287683, 2.501384219767917 ], [ -174.225514601880803, 2.211844097046326 ], [ -174.232402349253306, 1.897341160545125 ], [ -174.24216697210602, 1.561444753136417 ], [ -174.254481389975552, 1.207958491916244 ], [ -174.268923416582084, 0.840877311856251 ], [ -174.284992823000636, 0.464342989215169 ] ] } },
{ "type": "Feature", "properties": { "norad_cat_id": 39504, "object_name": "TDRS 12", "orbit_class": "GEO", "agency_lead": "NASA", "program": "TDRSS", "period_min": 1436.120521468127, "n_samples": 60 }, "geometry": { "type": "LineString", "coordinates": [ [ -40.775747574796142, -2.690022870639913 ], [ -40.78225320068168, -2.355140382368584 ], [ -40.792245567307312, -1.993701398370702 ], [ -40.805397396459021, -1.609801541064328 ], [ -40.821253921069449, -1.207780759714348 ], [ -40.839252534377508, -0.792174816765235 ], [ -40.858745464115408, -0.367665372215786 ], [ -40.879027455564035, 0.060970899971476 ], [ -40.899365790750274, 0.488913780390716 ], [ -40.919029899107841, 0.91135121154029 ], [ -40.937322297450052, 1.323530916916892 ], [ -40.953608095722807, 1.720811603775222 ], [ -40.967340163896843, 2.098713400414179 ], [ -40.978083030482658, 2.452967140804112 ], [ -40.985529506916201, 2.779562058620502 ], [ -40.989513405947733, 3.074791395997777 ], [ -40.990016111746826, 3.335295376742684 ], [ -40.987165135432072, 3.55810094802646 ], [ -40.981227658167342, 3.740657666120912 ], [ -40.972597795520954, 3.880869097684355 ], [ -40.961776621431589, 3.977119133312538 ], [ -40.949348839649872, 4.028292667056317 ], [ -40.935955664172148, 4.033790183918407 ], [ -40.922263724505541, 3.993535913477217 ], [ -40.908934419577626, 3.907979345438631 ], [ -40.896593735864869, 3.778090053561317 ], [ -40.885802445224677, 3.605345928173656 ], [ -40.877031100719869, 3.391715064258078 ], [ -40.870639486808912, 3.13963168249627 ], [ -40.866859797404679, 2.851966567220027 ], [ -40.865788421836903, 2.53199258291692 ], [ -40.867381659965204, 2.1833458777714 ], [ -40.871459631530506, 1.809983399665846 ], [ -40.877716473207329, 1.416137340829301 ], [ -40.885734789435482, 1.006267097768448 ], [ -40.895006648308083, 0.585009290523244 ], [ -40.90495863372967, 0.157126337522164 ], [ -40.914978373535952, -0.272545963003343 ], [ -40.924444314231501, -0.699151430418577 ], [ -40.932755972652707, -1.11786668497119 ], [ -40.939361845264301, -1.523954129314181 ], [ -40.943786730051023, -1.912814326896525 ], [ -40.945655744773447, -2.280037346225372 ], [ -40.944712467685967, -2.621452597363537 ], [ -40.940833301645526, -2.933176637252316 ], [ -40.93403586580439, -3.211658370838651 ], [ -40.924479442973571, -3.45372103314019 ], [ -40.912460358804566, -3.656600311506399 ], [ -40.898400922658702, -3.817977964374008 ], [ -40.882830693395654, -3.936010318272058 ], [ -40.86636503427043, -4.009351081747185 ], [ -40.849676962498336, -4.037168003407322 ], [ -40.833467707181761, -4.019153018465779 ], [ -40.818435750759186, -3.955525668093506 ], [ -40.80524430688439, -3.847029730205004 ], [ -40.794491779045252, -3.694923159067478 ], [ -40.786685097350293, -3.500961583848007 ], [ -40.782215686319709, -3.267375753009224 ], [ -40.781342132098921, -2.996843424082464 ], [ -40.78417880662478, -2.692456281020708 ] ] } },
{ "type": "Feature", "properties": { "norad_cat_id": 39574, "object_name": "GPM-CORE", "orbit_class": "LEO", "agency_lead": "NASA", "program": "GPM", "period_min": 93.194983283761474, "n_samples": 60 }, "geometry": { "type": "MultiLineString", "coordinates": [ [ [ -180.0, 53.10615526722961 ], [ -175.657195851596043, 55.781721031837549 ], [ -167.06888440986782, 59.507729726254844 ], [ -156.517387564848605, 62.473806081930398 ], [ -144.024769235844616, 64.415188479131061 ], [ -130.255624815361074, 65.091754839810093 ], [ -116.49248202013348, 64.403178512384343 ], [ -104.014579081198463, 62.45131770397915 ], [ -93.480293617377413, 59.476909151037347 ], [ -84.9074908483787, 55.744492192086604 ], [ -77.994849937408503, 51.473025682945369 ], [ -72.378552747766605, 46.821762060810876 ], [ -67.740831350024564, 41.900802459059179 ], [ -63.833092671626957, 36.785607944620281 ], [ -60.468019223718557, 31.528626319569046 ], [ -57.505081874007033, 26.167310430989406 ], [ -54.837407254088305, 20.729378803482145 ], [ -52.381601671934504, 15.236236363496975 ] ], [ [ -28.790848165702833, 15.213626835584046 ], [ -26.479940519191285, 9.682503594095248 ], [ -24.256146841684952, 4.128386888079223 ], [ -22.068425023368995, -1.435343464927546 ], [ -19.868171057292759, -6.995875835548174 ], [ -17.605935552500522, -12.540200282033581 ], [ -15.228037487941094, -18.054310094547507 ], [ -12.672663127932614, -23.522239862486096 ], [ -9.864961319653171, -28.924773922857781 ], [ -6.710539618070459, -34.237587820552015 ], [ -3.086647253908849, -39.428461917751768 ], [ 1.169555608897098, -44.453012969414665 ], [ 6.275291487163142, -49.248135983864813 ], [ 12.515000966974753, -53.722187679538337 ], [ 20.237011174560326, -57.741541070851 ], [ 29.795305554702541, -61.11653949146168 ], [ 41.369039864812436, -63.599933678630109 ], [ 54.641976999738958, -64.926333411376376 ], [ 68.591997425047111, -64.912122344661483 ], [ 81.837269013257526, -63.559541583722172 ], [ 93.369388933538104, -61.055267921021191 ], [ 102.885951265505724, -57.665199356459212 ], [ 110.572767283275951, -53.635600180510799 ], [ 116.785005237026468, -49.154855703547007 ], [ 121.869947599015276, -44.355550028678842 ], [ 126.110546455259325, -39.328587236240537 ], [ 129.722720213875647, -34.136573245826014 ], [ 132.868314475862519, -28.823556200536075 ], [ 135.669361774036531, -23.421527044123529 ], [ 138.219747766312935, -17.954649742201209 ], [ 140.593971299980808, -12.442023530910706 ], [ 142.853606227009834, -6.899526569371249 ], [ 145.052177552381238, -1.34109856663686 ], [ 147.239044539426999, 4.220302288993306 ], [ 149.462777194350878, 9.771903137588385 ], [ 151.774436833437562, 15.300350064777762 ], [ 154.231157576709734, 20.790846854121309 ], [ 156.900474345542079, 26.226054305345333 ], [ 159.86592938266611, 31.584554383159258 ], [ 163.23462367758134, 36.838588794660836 ], [ 167.147414588494456, 41.950625475845158 ], [ 171.792073477032687, 46.868078166497781 ], [ 177.417761638580146, 51.515259541846412 ], [ 180.0, 53.10615526722961 ] ] ] } },
{ "type": "Feature", "properties": { "norad_cat_id": 40059, "object_name": "OCO 2", "orbit_class": "LEO", "agency_lead": "NASA", "program": "OCO", "period_min": 98.823793174406418, "n_samples": 60 }, "geometry": { "type": "MultiLineString", "coordinates": [ [ [ -82.120556023343312, -74.49604252948221 ], [ -99.827558946077573, -79.148195591814556 ], [ -133.909178254052307, -81.763435494497827 ], [ -173.466940109834212, -80.48391742571134 ], [ -180.0, -79.312720544800385 ] ], [ [ 180.0, -79.312720544800385 ], [ 163.553250994573091, -76.364273498527766 ], [ 151.787079758859363, -71.182996928497886 ], [ 144.915184188489775, -65.603775131923314 ], [ 140.354118994184262, -59.842688840592459 ], [ 137.023426955789461, -53.982923475542535 ], [ 134.413209759843653, -48.062093832688824 ], [ 132.255343189879056, -42.09953903291396 ], [ 130.395921467062692, -36.106367861493389 ], [ 128.73998850224541, -30.089685473188823 ], [ 127.225171866479684, -24.05456254442619 ], [ 125.808038103271315, -18.005022300779945 ], [ 124.456496575141387, -11.944558485567264 ], [ 123.145259672820259, -5.876412377204101 ], [ 121.852892014864608, 0.196279497813397 ], [ 120.559674030414868, 6.270405947050559 ], [ 119.245801213734779, 12.342831288032649 ], [ 117.889568842631832, 18.410344821598699 ], [ 116.465176501576934, 24.469578813426743 ], [ 114.93965966652047, 30.516854565224673 ], [ 113.268121376254783, 36.547891707304871 ], [ 111.385689407830739, 42.557260622177878 ], [ 109.192954512800327, 48.537330319668719 ], [ 106.527585848410411, 54.476149121328405 ], [ 103.104212295248544, 60.352842738592329 ], [ 98.373925459534576, 66.12651866063608 ], [ 91.156949712843698, 71.705563821014778 ], [ 78.592011769670194, 76.847343309816679 ], [ 53.796487968211238, 80.795714161875182 ], [ 13.113032177245941, 81.646312542298162 ], [ -19.085680968824249, 78.678653916032559 ], [ -35.503550112083417, 73.877412879315614 ], [ -44.390893249908913, 68.431618164476177 ], [ -49.932722794543622, 62.721522721588045 ], [ -53.798909437912926, 56.880372129725842 ], [ -56.728254351804992, 50.963958064725894 ], [ -59.08883337550526, 44.999331446838383 ], [ -61.08295092012429, 39.001289875440605 ], [ -62.831016505153116, 32.978869677158308 ], [ -64.409663661757634, 26.938221629626778 ], [ -65.870686475586297, 20.884000360198097 ], [ -67.251195525258311, 14.820076104259675 ], [ -68.57946465510264, 8.749910797182261 ], [ -69.878563895437367, 2.676757861268577 ], [ -71.168835711818872, -3.396232167997344 ], [ -72.469818636332832, -9.465952178398673 ], [ -73.802010834770613, -15.529291762919902 ], [ -75.188822852444218, -21.583073758453452 ], [ -76.659121849587905, -27.623940053489317 ], [ -78.250996160580712, -33.648137102547715 ], [ -80.017851708702665, -39.65111527186815 ], [ -82.039056537404178, -45.626773788702728 ], [ -84.439889997769058, -51.565987364225698 ], [ -87.431925951554319, -57.453547282441733 ], [ -91.402462918320566, -63.261213984135267 ], [ -97.134578133867933, -68.929919559168923 ], [ -106.411660323002138, -74.316631300889341 ] ] ] } },
{ "type": "Feature", "properties": { "norad_cat_id": 40376, "object_name": "SMAP", "orbit_class": "LEO", "agency_lead": "NASA", "program": "SMAP", "period_min": 98.401225877551923, "n_samples": 60 }, "geometry": { "type": "MultiLineString", "coordinates": [ [ [ 85.930255731035146, 81.459456229121926 ], [ 84.922154300575258, 81.342231340342323 ] ], [ [ 84.922154300575258, 81.342231340342323 ], [ 56.567847982908191, 78.045112316322104 ], [ 41.848323438428928, 73.079463135769487 ], [ 33.720201480731276, 67.567356469539718 ], [ 28.555338984150666, 61.824555681668393 ], [ 24.900305521428503, 55.964449131010099 ], [ 22.101067200466808, 50.035639163408902 ], [ 19.826694503789327, 44.062150940409644 ], [ 17.892958235397352, 38.05735895183166 ], [ 16.189027173976296, 32.029576819278454 ], [ 14.643696030561223, 25.984569705151756 ], [ 13.208407298353274, 19.926780459179945 ], [ 11.84804951139632, 13.859961085335744 ], [ 10.535598527841682, 7.787506376821177 ], [ 9.248748766418295, 1.712630120346527 ], [ 7.967573256560967, -4.361542470706279 ], [ 6.672663901948345, -10.431921993014013 ], [ 5.343375098339566, -16.495409984765043 ], [ 3.955822870502465, -22.548832710718653 ], [ 2.48021773617411, -28.588818516693355 ], [ 0.876852116298477, -34.611565993227757 ], [ -0.910482468201963, -40.612409521716458 ], [ -2.966125792016382, -46.584996073858413 ], [ -5.424613388292907, -52.519664247118172 ], [ -8.515991056020054, -58.400034048295844 ], [ -12.667915510852133, -64.195119736130721 ], [ -18.762158438005592, -69.838631631327772 ], [ -28.853532189609929, -75.16527052681792 ], [ -48.126204749937628, -79.682047987310696 ], [ -84.518822518003432, -81.905068295508613 ], [ -122.84442776373028, -80.139660289195803 ], [ -143.921671854769386, -75.801712175117103 ], [ -154.793074363814611, -70.538773861272375 ], [ -161.242736369007815, -64.922940287490547 ], [ -165.578310866971009, -59.142273350020488 ], [ -168.774826686232302, -53.270539550267102 ], [ -171.298241559823111, -47.341622169399997 ], [ -173.396225901664906, -41.373174467085249 ], [ -175.212222926399505, -35.375467489980991 ], [ -176.835416369263726, -29.355161633782828 ], [ -178.324798891926065, -23.317080787927544 ], [ -179.721737084631712, -17.265107148437881 ], [ -180.0, -16.001737540862102 ] ], [ [ 180.0, -16.001737540862102 ], [ 178.942979506353936, -11.202651883005966 ], [ 177.644883788328002, -5.132906287899186 ], [ 176.363038296409371, 0.941025179099288 ], [ 175.077976132948805, 7.016053697229408 ], [ 173.769933537008143, 13.089060171815456 ], [ 172.417021256466114, 19.156845113842962 ], [ 170.992972425452905, 25.21604332106439 ], [ 169.463944166012709, 31.262961542169609 ], [ 167.78348881017078, 37.293270668980583 ], [ 165.883996635976104, 43.301423876201355 ], [ 163.661049871707633, 49.279532205611844 ], [ 160.94261359950562, 55.215079840968841 ], [ 157.422953419951483, 61.085901922632225 ], [ 152.505826283316452, 66.847873300955399 ], [ 144.887142265488762, 72.400088197873856 ], [ 131.348437692870476, 77.468147440092196 ], [ 104.340916250378484, 81.181963943006878 ], [ 84.922154300575258, 81.342231340342323 ] ], [ [ 84.922154300575258, 81.342231340342323 ], [ 62.703018360836779, 81.525610852244753 ] ] ] } },
{ "type": "Feature", "properties": { "norad_cat_id": 40482, "object_name": "MMS 1", "orbit_class": "HEO", "agency_lead": "NASA", "program": "MMS", "period_min": 4320.0, "n_samples": 60 }, "geometry": { "type": "MultiLineString", "coordinates": [ [ [ -23.122534468485281, 22.426949541653695 ], [ -40.212733505791661, 25.739567776555255 ], [ -56.924896669164944, 29.765075786215156 ], [ -72.983876025872348, 34.859349706161503 ], [ -87.724662913575244, 41.682717296343185 ], [ -98.961365899454449, 51.588573404174483 ], [ -93.038131356605234, 66.926703292473192 ], [ -6.128850747901558, 55.281512956681858 ], [ 9.889109159767902, -16.275308509685228 ] ], [ [ 9.889109159767902, -16.275308509685228 ], [ 12.914026333129598, -29.788481184137478 ], [ 22.935923536027165, -43.387192024145357 ] ], [ [ 22.935923536027165, -43.387192024145357 ], [ 42.291596819412597, -69.650902254412287 ], [ 84.988389050783084, -70.165560687445179 ], [ 89.118975162694454, -63.085144543584626 ], [ 79.955659707898221, -57.118983064114417 ], [ 66.608060232537937, -52.411340295231064 ], [ 51.473244991585972, -48.601554423601065 ], [ 35.408800357130652, -45.425630447947377 ], [ 22.935923536027165, -43.387192024145357 ] ], [ [ 22.935923536027165, -43.387192024145357 ], [ 18.795379640062436, -42.710504208332651 ], [ 1.828260881218185, -40.341070127550047 ], [ -15.38157369696501, -38.238254477283633 ], [ -32.766072490936175, -36.345928888973667 ], [ -50.280994083538594, -34.623057328948676 ], [ -67.89620963141256, -33.038849602105529 ], [ -85.590412410202575, -31.569673475673213 ], [ -103.348054395051435, -30.197026051896678 ], [ -121.15748613348687, -28.906163090050093 ], [ -139.009778803952912, -27.685149153913638 ], [ -156.897952243018466, -26.524184257785695 ], [ -174.816454479959162, -25.415116666046913 ], [ -180.0, -25.107751713543287 ] ], [ [ 180.0, -25.107751713543287 ], [ 167.239200479934766, -24.351083806754605 ], [ 149.272688147482057, -23.326243117046847 ], [ 131.287059172651936, -22.335567150426858 ], [ 113.284876249415902, -21.374685341321083 ], [ 95.268315977959617, -20.439760130995264 ], [ 77.239247957599844, -19.527388719903698 ], [ 59.199294443346162, -18.634524142004672 ], [ 41.149877774185939, -17.758411041469419 ], [ 23.092258058368714, -16.896532716612487 ], [ 9.889109159767902, -16.275308509685228 ] ], [ [ 9.889109159767902, -16.275308509685228 ], [ 5.027562704382945, -16.046566838711069 ], [ -13.043187931478315, -15.206347858497887 ], [ -31.119060810014957, -14.373834552155735 ], [ -49.199192865385839, -13.547081475630067 ], [ -67.282776110022155, -12.724213326869098 ], [ -85.369045432392284, -11.903401379155465 ], [ -103.457266052513603, -11.082841261561677 ], [ -121.546723592315175, -10.260731434009939 ], [ -139.636713870283302, -9.435251740596426 ], [ -157.726532929236328, -8.604541428741204 ], [ -175.815467816197838, -7.766675993648021 ], [ -180.0, -7.570713247284552 ] ] ] } },
{ "type": "Feature", "properties": { "norad_cat_id": 40483, "object_name": "MMS 2", "orbit_class": "HEO", "agency_lead": "NASA", "program": "MMS", "period_min": 4320.0, "n_samples": 60 }, "geometry": { "type": "MultiLineString", "coordinates": [ [ [ -23.14142131810717, 22.383878590564759 ], [ -40.235000573566353, 25.690983238424064 ], [ -56.95215089689588, 29.709393962412115 ], [ -73.01933726728295, 34.794075670095431 ], [ -87.776228547947099, 41.603683349004392 ], [ -99.056723715482491, 51.48905201508223 ], [ -93.38134253665261, 66.818577541273697 ], [ -6.397925778799582, 55.53218410876886 ], [ 9.83311067772606, -16.26765831238647 ] ], [ [ 9.83311067772606, -16.26765831238647 ], [ 12.86592938232225, -29.683678026542843 ], [ 22.950226840859635, -43.357268991650429 ] ], [ [ 22.950226840859635, -43.357268991650429 ], [ 42.354778887065493, -69.668463066586369 ], [ 85.111578337552146, -70.147814367904303 ], [ 89.191308757528617, -63.053266360763544 ], [ 80.004077405834266, -57.084863171738974 ], [ 66.644216926332149, -52.377932650661457 ], [ 51.502074085212016, -48.569693251488502 ], [ 35.432752842552105, -45.39552905848398 ], [ 22.950226840859635, -43.357268991650429 ] ], [ [ 22.950226840859635, -43.357268991650429 ], [ 18.815833542289191, -42.682167753333943 ], [ 1.846064182664885, -40.314431751511265 ], [ -15.365862816692724, -38.213225433817335 ], [ -32.75206711764671, -36.322418011357506 ], [ -50.268414882635277, -34.600978553448137 ], [ -67.884848235085926, -33.018124567849398 ], [ -85.580109181355155, -31.550232049178028 ], [ -103.338684297171724, -30.178805993932631 ], [ -121.148949404503867, -28.889109402317462 ], [ -139.001994599581792, -27.669213344869277 ], [ -156.890854182938114, -26.509323631740418 ], [ -174.809987451899332, -25.401293677143201 ], [ -180.0, -25.093845854133697 ] ], [ [ 180.0, -25.093845854133697 ], [ 167.245082661576504, -24.338265490498632 ], [ 149.278024488384233, -23.314400599022928 ], [ 131.291882822557511, -22.324675226378776 ], [ 113.289215519695915, -21.364722120976268 ], [ 95.272195133134403, -20.430706737893711 ], [ 77.242687837377503, -19.519229040124923 ], [ 59.202312955636501, -18.627244615595693 ], [ 41.152490288445563, -17.752000491345228 ], [ 23.094477720840587, -16.890982210630732 ], [ 9.83311067772606, -16.26765831238647 ] ], [ [ 9.83311067772606, -16.26765831238647 ], [ 5.029400691236106, -16.041869581475165 ], [ -13.041722211137312, -15.202499110213186 ], [ -31.117959552268474, -14.37083157256723 ], [ -49.198449744011612, -13.544923491707189 ], [ -67.282386178344268, -12.722901523512343 ], [ -85.369005050789667, -11.902938912786098 ], [ -103.457572838994963, -11.083233297051541 ], [ -121.54737639450218, -10.261985206034099 ], [ -139.637712757961253, -9.437376641177442 ], [ -157.727879207412457, -8.60754912353344 ], [ -175.817164059389142, -7.770580570425158 ], [ -180.0, -7.574912359669033 ] ] ] } },
{ "type": "Feature", "properties": { "norad_cat_id": 40484, "object_name": "MMS 3", "orbit_class": "HEO", "agency_lead": "NASA", "program": "MMS", "period_min": 4320.0, "n_samples": 60 }, "geometry": { "type": "MultiLineString", "coordinates": [ [ [ -23.123182041186979, 22.398633507691475 ], [ -40.216493013226184, 25.705206968076276 ], [ -56.933529159399079, 29.722292745266696 ], [ -73.001096640679691, 34.80406507491162 ], [ -87.760169139058576, 41.607258895584707 ], [ -99.052018448744533, 51.477398800760639 ], [ -93.493554075743731, 66.774396821652786 ], [ -6.667237820015641, 55.780801800195441 ], [ 9.743002507979149, -16.265009114618547 ] ], [ [ 9.743002507979149, -16.265009114618547 ], [ 12.706073228426449, -29.273766365320746 ], [ 22.919550532371233, -43.382274829000629 ] ], [ [ 22.919550532371233, -43.382274829000629 ], [ 41.874064521306067, -69.565318378188266 ], [ 84.816833480019, -70.199959093330335 ], [ 89.081572753251649, -63.112278691747939 ], [ 79.950274069306346, -57.135086427777907 ], [ 66.613381106343994, -52.420285548957011 ], [ 51.483061254846874, -48.605936688539664 ], [ 35.420772869457878, -45.427012440888355 ], [ 22.919550532371233, -43.382274829000629 ] ], [ [ 22.919550532371233, -43.382274829000629 ], [ 18.808466134948361, -42.709853471601242 ], [ 1.841940288094519, -40.339011567082942 ], [ -15.367584222452184, -38.235208092646168 ], [ -32.751936088081223, -36.342186954941681 ], [ -50.266809249069084, -34.618829440561946 ], [ -67.882037940095145, -33.034290041290674 ], [ -85.576293391759222, -31.564898455598016 ], [ -103.33401394398399, -30.192124940978445 ], [ -121.14354147177221, -28.90120592978451 ], [ -138.995941517045935, -27.680191823925046 ], [ -156.884230194982393, -26.519272105938605 ], [ -174.802853053885883, -25.410287112628978 ], [ -180.0, -25.102150797264631 ] ], [ [ 180.0, -25.102150797264631 ], [ 167.25267755970188, -24.346368248062017 ], [ 149.286038258929437, -23.321668341362997 ], [ 131.300280412298633, -22.33115640891209 ], [ 113.297967162676798, -21.370459171106308 ], [ 95.281275366137834, -20.435736998142229 ], [ 77.252074736893519, -19.523585530122389 ], [ 59.211987539405413, -18.630956653604699 ], [ 41.162436040982527, -17.755094205792169 ], [ 23.104680213557458, -16.893480964763977 ], [ 9.743002507979149, -16.265009114618547 ] ], [ [ 9.743002507979149, -16.265009114618547 ], [ 5.039847275579575, -16.043794328903928 ], [ -13.03104265357814, -15.203868695120399 ], [ -31.107056814767077, -14.371662985459748 ], [ -49.187332464019164, -13.545232089365157 ], [ -67.271061978193757, -12.722701220161227 ], [ -85.357480655294921, -11.90224234829283 ], [ -103.445854174277201, -11.082051987049899 ], [ -121.535468671490264, -10.2603296782524 ], [ -139.625620543349669, -9.435256561831581 ], [ -157.715606484366617, -8.604973417437746 ], [ -175.804714279924156, -7.767557538456706 ], [ -180.0, -7.571203106183519 ] ] ] } },
{ "type": "Feature", "properties": { "norad_cat_id": 40485, "object_name": "MMS 4", "orbit_class": "HEO", "agency_lead": "NASA", "program": "MMS", "period_min": 4320.0, "n_samples": 60 }, "geometry": { "type": "MultiLineString", "coordinates": [ [ [ -23.135208650457301, 22.406064919938078 ], [ -40.228222893649217, 25.712195781243881 ], [ -56.944895385184317, 29.728638885537016 ], [ -73.012014529460671, 34.809410481143431 ], [ -87.770579627319918, 41.61088482796108 ], [ -99.062401051896785, 51.477625214136673 ], [ -93.515798994171959, 66.767429143915038 ], [ -6.722795490514721, 55.808900020347295 ], [ 9.714897480801865, -16.25517144094545 ] ], [ [ 9.714897480801865, -16.25517144094545 ], [ 12.675467781817893, -29.234532359225916 ], [ 22.901870199192899, -43.373886363172858 ] ], [ [ 22.901870199192899, -43.373886363172858 ], [ 41.838955057584776, -69.556911017146575 ], [ 84.793795376228033, -70.196624272402929 ], [ 89.063545677564846, -63.107335749213433 ], [ 79.933415564378549, -57.128882767518078 ], [ 66.596963376077809, -52.413280447979851 ], [ 51.466878377081926, -48.598401994789043 ], [ 35.404745548384035, -45.419109722243732 ], [ 22.901870199192899, -43.373886363172858 ] ], [ [ 22.901870199192899, -43.373886363172858 ], [ 18.792556545586077, -42.701683846601398 ], [ 1.82612738128085, -40.330641599661696 ], [ -15.383313563590095, -38.226683540257902 ], [ -32.767590749710138, -36.33354043844566 ], [ -50.28239563457187, -34.610084940619132 ], [ -67.897560878962068, -33.025465654064199 ], [ -85.591756650935466, -31.556008148395737 ], [ -103.349420534969255, -30.183179709097121 ], [ -121.15889384539318, -28.892214581528222 ], [ -139.011241692760137, -27.671161527236364 ], [ -156.899479850059038, -26.510208777827341 ], [ -174.818053586900817, -25.401195702324653 ], [ -180.0, -25.093952898899907 ] ], [ [ 180.0, -25.093952898899907 ], [ 167.23752498246435, -24.337252946713253 ], [ 149.270932668843329, -23.312532739963164 ], [ 131.285221012122719, -22.322003619089251 ], [ 113.282953306386844, -21.361291918860431 ], [ 95.26630654334059, -20.426557697602739 ], [ 77.237150560766736, -19.514396342374773 ], [ 59.197107737417923, -18.62175953424666 ], [ 41.147600447867603, -17.745890943914791 ], [ 23.0898887661549, -16.884273215373852 ], [ 9.714897480801865, -16.25517144094545 ] ], [ [ 9.714897480801865, -16.25517144094545 ], [ 5.025100009278276, -16.03458364031815 ], [ -13.045745606991716, -15.194656532517284 ], [ -31.121715227981781, -14.362450751517194 ], [ -49.201946013874419, -13.536021142738026 ], [ -67.285630244193101, -12.713492892418996 ], [ -85.372003116958524, -11.893037959849719 ], [ -103.46033020729692, -11.072852862561284 ], [ -121.549897542615952, -10.251137161919791 ], [ -139.640001403897372, -9.426072033049202 ], [ -157.729938362196549, -8.595798307228762 ], [ -175.818996069688865, -7.758393347184827 ], [ -180.0, -7.562709689846681 ] ] ] } },
{ "type": "Feature", "properties": { "norad_cat_id": 41884, "object_name": "CYGFM05", "orbit_class": "LEO", "agency_lead": "NASA", "program": "CYGNSS", "period_min": 92.408627289465613, "n_samples": 60 }, "geometry": { "type": "MultiLineString", "coordinates": [ [ [ -180.0, -21.202453625668092 ], [ -176.293661619965036, -23.187649043798068 ], [ -170.652600429818705, -25.856422108162445 ], [ -164.75098445358492, -28.26276626249529 ], [ -158.581459767297844, -30.366277236395348 ], [ -152.151482571946985, -32.126933301613924 ], [ -145.48627602691127, -33.507215816923029 ], [ -138.630150096385876, -34.474747906588 ], [ -131.645141293493054, -35.005110800125166 ], [ -124.60643640289581, -35.084314070589464 ], [ -117.595003305407431, -34.710349669132334 ], [ -110.68889232646444, -33.89342450719294 ], [ -103.955216526464596, -32.654807417999301 ], [ -97.444539820361911, -31.024597027808785 ], [ -91.18846059506518, -29.038950732828329 ], [ -85.200137423425417, -26.73733464788716 ], [ -79.47682384544612, -24.160204176184141 ], [ -74.003321162455904, -21.347312260988101 ], [ -68.755475466321514, -18.336660606203026 ] ], [ [ -45.728695557286251, -18.650666200847638 ], [ -40.658047654953485, -15.492922948992373 ], [ -35.752767630559589, -12.203285779585993 ], [ -30.977268027007291, -8.813226890463595 ], [ -26.294891521112717, -5.352406555467977 ], [ -21.668523114988737, -1.84914203161268 ], [ -17.060882855944996, 1.669064800729389 ], [ -12.434636237170469, 5.174971994295269 ], [ -7.752441891067323, 8.641033494481375 ], [ -2.977057614655173, 12.03884181366305 ], [ 1.928372509246014, 15.338596526182439 ], [ 6.999714528768683, 18.508629398702297 ], [ 12.270773048643441, 21.515036883679521 ], [ 17.771607932968053, 24.321498147411553 ], [ 23.52613142449664, 26.88938818690626 ], [ 29.548997070233039, 29.178321574973932 ], [ 35.842013969543309, 31.147265258460468 ], [ 42.390645275774325, 32.756313254710257 ], [ 49.161514555985242, 33.969098165477405 ], [ 56.102042008165625, 34.755622734350567 ], [ 63.143140072353738, 35.095075744532323 ], [ 70.205164267507911, 34.978050189511031 ], [ 77.2062196592276, 34.407617990654245 ], [ 84.070998394383111, 33.398972446742725 ], [ 90.738095373623167, 31.9777372075703 ], [ 97.164379169805684, 30.177382370088623 ], [ 103.326082522826539, 28.036338935862855 ], [ 109.217238871092263, 25.595337581757207 ], [ 114.846552440533785, 22.895300822371482 ], [ 120.233762716176656, 19.975902907871937 ], [ 125.406247624470822, 16.874754459896305 ], [ 130.396253100656111, 13.627088982569354 ], [ 135.238857326865286, 10.265810199962653 ], [ 139.970608235761148, 6.821776206401904 ], [ 144.628704230473204, 3.324226639244987 ], [ 149.250563950579419, -0.198710836665395 ], [ 153.873641955428042, -3.71947462312796 ], [ 158.535360903334862, -7.210508048023537 ], [ 163.273036570769676, -10.643699628756474 ], [ 168.123677902538617, -13.989841672954462 ], [ 173.123529677602448, -17.218132255782461 ], [ 178.307216074843296, -20.295761751497267 ], [ 180.0, -21.202453625668092 ] ] ] } },
{ "type": "Feature", "properties": { "norad_cat_id": 41885, "object_name": "CYGFM04", "orbit_class": "LEO", "agency_lead": "NASA", "program": "CYGNSS", "period_min": 92.091539414822648, "n_samples": 60 }, "geometry": { "type": "MultiLineString", "coordinates": [ [ [ -180.0, -30.926599651316085 ], [ -174.956411832935714, -32.27060876823284 ], [ -168.263446748289539, -33.608118898466749 ], [ -161.385220769879282, -34.529596983428505 ], [ -154.385531522365596, -35.011575381098893 ], [ -147.340668540215404, -35.04126126192385 ], [ -140.331801460533427, -34.617967819186205 ], [ -133.436241361713201, -33.753194536669653 ], [ -126.719597469878067, -32.46933396668453 ], [ -120.23048345857103, -30.797346892879013 ], [ -113.99844869914773, -28.773960472294377 ], [ -108.034777114050371, -26.438941225418159 ], [ -102.335178942046184, -23.832831642676318 ], [ -96.883293763261179, -20.995325483696305 ], [ -91.654158034313298, -17.964281318987222 ], [ -86.617153010050856, -14.775272156122272 ], [ -81.738244620410626, -11.461534285040395 ], [ -76.981530880053924, -8.054186412258892 ], [ -72.310211290137488, -4.58261713366731 ], [ -67.687121074200945, -1.074969099398929 ], [ -63.07497640845088, 2.441326125399223 ], [ -58.4364642797442, 5.938990415035815 ], [ -53.734295310019149, 9.390336509403946 ], [ -48.931339853311954, 12.766716097194934 ], [ -43.990974367878607, 16.037999566565595 ], [ -38.877773597379246, 19.172121812199784 ], [ -33.558699381421491, 22.134749979720581 ], [ -28.004928273536677, 24.889157491765125 ], [ -22.194400703030851, 27.396419544331852 ], [ -16.115042642108335, 29.616067567286365 ], [ -9.768365519003282, 31.507334477703257 ], [ -3.172803967610037, 33.031063079308396 ], [ 3.634184036979775, 34.152215961900936 ], [ 10.596364326794401, 34.842723943545174 ], [ 17.642129072056946, 35.084199869734363 ], [ 24.691022434778631, 34.869931529617439 ], [ 31.662271054260259, 34.205651782151769 ], [ 38.483389663544415, 33.108877586162372 ], [ 45.096900835001748, 31.606998330475577 ], [ 51.463974612968514, 29.73459979564478 ], [ 57.564884085008202, 27.530611058552402 ], [ 63.397036275613516, 25.035760485955002 ] ], [ [ 86.28444945944419, 25.303702159857426 ], [ 91.884695034581668, 22.582367725171647 ], [ 97.246360016271439, 19.645945543213344 ], [ 102.397343863847013, 16.531653730618775 ], [ 107.370160326155016, 13.274347415310267 ], [ 112.199987641352692, 9.906596107102377 ], [ 116.923377991512879, 6.45898539929551 ], [ 121.577489031774874, 2.960553283889738 ], [ 126.19968577561059, -0.56069935265152 ], [ 130.82737434222318, -4.077261703938438 ], [ 135.497937725140844, -7.561552442954024 ], [ 140.248651535349467, -10.985361867653486 ], [ 145.116462326109115, -14.319314272604036 ], [ 150.137492131847438, -17.532377006960608 ], [ 155.346129509172982, -20.591459719242859 ], [ 160.773558074148099, -23.461172058167875 ], [ 166.445601154913788, -26.103838075089516 ], [ 172.379855174354958, -28.479893516970932 ], [ 178.582265005768988, -30.548803389111058 ], [ 180.0, -30.926599651316085 ] ] ] } },
{ "type": "Feature", "properties": { "norad_cat_id": 41886, "object_name": "CYGFM02", "orbit_class": "LEO", "agency_lead": "NASA", "program": "CYGNSS", "period_min": 91.891936958264125, "n_samples": 60 }, "geometry": { "type": "MultiLineString", "coordinates": [ [ [ -180.0, -31.225645110714051 ], [ -175.822861536480474, -32.329467650459428 ], [ -169.120704247037139, -33.653955474252754 ], [ -162.235081644275965, -34.561260198114489 ], [ -155.230381204323095, -35.028230424049831 ], [ -148.183273919011157, -35.04246966370652 ], [ -141.175023101965337, -34.603726994392119 ], [ -134.282728072715543, -33.723927210978452 ], [ -127.571535943433986, -32.425831525003886 ], [ -121.089449747226013, -30.740682173368437 ], [ -114.865369323567023, -28.705390187817216 ], [ -108.909979057788348, -26.359815604652024 ], [ -103.218492068657326, -23.744522145345172 ], [ -97.774168367535367, -20.89917434545406 ], [ -92.551777473506775, -17.861571580013894 ], [ -87.5205246069346, -14.667214261391081 ], [ -82.646267759662294, -11.349264754933383 ], [ -77.893043818682713, -7.938774609145642 ], [ -73.224019285341512, -4.465077098718044 ], [ -68.602012097088561, -0.95627438467295 ], [ -63.989729020804589, 2.560225944052589 ], [ -59.349850505489087, 6.057152350703817 ], [ -54.645083142924989, 9.506806458842531 ], [ -49.838301091410074, 12.880511377011645 ], [ -44.892898903919331, 16.148092510684585 ], [ -39.773497367881703, 19.277425780207672 ], [ -34.447150794582228, 22.234109921805576 ], [ -28.88519593260736, 24.98134820824426 ], [ -23.065825503862982, 27.48015574571896 ], [ -16.977330162410283, 29.690030316813729 ], [ -10.62170252116789, 31.570217832598328 ], [ -4.017956536066492, 33.081641886326913 ], [ 2.795827468119285, 34.189430397946332 ], [ 9.762840121042473, 34.865769404161306 ], [ 16.811049977622872, 35.092604888995311 ], [ 23.859820124997327, 34.86360526499228 ], [ 30.828477980599132, 34.184888512460986 ], [ 37.644894163263302, 33.074317137375125 ], [ 44.252122394012986, 31.559553257117603 ], [ 50.611935977030953, 29.675367125054944 ], [ 56.70518945952881, 27.460786346736548 ], [ 62.529789950676673, 24.956566666996046 ], [ 68.097385465951618, 22.20325672672497 ], [ 73.429759993556956, 19.239925928556186 ], [ 78.555587441243347, 16.103487288182713 ], [ 83.507852371573961, 12.828484847814963 ], [ 88.321995245647258, 9.447207820388856 ], [ 93.034700781852393, 5.990015184407353 ], [ 97.683186843389706, 2.485785165266009 ], [ 102.304847238815569, -1.037567326989827 ], [ 106.937106065947489, -4.552540491945576 ], [ 111.617357718662788, -8.031484255967751 ], [ 116.38287229754286, -11.446043735728958 ], [ 121.27054375822928, -14.766625787681075 ], [ 126.316347598449738, -17.961916963800657 ], [ 131.55436230702685, -20.998499365242903 ] ], [ [ 154.428822709051815, -20.693871326106031 ], [ 159.865397900098657, -23.557754914528385 ], [ 165.547480920874762, -26.193208344965822 ], [ 171.492352774306397, -28.560587799269232 ], [ 177.705511173452294, -30.619318912514888 ], [ 180.0, -31.225645110714051 ] ] ] } },
{ "type": "Feature", "properties": { "norad_cat_id": 41887, "object_name": "CYGFM01", "orbit_class": "LEO", "agency_lead": "NASA", "program": "CYGNSS", "period_min": 92.364998039225796, "n_samples": 60 }, "geometry": { "type": "MultiLineString", "coordinates": [ [ [ -180.0, -14.267542298956378 ], [ -176.989776212795192, -16.252645135807033 ], [ -171.864924030348618, -19.377373751132197 ], [ -166.533989455137487, -22.327251435094627 ], [ -160.968716302833172, -25.065619763529686 ], [ -155.147816696762533, -27.553732145553514 ], [ -149.060189016971037, -29.751439616681541 ], [ -142.708466768453263, -31.618465348730123 ], [ -136.112245645198129, -33.116330220895001 ], [ -129.310006242941142, -34.210854817634491 ], [ -122.358654397712939, -34.874963398851975 ], [ -115.329930452688188, -35.091313779957893 ], [ -108.303793525866439, -34.854178637636885 ], [ -101.359947002069589, -34.170102046305395 ], [ -94.569424373475329, -33.05715292395417 ], [ -87.988129343823573, -31.542976323001692 ], [ -81.653436679602407, -29.662131468677622 ], [ -75.58389937966183, -27.453290323503602 ], [ -69.781279886003176, -24.95676238391594 ], [ -64.233819479898784, -22.212606988742301 ], [ -58.919784516082359, -19.259397092615078 ], [ -53.810651900459561, -16.133565992508483 ], [ -48.873640748537696, -12.86920880526467 ], [ -44.073530719894165, -9.49820385298338 ], [ -39.373849684156085, -6.050540378590499 ], [ -34.737569403573048, -2.554769067388001 ], [ -30.127451810759226, 0.961480171462179 ], [ -25.506188032872046, 4.470947454473458 ], [ -20.836450729213709, 7.946180191272449 ], [ -16.080980058962155, 11.358973923102488 ], [ -11.202826798165631, 14.679834534366138 ], [ -6.165881699289969, 17.877489728139633 ], [ -0.935842968724671, 20.918495914448098 ], [ 4.518232896641393, 23.76701272073397 ], [ 10.221677295531208, 26.384848380670153 ], [ 16.191231324909097, 28.731907336485438 ], [ 22.431526962919179, 30.76718059129885 ], [ 28.931512112340897, 32.450385496059987 ], [ 35.661676417504282, 33.744259360890489 ], [ 42.573182070321536, 34.617332617245033 ], [ 49.599904733679523, 35.046787696109867 ], [ 56.663767696803347, 35.02084001602806 ], [ 63.68269168890555, 34.540071205955627 ], [ 70.579482375889711, 33.617360451515367 ], [ 77.289580753523012, 32.276433504781096 ], [ 83.766074672875618, 30.549413399042908 ], [ 89.981417248885862, 28.473951481110792 ], [ 95.926313261261328, 26.090490930913443 ] ], [ [ 118.874193888579171, 26.345758904980322 ], [ 124.580949458719587, 23.720598213645804 ], [ 130.038866354183398, 20.864447378090311 ], [ 135.273320295716076, 17.815578967474789 ], [ 140.315310944917229, 14.609940253893216 ], [ 145.199206111956101, 11.281105656789057 ], [ 149.961191300576303, 7.860500281189156 ], [ 154.638301420414905, 4.377791340413395 ], [ 159.26788906560671, 0.861375231573287 ], [ 163.887380293012569, -2.661085971147498 ], [ 168.534182153874042, -6.162106667628956 ], [ 173.245623284336716, -9.613816631946735 ], [ 178.058802573548689, -12.987412717057788 ], [ 180.0, -14.267542298956378 ] ] ] } },
{ "type": "Feature", "properties": { "norad_cat_id": 41888, "object_name": "CYGFM08", "orbit_class": "LEO", "agency_lead": "NASA", "program": "CYGNSS", "period_min": 92.189673215495816, "n_samples": 60 }, "geometry": { "type": "MultiLineString", "coordinates": [ [ [ -180.0, -28.629401509052251 ], [ -173.954081437544318, -30.631159174114995 ], [ -167.483429423332865, -32.339312380985142 ], [ -160.782758023171198, -33.661680694752448 ], [ -153.899212363289251, -34.566839959542854 ], [ -146.897216507056129, -35.031746545921997 ], [ -139.853420851716237, -35.044111069962739 ], [ -132.849008335978681, -34.603777107530384 ], [ -125.960952374605228, -33.72274080983096 ], [ -119.254250538731668, -32.423805130465617 ], [ -112.776758544021561, -30.738223202264809 ], [ -106.55725072099375, -28.702889477166799 ], [ -100.606318283323787, -26.357626088398469 ], [ -94.919114880556549, -23.742944465049074 ], [ -89.478871831893684, -20.898448720291373 ], [ -84.260351709840961, -17.861874560782457 ], [ -79.23276856833013, -14.668658897588257 ], [ -74.361998368703098, -11.351902941577114 ], [ -69.612100072493263, -7.942600726545109 ], [ -64.946263511394136, -4.47003238628242 ], [ -60.327327722640121, -0.962251746699309 ], [ -55.718017192746458, 2.553376818263834 ], [ -51.081024899587703, 6.04961954155767 ], [ -46.379064032970234, 9.498809940653537 ], [ -41.575006702692349, 12.87229652747803 ], [ -36.632236378429923, 16.139922747345782 ], [ -31.515350651422352, 19.269573997023858 ] ], [ [ -8.550952305497276, 18.956570166592954 ], [ -3.249552463410179, 21.933149193530273 ], [ 2.28499442092919, 24.704418820742717 ], [ 8.075400885118899, 27.231569242718226 ], [ 14.134648588536061, 29.474163082276259 ], [ 20.462390086436834, 31.391334043310462 ], [ 27.04154864108375, 32.943649217888428 ], [ 33.83607494296276, 34.095586560431855 ], [ 40.790978134150251, 34.818380729781026 ], [ 47.835483827740887, 35.092776608632654 ], [ 54.889367041073058, 34.911104551969984 ], [ 61.871416415050561, 34.278158946774383 ], [ 68.708130896337067, 33.210643137085299 ], [ 75.340653586614479, 31.735333103113383 ], [ 81.728664179718422, 29.886431389609445 ], [ 87.851050856347825, 27.702701013224409 ], [ 93.704075275394914, 25.224879863185485 ], [ 99.298136492764783, 22.493672150656163 ], [ 104.654151646815109, 19.548405093176658 ], [ 109.800245039765613, 16.426293202166107 ], [ 114.769089114795577, 13.162182858112224 ], [ 119.595972521043777, 9.788637956983326 ], [ 124.317525086017653, 6.336247093023574 ], [ 128.970961351795381, 2.834063265252284 ], [ 133.593692265729061, -0.689883664537977 ], [ 138.223162403723961, -4.208038925316165 ], [ 142.896786906109412, -7.692761891908281 ], [ 147.651864129460307, -11.115768544290109 ], [ 152.525344429797599, -14.447595059210219 ], [ 157.553322234917715, -17.657109537218123 ], [ 162.770106096286355, -20.711116218287472 ], [ 168.206722204060867, -23.574121575004206 ], [ 173.888730303012778, -26.208361729267658 ], [ 179.833329634542764, -28.574218218350214 ], [ 180.0, -28.629401509052251 ] ] ] } },
{ "type": "Feature", "properties": { "norad_cat_id": 41890, "object_name": "CYGFM07", "orbit_class": "LEO", "agency_lead": "NASA", "program": "CYGNSS", "period_min": 92.182965505323153, "n_samples": 60 }, "geometry": { "type": "MultiLineString", "coordinates": [ [ [ -180.0, -33.637123678640783 ], [ -179.072146590096168, -33.811871163367307 ], [ -172.166786667866234, -34.658333672734855 ], [ -165.152527259958589, -35.062003590142218 ], [ -158.1072100140413, -35.012136446162046 ], [ -151.112054872059986, -34.510225255211502 ] ], [ [ -128.325040183893606, -34.58178737802735 ], [ -121.440001819904481, -33.685166828570637 ], [ -114.738292858802254, -32.371311989677416 ], [ -108.267194479939647, -30.671738182289651 ], [ -102.054868514997992, -28.623518765316906 ], [ -96.111337760347737, -26.266577880229896 ], [ -90.43128117026319, -23.641468231747798 ], [ -84.997563964961316, -20.787793987320342 ], [ -79.784685132255376, -17.743267928322339 ], [ -74.761679680471758, -14.543295726408108 ], [ -69.894306893020087, -11.220949611471882 ], [ -65.146551894297687, -7.807203865555629 ], [ -60.481556109280866, -4.331332332208575 ], [ -55.862126217853053, -0.821398356583804 ], [ -51.2509623184106, 2.695207231600555 ], [ -46.610739212765935, 6.19120695846259 ], [ -41.904159716224072, 9.638873745699911 ], [ -37.094101609933816, 13.009479806105867 ], [ -32.143981377984929, 16.272779039287663 ], [ -27.018475899890046, 19.396558543622451 ], [ -21.684753362400496, 22.346316939732361 ], [ -16.114349278746996, 25.085156091859346 ], [ -10.285769863839334, 27.574003583747338 ], [ -4.18775703822116, 29.772304476436226 ], [ 2.177099501961901, 31.639312383859288 ], [ 8.789070369246005, 33.136045688617571 ], [ 15.609309704932254, 34.227835098329166 ], [ 22.580304385661034, 34.887183849368277 ], [ 29.629510393379849, 35.096454157519332 ], [ 36.676079010052476, 34.84979128324143 ], [ 43.639473449417473, 34.153796779966818 ], [ 50.448011539653052, 33.026768424935959 ], [ 57.045405233988873, 31.49671385221016 ], [ 63.394168541015972, 29.598639680097584 ], [ 69.475867968841172, 27.371703172085962 ], [ 75.289018144118657, 24.856700758748442 ], [ 80.84573934953147, 22.094157376710573 ], [ 86.168154340735086, 19.12307891392447 ], [ 91.285161380089505, 15.980295716331838 ], [ 96.229882738246374, 12.700265413936652 ], [ 101.037836319528054, 9.315197552809671 ], [ 105.745746215501057, 5.85538478857598 ], [ 110.390848211757088, 2.349656233957365 ], [ 115.010543677112267, -1.174102996312924 ], [ 119.642259746142216, -4.688400548644464 ], [ 124.323391335633886, -8.165575118104732 ], [ 129.091202268806967, -11.577240208612018 ], [ 133.982565797519186, -14.893751826501363 ], [ 139.033409289611996, -18.083728954348267 ], [ 144.277715627832038, -21.113674130775006 ], [ 149.745938662779082, -23.947767468824587 ], [ 155.462719904938041, -26.54793784133971 ], [ 161.443902375373796, -28.87434137293625 ], [ 167.693037438415587, -30.886383562237953 ], [ 174.19789733440922, -32.544383342597705 ], [ 180.0, -33.637123678640783 ] ] ] } },
{ "type": "Feature", "properties": { "norad_cat_id": 41891, "object_name": "CYGFM03", "orbit_class": "LEO", "agency_lead": "NASA", "program": "CYGNSS", "period_min": 92.184207425375163, "n_samples": 60 }, "geometry": { "type": "MultiLineString", "coordinates": [ [ [ -180.0, -30.779553547969311 ], [ -176.96107472836627, -31.666950016067307 ], [ -170.353128520296281, -33.154616298428998 ], [ -163.540160945684818, -34.237543476939571 ], [ -156.57973689342785, -34.888826298191063 ], [ -149.544148620160314, -35.091399006976623 ], [ -142.513694603377104, -34.839894173099658 ], [ -135.568141384351662, -34.141259511943034 ], [ -128.778311787772537, -33.013964722434366 ], [ -122.199686165986293, -31.486011888975845 ], [ -115.869098652238335, -29.592247496229316 ], [ -109.804538423801262, -27.371552376928669 ], [ -104.007252739888827, -24.864372044024613 ], [ -98.465054740186986, -22.110842762454798 ], [ -93.155880213612647, -19.149571696906587 ], [ -88.05096789889086, -16.016998841908485 ], [ -83.117373033138335, -12.747210731608206 ], [ -78.319768588892202, -9.372070721514813 ], [ -73.621617575873302, -5.921552669902272 ], [ -68.985853658110614, -2.424195170340648 ], [ -64.375220460037895, 1.09237855879914 ], [ -59.752405143641226, 4.600908928981892 ], [ -55.080089404105308, 8.0739370905165 ], [ -50.32103953635982, 11.483246399475517 ], [ -45.438356007116738, 14.799326224608185 ], [ -40.396014432491143, 17.990886390651852 ], [ -35.159847614734758, 21.024469009551339 ], [ -29.699115404980603, 23.864230616142986 ], [ -23.98877593624286, 26.471998454221623 ], [ -18.012475372901577, 28.807732300965633 ], [ -11.766066578280345, 30.830531252495074 ], [ -5.261155496659967, 32.500289202229773 ], [ 1.472181881596327, 33.779998365583573 ], [ 8.384617324235137, 34.638520361762446 ] ], [ [ 31.167021214849697, 34.570781859204502 ], [ 38.184094983924453, 35.031785194637102 ], [ 45.24400889794137, 35.03839894100588 ], [ 52.264883249511499, 34.59030768545631 ], [ 59.169087008557653, 33.699502838476825 ], [ 65.891102813723492, 32.388928088052509 ], [ 72.382753028201549, 30.690094849312569 ], [ 78.615146371878282, 28.640236563001345 ], [ 84.577747510190918, 26.279559314517599 ], [ 90.275581596231021, 23.648975115040862 ], [ 95.725667590557464, 20.788486332922723 ], [ 100.953521365317187, 17.736213948356099 ], [ 105.99020849319048, 14.52796244419088 ], [ 110.870116181685461, 11.197181715950661 ], [ 115.629422907719842, 7.775196094669961 ], [ 120.3051483836242, 4.291598598284145 ], [ 124.934631574501765, 0.774739261451453 ], [ 129.555291726858968, -2.747737931670766 ], [ 134.204540587019324, -6.248337120608809 ], [ 138.919720208142394, -9.699149568043874 ], [ 143.737947768056387, -13.071305704880201 ], [ 148.695742079179183, -16.334462312605933 ], [ 153.828289372908699, -19.456360884389401 ], [ 159.168201742384639, -22.402515154114116 ], [ 164.743634122355928, -25.136114287739527 ], [ 170.575682959668313, -27.618258189216519 ], [ 176.675139628973113, -29.808661180950992 ], [ 180.0, -30.779553547969311 ] ] ] } },
{ "type": "Feature", "properties": { "norad_cat_id": 42915, "object_name": "TDRS 13", "orbit_class": "GEO", "agency_lead": "NASA", "program": "TDRSS", "period_min": 1436.0827110241767, "n_samples": 60 }, "geometry": { "type": "LineString", "coordinates": [ [ -11.560525994023038, 0.207792169982577 ], [ -11.576369688106487, 0.575322306421256 ], [ -11.589499446399749, 0.936482375023323 ], [ -11.599421673352264, 1.287191215129071 ], [ -11.605719860199542, 1.623474512402545 ], [ -11.608072118632291, 1.941509389481885 ], [ -11.606267012511402, 2.237668062934134 ], [ -11.600214483493438, 2.508560084975092 ], [ -11.589952287737256, 2.751072641727738 ], [ -11.57564741508363, 2.962408340496948 ], [ -11.557592314991259, 3.140119892653212 ], [ -11.536196000321082, 3.282141091742259 ], [ -11.511970325074737, 3.386813502744164 ], [ -11.485511986807007, 3.452908320695117 ], [ -11.457481004594298, 3.479642925773735 ], [ -11.42857659849397, 3.466691755760772 ], [ -11.399511562457848, 3.414191231562171 ], [ -11.370986260954107, 3.322738601331413 ], [ -11.34366344472576, 3.19338470628675 ], [ -11.318144831421993, 3.027620808583943 ], [ -11.294951486161168, 2.827359750491611 ], [ -11.274506343374055, 2.594911827766512 ], [ -11.257122910093248, 2.33295585276439 ], [ -11.242998048856734, 2.044505951196313 ], [ -11.232210065013241, 1.732874679209097 ], [ -11.224721867363076, 1.40163306569792 ], [ -11.220388944404203, 1.054568181403377 ], [ -11.21897166178103, 0.695638815868197 ], [ -11.220151224266086, 0.328929811103789 ], [ -11.223548510312826, -0.041394437451518 ], [ -11.228744865660872, -0.411136840977761 ], [ -11.235303896137564, -0.776114401780357 ], [ -11.242793272739952, -1.132204512964679 ], [ -11.250805567766177, -1.475390382398662 ], [ -11.25897720646241, -1.801805198273803 ], [ -11.267004533479748, -2.107774653078444 ], [ -11.274657281151544, -2.389857435859051 ], [ -11.281786378488619, -2.644883292736948 ], [ -11.288329050001209, -2.869988246898697 ], [ -11.294308522977751, -3.062646566045274 ], [ -11.299829355810127, -3.220699071677153 ], [ -11.305068462290256, -3.342377403991887 ], [ -11.310262277539694, -3.426323890823652 ], [ -11.315690678743238, -3.471606719761454 ], [ -11.321658470053354, -3.477730178540051 ], [ -11.32847534699993, -3.444639807612545 ], [ -11.336435318773516, -3.372722396705286 ], [ -11.345796622358099, -3.262800849322324 ], [ -11.356763124861597, -3.116124030280852 ], [ -11.369468124564763, -2.934351796111173 ], [ -11.38396136809255, -2.719535481908063 ], [ -11.400199755801257, -2.474094177184447 ], [ -11.418043196739157, -2.200787165557648 ], [ -11.437253365185258, -1.902682927792361 ], [ -11.457498766182308, -1.583125116190575 ], [ -11.478363426055592, -1.245695902943527 ], [ -11.499359903049781, -0.894177089612035 ], [ -11.519945888102599, -0.532509343830311 ], [ -11.539543765008943, -0.164749907379261 ], [ -11.557562323542832, 0.20497089836523 ] ] } },
{ "type": "Feature", "properties": { "norad_cat_id": 43476, "object_name": "GRACE-FO 1", "orbit_class": "LEO", "agency_lead": "NASA", "program": "GRACE-FO", "period_min": 93.597249471669343, "n_samples": 60 }, "geometry": { "type": "MultiLineString", "coordinates": [ [ [ -180.0, 87.602939953709736 ], [ -178.287895004930846, 88.038979532655588 ], [ -42.25469131320466, 85.506569284689178 ], [ -35.212356491899243, 79.505436601404256 ] ], [ [ -11.610130706014187, 79.254268100065588 ], [ -10.042029726122065, 73.202920889930155 ], [ -9.49596760746433, 67.13926228575464 ], [ -9.329553201135075, 61.067615561646114 ], [ -9.34496572022563, 54.988651495359193 ], [ -9.461056472122984, 48.902316472646142 ], [ -9.638302961599253, 42.808527135130731 ], [ -9.855062606080947, 36.707400746861275 ], [ -10.098395786824977, 30.599341765987933 ], [ -10.359992994315443, 24.485066637113103 ], [ -10.634166208519533, 18.365593273018632 ], [ -10.916769778336281, 12.242205982500854 ], [ -11.204574213475308, 6.116401830592421 ], [ -11.49486760257555, -0.010176863332813 ], [ -11.78517351938272, -6.135819301461682 ], [ -12.073016744984782, -12.258827480148557 ], [ -12.355691089695418, -18.377597040660156 ], [ -12.629977818321725, -24.490692820485634 ], [ -12.891750118588321, -30.596914446246597 ], [ -13.135352633318593, -36.695347563665493 ], [ -13.352534088537213, -42.785396234060819 ], [ -13.530464107551959, -48.866790797538684 ], [ -13.647720666554047, -54.939560834035873 ], [ -13.665273984419047, -61.003947498617066 ], [ -13.503245539443252, -67.060175471237343 ], [ -12.967880947415432, -73.107774351439147 ], [ -11.435673442754974, -79.142755006432196 ], [ -5.210788080836845, -85.134176617517795 ], [ 124.654515249027639, -88.368754235313361 ], [ 154.40774069439118, -82.594221261000669 ], [ 157.541624646040646, -76.571298983557767 ], [ 158.509540835369677, -70.524416967455636 ], [ 158.848255667334598, -64.4655329381972 ], [ 158.91962329391643, -58.396509939144458 ], [ 158.853126763670474, -52.317469378693019 ], [ 158.706673720256646, -46.228247845489832 ], [ 158.510135815425627, -40.12881189151107 ], [ 158.280575515293492, -34.019409331150115 ], [ 158.028542745071348, -27.900625366331973 ], [ 157.761015080650793, -21.773391450253936 ], [ 157.482905223511267, -15.638963755283175 ], [ 157.197901414436814, -9.498878939400681 ], [ 156.908975173203913, -3.35489224725626 ], [ 156.618717772959201, 2.791097505968581 ], [ 156.329596602840866, 8.937131311186487 ], [ 156.044186264243592, 15.081276631061749 ], [ 155.765419989153798, 21.221712116354237 ], [ 155.496919673016549, 27.356805196312031 ], [ 155.243486730435563, 33.485177598629626 ], [ 155.011911359574242, 39.605754027718113 ], [ 154.812416131046376, 45.717788793940649 ], [ 154.661455759781376, 51.820862763051665 ], [ 154.587673380041394, 57.914834567020783 ], [ 154.646171349077093, 63.999701550486847 ], [ 154.958798569041306, 70.075216784503255 ], [ 155.859863797235107, 76.139567273508817 ], [ 158.715178415814165, 82.182113153814129 ], [ 180.0, 87.602939953709736 ] ] ] } },
{ "type": "Feature", "properties": { "norad_cat_id": 43477, "object_name": "GRACE-FO 2", "orbit_class": "LEO", "agency_lead": "NASA", "program": "GRACE-FO", "period_min": 93.5972817149854, "n_samples": 60 }, "geometry": { "type": "MultiLineString", "coordinates": [ [ [ -180.0, 86.585675385121831 ], [ -49.363177990339068, 87.068242501222855 ], [ -36.223379403771105, 81.121918354526386 ] ], [ [ -12.570908491671966, 80.871232797131313 ], [ -10.417986022072908, 74.825670290805675 ], [ -9.698274042235548, 68.764572847337988 ], [ -9.457994384539022, 62.694943786622289 ], [ -9.435396717181041, 56.617942389841282 ], [ -9.529495091601387, 50.53360474158643 ], [ -9.692992371269096, 44.441822936134947 ], [ -9.90069812194904, 38.342648185238914 ], [ -10.137872554281159, 32.236403561149338 ], [ -10.395219117061087, 26.123721587169289 ], [ -10.666480054482767, 20.005541775034615 ], [ -10.947171652594855, 13.883081441571802 ], [ -11.233864869070549, 7.757786563389812 ], [ -11.52374014197655, 1.631267547524852 ], [ -11.814281837730741, -4.494775515213155 ], [ -12.103036712790574, -10.618633392718237 ], [ -12.387385065345287, -16.73866915437246 ], [ -12.664277863054009, -22.853395605981706 ], [ -12.929880819019946, -28.961543987433409 ], [ -13.17902839061529, -35.062119471850885 ], [ -13.404308928144369, -41.154439079127116 ], [ -13.59439790797355, -47.238146832696721 ], [ -13.730766092209985, -53.313197630881128 ], [ -13.780506560560591, -59.379790149887434 ], [ -13.6785927330947, -65.43819105855674 ], [ -13.275447653611597, -71.488240609530237 ], [ -12.132607356619637, -77.527512347903908 ], [ -8.181336705099357, -83.539433822784687 ], [ 54.12040160199092, -88.944096627607621 ], [ 152.231983616917972, -84.196642827727146 ], [ 156.944717951900174, -78.188667962534879 ], [ 158.231617474933159, -72.146063204766662 ], [ 158.685389988458041, -66.090059488184153 ], [ 158.810750455859079, -60.023703725863356 ], [ 158.77372688061152, -53.947353347873516 ], [ 158.644996726686827, -47.860861332589138 ], [ 158.459829369007167, -41.764138566748734 ], [ 158.237882687059539, -35.657349477296897 ], [ 157.991074018683804, -29.540986616130706 ], [ 157.727149763099987, -23.41588986040426 ], [ 157.451474002249086, -17.283232064487841 ], [ 157.168003536715929, -11.144480360426293 ], [ 156.879863583973673, -5.001338542321865 ], [ 156.589720046056357, 1.144324892085099 ], [ 156.300050880996338, 7.290558368239502 ], [ 156.013378795196246, 13.435413534866923 ], [ 155.732512889088213, 19.57703102179789 ], [ 155.460851495024912, 25.713720440375738 ], [ 155.202817742348657, 31.844029611890026 ], [ 154.964561815759652, 37.966798234503237 ], [ 154.755187869933962, 44.081191011651924 ], [ 154.589078958107791, 50.186703600279849 ], [ 154.490712144244696, 56.283128631350742 ], [ 154.50579719794473, 62.370448656153826 ], [ 154.731187999515555, 68.448548191331312 ], [ 155.414899927520707, 74.516296478641095 ], [ 157.439777881852251, 80.567245519930168 ], [ 167.814732343539987, 86.540663501171821 ], [ 180.0, 86.585675385121831 ] ] ] } },
{ "type": "Feature", "properties": { "norad_cat_id": 43613, "object_name": "ICESAT-2", "orbit_class": "LEO", "agency_lead": "NASA", "program": "ICESat-2", "period_min": 94.220713557830294, "n_samples": 60 }, "geometry": { "type": "MultiLineString", "coordinates": [ [ [ 103.716755939741574, 28.87153274787795 ], [ 103.052816747746391, 22.751089543645872 ], [ 102.411430489567365, 16.626009681866925 ], [ 101.784929864356684, 10.497830027183966 ], [ 101.167220911501502, 4.368254059636898 ], [ 100.553070742174739, -1.760910876272437 ], [ 99.937580804727276, -7.887826472678125 ], [ 99.315730600467418, -14.010700043052783 ], [ 98.681896041729573, -20.12785858774858 ], [ 98.029241249527402, -26.237814156888497 ], [ 97.348834695033403, -32.33931399031902 ], [ 96.628220851889324, -38.43136764166244 ], [ 95.848917814514948, -44.513239562392663 ], [ 94.981664652521658, -50.584385402582519 ], [ 93.976561289794134, -56.644281702613817 ], [ 92.740215677934629, -62.692011299386188 ], [ 91.074286756663597, -68.725155240390151 ], [ 88.46997994089898, -74.736129728954609 ], [ 83.122083451291701, -80.694592759521854 ], [ 61.794159036083819, -86.356738176554899 ], [ -51.711980946318427, -86.400078584246984 ], [ -73.425575112549041, -80.744456076339432 ], [ -78.817069209951285, -74.784967869357075 ], [ -81.433873608940871, -68.771535291109942 ], [ -83.1050234889818, -62.734948563998223 ], [ -84.344044052758861, -56.682906376578615 ], [ -85.35071060493901, -50.617893297320414 ], [ -86.218968385972332, -44.540885999280746 ], [ -86.998968799250079, -38.452471813180608 ], [ -87.720100282738031, -32.353266559857488 ], [ -88.400916107785079, -26.2440858076734 ], [ -89.053915203977269, -20.12600847400061 ], [ -89.688057905841816, -14.000383473475166 ], [ -90.310201252913927, -7.868801308046266 ], [ -90.925986901229621, -1.733042226374314 ], [ -91.540452267264783, 4.404991144752615 ], [ -92.158513717197863, 10.543350047637377 ], [ -92.78542719358822, 16.680118390805688 ], [ -93.427316941544191, 22.813487741494498 ], [ -94.091894486549023, 28.941821899002598 ], [ -94.789561864119847, 35.063703650207422 ], [ -95.535266848632318, 41.177954074476929 ], [ -96.351886198914244, 47.283608661158205 ], [ -97.276920629756788, 53.37981779909952 ], [ -98.37711420954146, 59.465590696759527 ], [ -99.78469024323357, 65.539143014466759 ], [ -101.8046216380869, 71.595979033902523 ], [ -105.332252276953398, 77.621464321073049 ], [ -114.537143333109171, 83.54241826015658 ], [ -180.0, 87.681374241340961 ] ], [ [ 180.0, 87.681374241340961 ], [ 174.944081012814053, 88.001039883781232 ], [ 100.943297113526683, 83.670793097428955 ], [ 91.463095284801909, 77.75623613752154 ], [ 87.87967409225115, 71.734115351519335 ], [ 85.839865112511688, 65.680926790415427 ], [ 84.423066789977781, 59.61171567527127 ], [ 83.317899244753278, 53.531043426563691 ], [ 82.389919463467834, 47.44067568346447 ], [ 81.57145290285041, 41.341551375305229 ], [ 80.824555013799682, 35.234449561203512 ], [ 80.126118414750636, 29.120251032814998 ] ] ] } },
{ "type": "Feature", "properties": { "norad_cat_id": 49044, "object_name": "ISS (NAUKA)", "orbit_class": "LEO", "agency_lead": "NASA", "program": "ISS", "period_min": 92.953585480352487, "n_samples": 60 }, "geometry": { "type": "MultiLineString", "coordinates": [ [ [ -180.0, 51.170824967083796 ], [ -172.05242815830249, 50.064924381072423 ], [ -163.648057491691787, 48.094771630302738 ], [ -155.986288397789593, 45.505393784224474 ], [ -149.095748358956001, 42.40022754634758 ], [ -142.932163747688378, 38.87639413861779 ], [ -137.412589577892192, 35.018398828312513 ], [ -132.440263727454663, 30.896675605113398 ], [ -127.918997524244674, 26.56875182988626 ], [ -123.75985455504869, 22.081429546033807 ], [ -119.883188872364144, 17.473111008610132 ], [ -116.218254102517733, 12.775897564543108 ], [ -112.701702995678914, 8.017362336952795 ], [ -109.275661086101763, 3.222021111353811 ], [ -105.885688658067039, -1.587426893862505 ], [ -102.478739825322577, -6.389003354882659 ], [ -99.001137284554488, -11.160413937343542 ], [ -95.396542690883223, -15.877984674490088 ], [ -91.603921400526303, -20.515485966705075 ], [ -87.55557090451822, -25.042758811714481 ], [ -83.175435517781693, -29.42406563932315 ], [ -78.37823650511632, -33.61612003930226 ], [ -73.070465686108719, -37.565839515672359 ], [ -67.155096118160316, -41.208072745666165 ], [ -60.542783610450499, -44.463959393456825 ], [ -53.172624031712473, -47.241232449050116 ], [ -45.043280007452722, -49.438492670143852 ], [ -36.247992696239351, -50.95554720119803 ], [ -26.995374978527082, -51.710014170880989 ], [ -17.592318405415085, -51.656012622491829 ], [ -8.381571861435134, -50.796591123090323 ], [ 0.339728755415706, -49.182830732271924 ], [ 8.377523297951541, -46.900172479662352 ], [ 15.652154319364115, -44.04960150085504 ], [ 22.174444638015643, -40.731709637599515 ], [ 28.010427557343405, -37.037187805361079 ] ], [ [ 51.397756245940805, -37.189186254147593 ], [ 56.660362415821993, -33.205692093214182 ], [ 61.421231816073146, -28.984030295012005 ], [ 65.773351808554537, -24.576466413140565 ], [ 69.80129806105468, -20.025704268406962 ], [ 73.580465255497231, -15.367111436273081 ], [ 77.17804503154079, -10.630659298898934 ], [ 80.654755858452717, -5.842544691312757 ], [ 84.066835306257033, -1.026543299678879 ], [ 87.468084597454506, 3.794826012580536 ], [ 90.911908407262487, 8.599239945730851 ], [ 94.453352602134345, 13.363526362243674 ], [ 98.151157359478887, 18.062550546404211 ], [ 102.069797274578065, 22.667945198905674 ], [ 106.281377789466845, 27.146599670519723 ], [ 110.867032676199713, 31.458840725111269 ], [ 115.917060303854669, 35.556292644332011 ], [ 121.52836720360159, 39.379545307493764 ], [ 127.79685722470731, 42.856059517012149 ], [ 134.801628885308247, 45.899278650310144 ], [ 142.578504773316098, 48.410663761927943 ], [ 151.085013428478675, 50.286906549784995 ], [ 160.169168387145987, 51.433811531112866 ], [ 169.565181260844724, 51.785046206183694 ], [ 178.935185282350886, 51.318993394333916 ], [ 180.0, 51.170824967083796 ] ] ] } },
{ "type": "Feature", "properties": { "norad_cat_id": 54754, "object_name": "SWOT", "orbit_class": "LEO", "agency_lead": "NASA", "program": "SWOT", "period_min": 102.84469593089683, "n_samples": 60 }, "geometry": { "type": "MultiLineString", "coordinates": [ [ [ -180.0, -75.352385361296626 ], [ -176.663538578622308, -76.043760120502711 ], [ -151.209208011444218, -77.662955324188076 ], [ -124.789967478329316, -76.519131913148456 ], [ -105.753854623135624, -73.165533983208277 ], [ -93.878812575284428, -68.615504237837484 ], [ -86.361879469324094, -63.474824327143025 ], [ -81.326686895771957, -58.023880364436749 ], [ -77.757495724921682, -52.394155971853323 ], [ -75.101179292141182, -46.652328466788241 ], [ -73.040616806492324, -40.835181144681975 ] ], [ [ -47.09831340192104, -40.669139384276392 ], [ -45.450309181182938, -34.797372214604486 ], [ -44.079026217703962, -28.886788488914828 ], [ -42.901722912461835, -22.947208695686708 ], [ -41.859349299951148, -16.986066194815521 ], [ -40.907361194074817, -11.009428744744971 ], [ -40.01000825424952, -5.022596126566086 ], [ -39.136488357666998, 0.969530865129811 ], [ -38.258067408245786, 6.962200194921676 ], [ -37.345577520662182, 12.950606041286592 ], [ -36.366837873235312, 18.929677010366643 ], [ -35.283506595980725, 24.893795184572131 ], [ -34.046699739408027, 30.836364400156313 ], [ -32.590271429494578, 36.749094160474336 ], [ -30.819750109839369, 42.620752711866494 ], [ -28.592986335108641, 48.43489362499534 ], [ -25.684360037741172, 54.165481884080613 ], [ -21.714939462144585, 59.767916804793259 ], [ -16.010451559931173, 65.159203077390046 ], [ -7.316511639380027, 70.171016387208141 ], [ 6.626758110890967, 74.437454513643303 ], [ 28.523097530405494, 77.195181654746122 ], [ 55.974943637545479, 77.412789928555995 ], [ 79.119385962216612, 74.979629324946615 ], [ 94.123955244827982, 70.880959515912991 ], [ 103.440637178198159, 65.951653244105174 ], [ 109.498896792313985, 60.604123120502557 ], [ 113.678446514715887, 55.027136967501285 ], [ 116.718721015552759, 49.312597849729066 ], [ 119.031832429953127, 43.50925469463062 ], [ 120.860996738650812, 37.64521645485069 ], [ 122.358170621529254, 31.738029363911565 ], [ 123.623542784497175, 25.799534457308116 ], [ 124.72670442249742, 19.838369457632439 ], [ 125.718652328082541, 13.861330716862932 ], [ 126.639004995419185, 7.874150083920907 ], [ 127.520654929255429, 1.881959396236196 ], [ 128.393052368426083, -4.110411734339332 ], [ 129.284837369697101, -10.098217758480159 ], [ 130.226324608562891, -16.076596790009955 ], [ 131.252292601801258, -22.040331649126244 ], [ 132.405635027921591, -27.983504716333673 ], [ 133.74270740976624, -33.898944872126464 ], [ 135.341834852815822, -39.777288872642906 ], [ 137.317740851075399, -45.605314447525352 ], [ 139.847469426476408, -51.362830218036201 ], [ 143.219564241174169, -57.016518902220533 ], [ 147.932092722787672, -62.506871173747605 ], [ 154.892539756391585, -67.718331053964661 ], [ 165.788330486207911, -72.407472069310387 ], [ 180.0, -75.352385361296626 ] ] ] } },
{ "type": "Feature", "properties": { "norad_cat_id": 58928, "object_name": "PACE", "orbit_class": "LEO", "agency_lead": "NASA", "program": "PACE", "period_min": 98.255084541984019, "n_samples": 60 }, "geometry": { "type": "MultiLineString", "coordinates": [ [ [ -55.938601196148518, 31.75647485379708 ], [ -57.473023246289998, 25.708095573993088 ], [ -58.899610326482424, 19.647239161169093 ], [ -60.252900977230802, 13.577642886633152 ], [ -61.559553565017332, 7.502700901806038 ], [ -62.841645426097983, 1.425633147420809 ], [ -64.118973153616849, -4.650426566895518 ], [ -65.410895844592176, -10.722380268605837 ], [ -66.738089837370637, -16.787121982182388 ], [ -68.124563185117651, -22.841471164258067 ], [ -69.600361344906275, -28.882048019750499 ], [ -71.205652075498591, -34.905037028917967 ], [ -72.997458283202121, -40.905743070275378 ], [ -75.061591741803511, -46.877748704750068 ], [ -77.535381912772422, -52.811249918343869 ], [ -80.65456570497507, -58.689540138191411 ], [ -84.859525466245159, -64.480831621747171 ], [ -91.063996911088466, -70.116626250108595 ], [ -101.413243137171307, -75.424485138091995 ], [ -121.331123474008294, -79.884769908268666 ], [ -158.586115054302923, -81.947891125554577 ], [ -180.0, -80.844418209625886 ] ], [ [ 180.0, -80.844418209625886 ], [ 163.658959630526766, -80.002352628740496 ], [ 143.278035240896372, -75.588124243228066 ], [ 132.729523693917116, -70.297217743953098 ], [ 126.434428176753471, -64.669503991016754 ], [ 122.182706628974643, -58.883208057170954 ], [ 119.036798546602483, -53.008715540964204 ], [ 116.54655064285069, -47.078533856231736 ], [ 114.471733874888514, -41.109673263870931 ], [ 112.672750694290386, -35.112069629860223 ], [ 111.062559019309106, -29.092192263495942 ], [ 109.583431473279006, -23.054747244697676 ], [ 108.194783528792044, -17.003538611498364 ], [ 106.866323917291567, -10.941921836839336 ], [ 105.573907334733974, -4.87304571364872 ], [ 104.296797903972674, 1.200019749092614 ], [ 103.015643350585151, 7.274214902991036 ], [ 101.710717710596214, 13.346445815779004 ], [ 100.360093298702395, 19.413534257385102 ], [ 98.937368297209503, 25.472131323160564 ], [ 97.40842469998671, 31.518552453364208 ], [ 95.726312114726852, 37.548464218839257 ], [ 93.822508091072166, 43.556291421060919 ], [ 91.59088874254104, 49.534068802726004 ], [ 88.856042178421887, 55.469100143804731 ], [ 85.30499094567989, 61.338789079728485 ], [ 80.324233662724282, 67.097889097107071 ], [ 72.563067115389856, 72.64214420370439 ], [ 58.665484785043077, 77.685215221436749 ], [ 30.839468764746925, 81.313364616890127 ], [ -11.060809812547859, 81.476948679552663 ], [ -40.329600507172074, 78.032913793710094 ], [ -54.953532991879626, 73.052028953823253 ], [ -63.026761248731077, 67.531315837350377 ], [ -68.158778892523856, 61.782653548715537 ], [ -71.79232432999197, 55.917970119210025 ], [ -74.576369333855268, 49.985262965475556 ], [ -76.839310215145815, 44.008280346733883 ], [ -78.764006251731473, 38.00026245634136 ], [ -80.460493792184479, 31.969457596488216 ] ] ] } },
{ "type": "Feature", "properties": { "norad_cat_id": 65053, "object_name": "NISAR", "orbit_class": "LEO", "agency_lead": "NASA", "program": "NISAR", "period_min": 99.826304794638787, "n_samples": 60 }, "geometry": { "type": "MultiLineString", "coordinates": [ [ [ 23.737186545888541, -44.630979652587627 ], [ 21.722842716137279, -38.655399875292055 ], [ 19.952893280504991, -32.652862878539338 ], [ 18.35162428433468, -26.629401448301142 ], [ 16.86756513838651, -20.589571824938421 ], [ 15.4636341662232, -14.537166458175319 ], [ 14.111420523047308, -8.475595406727859 ], [ 12.787602920587631, -2.40809250005058 ], [ 11.471484288184403, 3.662172613066134 ], [ 10.143052129860818, 9.732028629657147 ], [ 8.781173701729292, 15.798249048717265 ], [ 7.361569284657963, 21.857480228330267 ], [ 5.854140947240331, 27.906114736930636 ], [ 4.218992135924088, 33.940056022965059 ], [ 2.399938596496204, 39.954279785069168 ], [ 0.313128282687261, 45.942005326198235 ], [ -2.174393260038548, 51.89307054629203 ], [ -5.288288740221085, 57.790536332136661 ], [ -9.443984680741625, 63.602915565216001 ], [ -15.486383935257368, 69.26409927780405 ], [ -25.345861180082469, 74.613008934231345 ], [ -43.778664302777578, 79.183821252106654 ], [ -78.355353595284598, 81.599899258207927 ], [ -116.697705710084378, 80.129199503888003 ], [ -138.816308474603488, 75.94200504818906 ], [ -150.316762866027744, 70.732540831616788 ], [ -157.115890821469208, 65.132270896129526 ], [ -161.66473324668226, 59.351533316373313 ], [ -165.004335417628198, 53.472839939655032 ], [ -167.631457349529143, 47.534080106038701 ], [ -169.809383140842527, 41.55502132574864 ], [ -171.690137633483204, 35.547188360014147 ], [ -173.367965915787039, 29.518055662804432 ], [ -174.905030912919017, 23.473011062790775 ], [ -176.344795032541697, 17.416342856619409 ], [ -177.719504523899388, 11.351758435286914 ], [ -179.054690269200847, 5.282662093034037 ], [ -180.0, 0.926893697356851 ] ], [ [ 180.0, 0.926893697356851 ], [ 179.627891589201084, -0.787695714679944 ], [ 178.30811024604867, -6.856135825058664 ], [ 176.965629723282319, -12.919494964716613 ], [ 175.578042094649049, -18.97456620600779 ], [ 174.11858690573402, -25.018003109364692 ], [ 172.552945735581062, -31.046144760953283 ], [ 170.834234957664734, -37.054692232768886 ], [ 168.894543459087998, -43.03810676231253 ], [ 166.629578364814535, -48.988460674778516 ], [ 163.868697915634812, -54.893127903110944 ], [ 160.311404017163682, -60.72976839541198 ], [ 155.379106198760326, -66.454223665201297 ], [ 147.83003919332495, -71.967039908078988 ], [ 134.685095039065743, -77.004996753446008 ], [ 109.13755435447456, -80.764991905726788 ], [ 69.166180124417679, -81.377837925446642 ], [ 38.376698719303249, -78.336937642812075 ], [ 22.418465397167665, -73.555853316788017 ], [ 13.626666482193684, -68.145133762557791 ], [ 8.084988062859679, -62.469760615620899 ], [ 4.193558387309224, -56.660672743342559 ], [ 1.232912578546063, -50.77342912173394 ], [ -1.159311496059161, -44.835129454128648 ] ] ] } }
]
}
