{
"type": "FeatureCollection",
"name": "ground_stations",
"crs": { "type": "name", "properties": { "name": "urn:ogc:def:crs:OGC:1.3:CRS84" } },
"features": [
{ "type": "Feature", "properties": { "station_id": "DSN:DSS-53", "name": "DSS-53", "network": "Deep Space Network", "tier": "T1-spice", "operator": "NASA JPL", "purpose": "deep space tracking", "lat_deg": 40.427087899036898, "lon_deg": -4.2533979467261815, "height_m": 0.0, "height_known": false, "source_key": "nasa.naif.earth_topo_260717.tf", "evidence_url": "https://naif.jpl.nasa.gov/pub/naif/generic_kernels/fk/stations/earth_topo_260717.tf", "status": null, "min_horizon_deg": null, "country": "Spain", "country_iso3": "ESP", "coastal_rescue": false, "region_class": "Spain" }, "geometry": { "type": "Point", "coordinates": [ -4.253397946726182, 40.427087899036898 ] } },
{ "type": "Feature", "properties": { "station_id": "DSN:DSS-54", "name": "DSS-54", "network": "Deep Space Network", "tier": "T1-spice", "operator": "NASA JPL", "purpose": "deep space tracking", "lat_deg": 40.425625812678597, "lon_deg": -4.2540903399608396, "height_m": 0.0, "height_known": false, "source_key": "nasa.naif.earth_topo_260717.tf", "evidence_url": "https://naif.jpl.nasa.gov/pub/naif/generic_kernels/fk/stations/earth_topo_260717.tf", "status": null, "min_horizon_deg": null, "country": "Spain", "country_iso3": "ESP", "coastal_rescue": false, "region_class": "Spain" }, "geometry": { "type": "Point", "coordinates": [ -4.25409033996084, 40.425625812678597 ] } },
{ "type": "Feature", "properties": { "station_id": "DSN:DSS-55", "name": "DSS-55", "network": "Deep Space Network", "tier": "T1-spice", "operator": "NASA JPL", "purpose": "deep space tracking", "lat_deg": 40.424300037453101, "lon_deg": -4.2526268118590451, "height_m": 0.0, "height_known": false, "source_key": "nasa.naif.earth_topo_260717.tf", "evidence_url": "https://naif.jpl.nasa.gov/pub/naif/generic_kernels/fk/stations/earth_topo_260717.tf", "status": null, "min_horizon_deg": null, "country": "Spain", "country_iso3": "ESP", "coastal_rescue": false, "region_class": "Spain" }, "geometry": { "type": "Point", "coordinates": [ -4.252626811859045, 40.424300037453101 ] } },
{ "type": "Feature", "properties": { "station_id": "DSN:DSS-56", "name": "DSS-56", "network": "Deep Space Network", "tier": "T1-spice", "operator": "NASA JPL", "purpose": "deep space tracking", "lat_deg": 40.425968818656699, "lon_deg": -4.2520542064523852, "height_m": 0.0, "height_known": false, "source_key": "nasa.naif.earth_topo_260717.tf", "evidence_url": "https://naif.jpl.nasa.gov/pub/naif/generic_kernels/fk/stations/earth_topo_260717.tf", "status": null, "min_horizon_deg": null, "country": "Spain", "country_iso3": "ESP", "coastal_rescue": false, "region_class": "Spain" }, "geometry": { "type": "Point", "coordinates": [ -4.252054206452385, 40.425968818656699 ] } },
{ "type": "Feature", "properties": { "station_id": "DSN:DSS-63", "name": "DSS-63", "network": "Deep Space Network", "tier": "T1-spice", "operator": "NASA JPL", "purpose": "deep space tracking", "lat_deg": 40.431213884219403, "lon_deg": -4.2480020535012954, "height_m": 0.0, "height_known": false, "source_key": "nasa.naif.earth_topo_260717.tf", "evidence_url": "https://naif.jpl.nasa.gov/pub/naif/generic_kernels/fk/stations/earth_topo_260717.tf", "status": null, "min_horizon_deg": null, "country": "Spain", "country_iso3": "ESP", "coastal_rescue": false, "region_class": "Spain" }, "geometry": { "type": "Point", "coordinates": [ -4.248002053501295, 40.431213884219403 ] } },
{ "type": "Feature", "properties": { "station_id": "DSN:DSS-65", "name": "DSS-65", "network": "Deep Space Network", "tier": "T1-spice", "operator": "NASA JPL", "purpose": "deep space tracking", "lat_deg": 40.427210497119603, "lon_deg": -4.2506924082706519, "height_m": 0.0, "height_known": false, "source_key": "nasa.naif.earth_topo_260717.tf", "evidence_url": "https://naif.jpl.nasa.gov/pub/naif/generic_kernels/fk/stations/earth_topo_260717.tf", "status": null, "min_horizon_deg": null, "country": "Spain", "country_iso3": "ESP", "coastal_rescue": false, "region_class": "Spain" }, "geometry": { "type": "Point", "coordinates": [ -4.250692408270652, 40.427210497119603 ] } },
{ "type": "Feature", "properties": { "station_id": "ESTRACK:CEBREROS", "name": "Cebreros", "network": "ESTRACK", "tier": "T1-spice", "operator": "ESA", "purpose": "deep space / LEO tracking", "lat_deg": 40.4526901, "lon_deg": -4.3675499, "height_m": 0.0, "height_known": false, "source_key": "esa.estrack_v03.tf", "evidence_url": "https://spiftp.esac.esa.int/data/SPICE/JUICE/kernels/fk/estrack_v03.tf", "status": null, "min_horizon_deg": null, "country": "Spain", "country_iso3": "ESP", "coastal_rescue": false, "region_class": "Spain" }, "geometry": { "type": "Point", "coordinates": [ -4.3675499, 40.4526901 ] } },
{ "type": "Feature", "properties": { "station_id": "ESTRACK:KOUROU", "name": "Kourou", "network": "ESTRACK", "tier": "T1-spice", "operator": "ESA", "purpose": "deep space / LEO tracking", "lat_deg": 5.2514391, "lon_deg": -52.8046646, "height_m": 0.0, "height_known": false, "source_key": "esa.estrack_v03.tf", "evidence_url": "https://spiftp.esac.esa.int/data/SPICE/JUICE/kernels/fk/estrack_v03.tf", "status": null, "min_horizon_deg": null, "country": "French Guiana (FRA)", "country_iso3": "GUF", "coastal_rescue": false, "region_class": "Latin America" }, "geometry": { "type": "Point", "coordinates": [ -52.8046646, 5.2514391 ] } },
{ "type": "Feature", "properties": { "station_id": "ESTRACK:MALARGUE", "name": "Malargue", "network": "ESTRACK", "tier": "T1-spice", "operator": "ESA", "purpose": "deep space / LEO tracking", "lat_deg": -35.7760086, "lon_deg": -69.3981934, "height_m": 0.0, "height_known": false, "source_key": "esa.estrack_v03.tf", "evidence_url": "https://spiftp.esac.esa.int/data/SPICE/JUICE/kernels/fk/estrack_v03.tf", "status": null, "min_horizon_deg": null, "country": "Argentina", "country_iso3": "ARG", "coastal_rescue": false, "region_class": "Latin America" }, "geometry": { "type": "Point", "coordinates": [ -69.3981934, -35.7760086 ] } },
{ "type": "Feature", "properties": { "station_id": "ESTRACK:MASPALOMAS", "name": "Maspalomas", "network": "ESTRACK", "tier": "T1-spice", "operator": "ESA", "purpose": "deep space / LEO tracking", "lat_deg": 27.762889, "lon_deg": -15.6338, "height_m": 0.0, "height_known": false, "source_key": "esa.estrack_v03.tf", "evidence_url": "https://spiftp.esac.esa.int/data/SPICE/JUICE/kernels/fk/estrack_v03.tf", "status": null, "min_horizon_deg": null, "country": "Spain", "country_iso3": "ESP", "coastal_rescue": false, "region_class": "Spain" }, "geometry": { "type": "Point", "coordinates": [ -15.6338, 27.762889 ] } },
{ "type": "Feature", "properties": { "station_id": "ESTRACK:SANTIAGO", "name": "Santiago", "network": "ESTRACK", "tier": "T1-spice", "operator": "ESA", "purpose": "deep space / LEO tracking", "lat_deg": -33.151, "lon_deg": -70.668, "height_m": 0.0, "height_known": false, "source_key": "esa.estrack_v03.tf", "evidence_url": "https://spiftp.esac.esa.int/data/SPICE/JUICE/kernels/fk/estrack_v03.tf", "status": null, "min_horizon_deg": null, "country": "Chile", "country_iso3": "CHL", "coastal_rescue": false, "region_class": "Latin America" }, "geometry": { "type": "Point", "coordinates": [ -70.668, -33.151 ] } },
{ "type": "Feature", "properties": { "station_id": "ESTRACK:V_FRANCA", "name": "V Franca", "network": "ESTRACK", "tier": "T1-spice", "operator": "ESA", "purpose": "deep space / LEO tracking", "lat_deg": 40.4425639, "lon_deg": -3.9515833, "height_m": 0.0, "height_known": false, "source_key": "esa.estrack_v03.tf", "evidence_url": "https://spiftp.esac.esa.int/data/SPICE/JUICE/kernels/fk/estrack_v03.tf", "status": null, "min_horizon_deg": null, "country": "Spain", "country_iso3": "ESP", "coastal_rescue": false, "region_class": "Spain" }, "geometry": { "type": "Point", "coordinates": [ -3.95158330000001, 40.4425639 ] } },
{ "type": "Feature", "properties": { "station_id": "SATNOGS:1018", "name": "PU3KPR Canela", "network": "SatNOGS", "tier": "T2-open-registry", "operator": "phckopper", "purpose": "VHF/UHF/S-band reception", "lat_deg": -29.352159, "lon_deg": -50.830214, "height_m": 837.0, "height_known": true, "source_key": "satnogs.stations.json", "evidence_url": "https://network.satnogs.org/stations/1018/", "status": "Offline", "min_horizon_deg": null, "country": "Brazil", "country_iso3": "BRA", "coastal_rescue": false, "region_class": "Latin America" }, "geometry": { "type": "Point", "coordinates": [ -50.830214, -29.352159 ] } },
{ "type": "Feature", "properties": { "station_id": "SATNOGS:1070", "name": "LU1AAT-1", "network": "SatNOGS", "tier": "T2-open-registry", "operator": "lu1aat", "purpose": "VHF/UHF/S-band reception", "lat_deg": -34.539344, "lon_deg": -58.467772, "height_m": 16.0, "height_known": true, "source_key": "satnogs.stations.json", "evidence_url": "https://network.satnogs.org/stations/1070/", "status": "Offline", "min_horizon_deg": null, "country": "Argentina", "country_iso3": "ARG", "coastal_rescue": false, "region_class": "Latin America" }, "geometry": { "type": "Point", "coordinates": [ -58.467772, -34.539344 ] } },
{ "type": "Feature", "properties": { "station_id": "SATNOGS:1078", "name": "LU4KC", "network": "SatNOGS", "tier": "T2-open-registry", "operator": "lu4kc", "purpose": "VHF/UHF/S-band reception", "lat_deg": -26.8355487, "lon_deg": -65.2182609, "height_m": 450.0, "height_known": true, "source_key": "satnogs.stations.json", "evidence_url": "https://network.satnogs.org/stations/1078/", "status": "Offline", "min_horizon_deg": null, "country": "Argentina", "country_iso3": "ARG", "coastal_rescue": false, "region_class": "Latin America" }, "geometry": { "type": "Point", "coordinates": [ -65.2182609, -26.8355487 ] } },
{ "type": "Feature", "properties": { "station_id": "SATNOGS:1079", "name": "LU3MKH", "network": "SatNOGS", "tier": "T2-open-registry", "operator": "lmarti", "purpose": "VHF/UHF/S-band reception", "lat_deg": -26.836, "lon_deg": -65.218, "height_m": 1400.0, "height_known": true, "source_key": "satnogs.stations.json", "evidence_url": "https://network.satnogs.org/stations/1079/", "status": "Offline", "min_horizon_deg": null, "country": "Argentina", "country_iso3": "ARG", "coastal_rescue": false, "region_class": "Latin America" }, "geometry": { "type": "Point", "coordinates": [ -65.218, -26.836 ] } },
{ "type": "Feature", "properties": { "station_id": "SATNOGS:1081", "name": "CX1TH", "network": "SatNOGS", "tier": "T2-open-registry", "operator": "juan-cruz70", "purpose": "VHF/UHF/S-band reception", "lat_deg": -34.6458, "lon_deg": -54.2083, "height_m": 10.0, "height_known": true, "source_key": "satnogs.stations.json", "evidence_url": "https://network.satnogs.org/stations/1081/", "status": "Offline", "min_horizon_deg": null, "country": "Uruguay", "country_iso3": "URY", "coastal_rescue": false, "region_class": "Latin America" }, "geometry": { "type": "Point", "coordinates": [ -54.2083, -34.6458 ] } },
{ "type": "Feature", "properties": { "station_id": "SATNOGS:1083", "name": "LW2EE", "network": "SatNOGS", "tier": "T2-open-registry", "operator": "LW2EE", "purpose": "VHF/UHF/S-band reception", "lat_deg": -37.33, "lon_deg": -59.11, "height_m": 186.0, "height_known": true, "source_key": "satnogs.stations.json", "evidence_url": "https://network.satnogs.org/stations/1083/", "status": "Offline", "min_horizon_deg": null, "country": "Argentina", "country_iso3": "ARG", "coastal_rescue": false, "region_class": "Latin America" }, "geometry": { "type": "Point", "coordinates": [ -59.11, -37.33 ] } },
{ "type": "Feature", "properties": { "station_id": "SATNOGS:109", "name": "EA6WQ - Tomas Orzaez", "network": "SatNOGS", "tier": "T2-open-registry", "operator": "EA6WQ", "purpose": "VHF/UHF/S-band reception", "lat_deg": 39.5666, "lon_deg": 3.2095, "height_m": 100.0, "height_known": true, "source_key": "satnogs.stations.json", "evidence_url": "https://network.satnogs.org/stations/109/", "status": "Offline", "min_horizon_deg": null, "country": "Spain", "country_iso3": "ESP", "coastal_rescue": false, "region_class": "Spain" }, "geometry": { "type": "Point", "coordinates": [ 3.2095, 39.5666 ] } },
{ "type": "Feature", "properties": { "station_id": "SATNOGS:1093", "name": "LU1KCQ Home", "network": "SatNOGS", "tier": "T2-open-registry", "operator": "lu1kcq", "purpose": "VHF/UHF/S-band reception", "lat_deg": -26.81554, "lon_deg": -65.29032, "height_m": 491.0, "height_known": true, "source_key": "satnogs.stations.json", "evidence_url": "https://network.satnogs.org/stations/1093/", "status": "Offline", "min_horizon_deg": null, "country": "Argentina", "country_iso3": "ARG", "coastal_rescue": false, "region_class": "Latin America" }, "geometry": { "type": "Point", "coordinates": [ -65.29032, -26.81554 ] } },
{ "type": "Feature", "properties": { "station_id": "SATNOGS:1104", "name": "CICESE I", "network": "SatNOGS", "tier": "T2-open-registry", "operator": "lutgaru", "purpose": "VHF/UHF/S-band reception", "lat_deg": 31.869, "lon_deg": -116.665, "height_m": 56.0, "height_known": true, "source_key": "satnogs.stations.json", "evidence_url": "https://network.satnogs.org/stations/1104/", "status": "Offline", "min_horizon_deg": null, "country": "Mexico", "country_iso3": "MEX", "coastal_rescue": true, "region_class": "Latin America" }, "geometry": { "type": "Point", "coordinates": [ -116.665, 31.869 ] } },
{ "type": "Feature", "properties": { "station_id": "SATNOGS:1125", "name": "TI2RF", "network": "SatNOGS", "tier": "T2-open-registry", "operator": "ti2rf", "purpose": "VHF/UHF/S-band reception", "lat_deg": 9.91685, "lon_deg": -84.109111, "height_m": 1102.0, "height_known": true, "source_key": "satnogs.stations.json", "evidence_url": "https://network.satnogs.org/stations/1125/", "status": "Offline", "min_horizon_deg": null, "country": "Costa Rica", "country_iso3": "CRI", "coastal_rescue": false, "region_class": "Latin America" }, "geometry": { "type": "Point", "coordinates": [ -84.109111, 9.91685 ] } },
{ "type": "Feature", "properties": { "station_id": "SATNOGS:1127", "name": "cisne_fsa_vhf1", "network": "SatNOGS", "tier": "T2-open-registry", "operator": "nicod", "purpose": "VHF/UHF/S-band reception", "lat_deg": -39.82285, "lon_deg": -73.239686, "height_m": 16.0, "height_known": true, "source_key": "satnogs.stations.json", "evidence_url": "https://network.satnogs.org/stations/1127/", "status": "Offline", "min_horizon_deg": null, "country": "Chile", "country_iso3": "CHL", "coastal_rescue": false, "region_class": "Latin America" }, "geometry": { "type": "Point", "coordinates": [ -73.239686, -39.82285 ] } },
{ "type": "Feature", "properties": { "station_id": "SATNOGS:1131", "name": "GranaSAT", "network": "SatNOGS", "tier": "T2-open-registry", "operator": "granasat", "purpose": "VHF/UHF/S-band reception", "lat_deg": 37.144119, "lon_deg": -3.6093357, "height_m": 680.0, "height_known": true, "source_key": "satnogs.stations.json", "evidence_url": "https://network.satnogs.org/stations/1131/", "status": "Offline", "min_horizon_deg": null, "country": "Spain", "country_iso3": "ESP", "coastal_rescue": false, "region_class": "Spain" }, "geometry": { "type": "Point", "coordinates": [ -3.6093357, 37.144119 ] } },
{ "type": "Feature", "properties": { "station_id": "SATNOGS:1134", "name": "DIAMOND X 5000 VHF 144 / UHF 430 / 1200 MHZ", "network": "SatNOGS", "tier": "T2-open-registry", "operator": "granasat", "purpose": "VHF/UHF/S-band reception", "lat_deg": 37.144119, "lon_deg": -3.6093357, "height_m": 680.0, "height_known": true, "source_key": "satnogs.stations.json", "evidence_url": "https://network.satnogs.org/stations/1134/", "status": "Offline", "min_horizon_deg": null, "country": "Spain", "country_iso3": "ESP", "coastal_rescue": false, "region_class": "Spain" }, "geometry": { "type": "Point", "coordinates": [ -3.6093357, 37.144119 ] } },
{ "type": "Feature", "properties": { "station_id": "SATNOGS:1172", "name": "NAT_UFRN", "network": "SatNOGS", "tier": "T2-open-registry", "operator": "geovaneadori", "purpose": "VHF/UHF/S-band reception", "lat_deg": -5.88, "lon_deg": -35.17, "height_m": 38.0, "height_known": true, "source_key": "satnogs.stations.json", "evidence_url": "https://network.satnogs.org/stations/1172/", "status": "Offline", "min_horizon_deg": null, "country": "Brazil", "country_iso3": "BRA", "coastal_rescue": false, "region_class": "Latin America" }, "geometry": { "type": "Point", "coordinates": [ -35.17, -5.88 ] } },
{ "type": "Feature", "properties": { "station_id": "SATNOGS:1178", "name": "Gaguchan", "network": "SatNOGS", "tier": "T2-open-registry", "operator": "gaguchan", "purpose": "VHF/UHF/S-band reception", "lat_deg": 40.362072, "lon_deg": -3.595691, "height_m": 650.0, "height_known": true, "source_key": "satnogs.stations.json", "evidence_url": "https://network.satnogs.org/stations/1178/", "status": "Offline", "min_horizon_deg": null, "country": "Spain", "country_iso3": "ESP", "coastal_rescue": false, "region_class": "Spain" }, "geometry": { "type": "Point", "coordinates": [ -3.595691, 40.362072 ] } },
{ "type": "Feature", "properties": { "station_id": "SATNOGS:1179", "name": "IFSC SJE", "network": "SatNOGS", "tier": "T2-open-registry", "operator": "rftele.sje", "purpose": "VHF/UHF/S-band reception", "lat_deg": -27.6086225, "lon_deg": -48.6329892, "height_m": 18.0, "height_known": true, "source_key": "satnogs.stations.json", "evidence_url": "https://network.satnogs.org/stations/1179/", "status": "Offline", "min_horizon_deg": null, "country": "Brazil", "country_iso3": "BRA", "coastal_rescue": true, "region_class": "Latin America" }, "geometry": { "type": "Point", "coordinates": [ -48.6329892, -27.6086225 ] } },
{ "type": "Feature", "properties": { "station_id": "SATNOGS:1186", "name": "EA4GRN", "network": "SatNOGS", "tier": "T2-open-registry", "operator": "rafa", "purpose": "VHF/UHF/S-band reception", "lat_deg": 40.385222, "lon_deg": -3.4374617, "height_m": 700.0, "height_known": true, "source_key": "satnogs.stations.json", "evidence_url": "https://network.satnogs.org/stations/1186/", "status": "Offline", "min_horizon_deg": null, "country": "Spain", "country_iso3": "ESP", "coastal_rescue": false, "region_class": "Spain" }, "geometry": { "type": "Point", "coordinates": [ -3.4374617, 40.385222 ] } },
{ "type": "Feature", "properties": { "station_id": "SATNOGS:1189", "name": "BHDynamics", "network": "SatNOGS", "tier": "T2-open-registry", "operator": "jltajada", "purpose": "VHF/UHF/S-band reception", "lat_deg": 38.979762, "lon_deg": -1.842076, "height_m": 688.0, "height_known": true, "source_key": "satnogs.stations.json", "evidence_url": "https://network.satnogs.org/stations/1189/", "status": "Online", "min_horizon_deg": null, "country": "Spain", "country_iso3": "ESP", "coastal_rescue": false, "region_class": "Spain" }, "geometry": { "type": "Point", "coordinates": [ -1.842076, 38.979762 ] } },
{ "type": "Feature", "properties": { "station_id": "SATNOGS:1195", "name": "Aistech_Colombia", "network": "SatNOGS", "tier": "T2-open-registry", "operator": "totesalaz", "purpose": "VHF/UHF/S-band reception", "lat_deg": 5.02377, "lon_deg": -74.46281, "height_m": 786.0, "height_known": true, "source_key": "satnogs.stations.json", "evidence_url": "https://network.satnogs.org/stations/1195/", "status": "Offline", "min_horizon_deg": null, "country": "Colombia", "country_iso3": "COL", "coastal_rescue": false, "region_class": "Latin America" }, "geometry": { "type": "Point", "coordinates": [ -74.46281, 5.02377 ] } },
{ "type": "Feature", "properties": { "station_id": "SATNOGS:1206", "name": "Medialab Prado @ ETSIDI - UPM", "network": "SatNOGS", "tier": "T2-open-registry", "operator": "silviatelo", "purpose": "VHF/UHF/S-band reception", "lat_deg": 40.405253, "lon_deg": -3.700408, "height_m": 624.0, "height_known": true, "source_key": "satnogs.stations.json", "evidence_url": "https://network.satnogs.org/stations/1206/", "status": "Offline", "min_horizon_deg": null, "country": "Spain", "country_iso3": "ESP", "coastal_rescue": false, "region_class": "Spain" }, "geometry": { "type": "Point", "coordinates": [ -3.700408, 40.405253 ] } },
{ "type": "Feature", "properties": { "station_id": "SATNOGS:1211", "name": "GranaSAT Ground Station", "network": "SatNOGS", "tier": "T2-open-registry", "operator": "granasat", "purpose": "VHF/UHF/S-band reception", "lat_deg": 37.144119, "lon_deg": -3.6093357, "height_m": 680.0, "height_known": true, "source_key": "satnogs.stations.json", "evidence_url": "https://network.satnogs.org/stations/1211/", "status": "Offline", "min_horizon_deg": null, "country": "Spain", "country_iso3": "ESP", "coastal_rescue": false, "region_class": "Spain" }, "geometry": { "type": "Point", "coordinates": [ -3.6093357, 37.144119 ] } },
{ "type": "Feature", "properties": { "station_id": "SATNOGS:122", "name": "TEC-SC", "network": "SatNOGS", "tier": "T2-open-registry", "operator": "esteban88", "purpose": "VHF/UHF/S-band reception", "lat_deg": 10.367497, "lon_deg": -84.512909, "height_m": 200.0, "height_known": true, "source_key": "satnogs.stations.json", "evidence_url": "https://network.satnogs.org/stations/122/", "status": "Offline", "min_horizon_deg": null, "country": "Costa Rica", "country_iso3": "CRI", "coastal_rescue": false, "region_class": "Latin America" }, "geometry": { "type": "Point", "coordinates": [ -84.512909, 10.367497 ] } },
{ "type": "Feature", "properties": { "station_id": "SATNOGS:1230", "name": "Porto Alegre 01", "network": "SatNOGS", "tier": "T2-open-registry", "operator": "deoclecio", "purpose": "VHF/UHF/S-band reception", "lat_deg": -30.0277, "lon_deg": -51.2287, "height_m": 22.0, "height_known": true, "source_key": "satnogs.stations.json", "evidence_url": "https://network.satnogs.org/stations/1230/", "status": "Offline", "min_horizon_deg": null, "country": "Brazil", "country_iso3": "BRA", "coastal_rescue": false, "region_class": "Latin America" }, "geometry": { "type": "Point", "coordinates": [ -51.2287, -30.0277 ] } },
{ "type": "Feature", "properties": { "station_id": "SATNOGS:1234", "name": "Itamar Maximo de Sena", "network": "SatNOGS", "tier": "T2-open-registry", "operator": "Itamar_M_Sena", "purpose": "VHF/UHF/S-band reception", "lat_deg": -23.0543, "lon_deg": -46.3584, "height_m": 814.0, "height_known": true, "source_key": "satnogs.stations.json", "evidence_url": "https://network.satnogs.org/stations/1234/", "status": "Offline", "min_horizon_deg": null, "country": "Brazil", "country_iso3": "BRA", "coastal_rescue": false, "region_class": "Latin America" }, "geometry": { "type": "Point", "coordinates": [ -46.3584, -23.0543 ] } },
{ "type": "Feature", "properties": { "station_id": "SATNOGS:1247", "name": "LU5CQC", "network": "SatNOGS", "tier": "T2-open-registry", "operator": "lu5cqc", "purpose": "VHF/UHF/S-band reception", "lat_deg": -34.5706314, "lon_deg": -58.4846428, "height_m": 35.0, "height_known": true, "source_key": "satnogs.stations.json", "evidence_url": "https://network.satnogs.org/stations/1247/", "status": "Offline", "min_horizon_deg": null, "country": "Argentina", "country_iso3": "ARG", "coastal_rescue": false, "region_class": "Latin America" }, "geometry": { "type": "Point", "coordinates": [ -58.4846428, -34.5706314 ] } },
{ "type": "Feature", "properties": { "station_id": "SATNOGS:1249", "name": "Kaio Broadcasting Station", "network": "SatNOGS", "tier": "T2-open-registry", "operator": "kaioduarte", "purpose": "VHF/UHF/S-band reception", "lat_deg": -19.851053, "lon_deg": -44.61531, "height_m": 819.0, "height_known": true, "source_key": "satnogs.stations.json", "evidence_url": "https://network.satnogs.org/stations/1249/", "status": "Offline", "min_horizon_deg": null, "country": "Brazil", "country_iso3": "BRA", "coastal_rescue": false, "region_class": "Latin America" }, "geometry": { "type": "Point", "coordinates": [ -44.61531, -19.851053 ] } },
{ "type": "Feature", "properties": { "station_id": "SATNOGS:1274", "name": "SpaceLab UFSC", "network": "SatNOGS", "tier": "T2-open-registry", "operator": "spacelab", "purpose": "VHF/UHF/S-band reception", "lat_deg": -27.605, "lon_deg": -48.438, "height_m": 10.0, "height_known": true, "source_key": "satnogs.stations.json", "evidence_url": "https://network.satnogs.org/stations/1274/", "status": "Offline", "min_horizon_deg": null, "country": "Brazil", "country_iso3": "BRA", "coastal_rescue": false, "region_class": "Latin America" }, "geometry": { "type": "Point", "coordinates": [ -48.438, -27.605 ] } },
{ "type": "Feature", "properties": { "station_id": "SATNOGS:1279", "name": "LU7MAC / VHF-UHF", "network": "SatNOGS", "tier": "T2-open-registry", "operator": "edupizzi", "purpose": "VHF/UHF/S-band reception", "lat_deg": -33.016, "lon_deg": -68.871, "height_m": 959.0, "height_known": true, "source_key": "satnogs.stations.json", "evidence_url": "https://network.satnogs.org/stations/1279/", "status": "Offline", "min_horizon_deg": null, "country": "Argentina", "country_iso3": "ARG", "coastal_rescue": false, "region_class": "Latin America" }, "geometry": { "type": "Point", "coordinates": [ -68.871, -33.016 ] } },
{ "type": "Feature", "properties": { "station_id": "SATNOGS:1280", "name": "LW1DJL", "network": "SatNOGS", "tier": "T2-open-registry", "operator": "lw1djl", "purpose": "VHF/UHF/S-band reception", "lat_deg": -34.66458, "lon_deg": -58.625, "height_m": 23.0, "height_known": true, "source_key": "satnogs.stations.json", "evidence_url": "https://network.satnogs.org/stations/1280/", "status": "Offline", "min_horizon_deg": null, "country": "Argentina", "country_iso3": "ARG", "coastal_rescue": false, "region_class": "Latin America" }, "geometry": { "type": "Point", "coordinates": [ -58.625, -34.66458 ] } },
{ "type": "Feature", "properties": { "station_id": "SATNOGS:1287", "name": "FOSSA-STATION", "network": "SatNOGS", "tier": "T2-open-registry", "operator": "ea4hcd", "purpose": "VHF/UHF/S-band reception", "lat_deg": 40.449, "lon_deg": -3.792, "height_m": 600.0, "height_known": true, "source_key": "satnogs.stations.json", "evidence_url": "https://network.satnogs.org/stations/1287/", "status": "Offline", "min_horizon_deg": null, "country": "Spain", "country_iso3": "ESP", "coastal_rescue": false, "region_class": "Spain" }, "geometry": { "type": "Point", "coordinates": [ -3.792, 40.449 ] } },
{ "type": "Feature", "properties": { "station_id": "SATNOGS:1293", "name": "UNAH-001", "network": "SatNOGS", "tier": "T2-open-registry", "operator": "fejoz_29", "purpose": "VHF/UHF/S-band reception", "lat_deg": 14.08673, "lon_deg": -87.161714, "height_m": 1010.0, "height_known": true, "source_key": "satnogs.stations.json", "evidence_url": "https://network.satnogs.org/stations/1293/", "status": "Offline", "min_horizon_deg": null, "country": "Honduras", "country_iso3": "HND", "coastal_rescue": false, "region_class": "Latin America" }, "geometry": { "type": "Point", "coordinates": [ -87.161714, 14.08673 ] } },
{ "type": "Feature", "properties": { "station_id": "SATNOGS:1304", "name": "LU5AGQ", "network": "SatNOGS", "tier": "T2-open-registry", "operator": "lu5agq", "purpose": "VHF/UHF/S-band reception", "lat_deg": -34.617817, "lon_deg": -58.380072, "height_m": 20.0, "height_known": true, "source_key": "satnogs.stations.json", "evidence_url": "https://network.satnogs.org/stations/1304/", "status": "Offline", "min_horizon_deg": null, "country": "Argentina", "country_iso3": "ARG", "coastal_rescue": false, "region_class": "Latin America" }, "geometry": { "type": "Point", "coordinates": [ -58.380072, -34.617817 ] } },
{ "type": "Feature", "properties": { "station_id": "SATNOGS:1317", "name": "IB BRC", "network": "SatNOGS", "tier": "T2-open-registry", "operator": "ncatalano", "purpose": "VHF/UHF/S-band reception", "lat_deg": -41.1242861, "lon_deg": -71.415386111111118, "height_m": 750.0, "height_known": true, "source_key": "satnogs.stations.json", "evidence_url": "https://network.satnogs.org/stations/1317/", "status": "Offline", "min_horizon_deg": null, "country": "Argentina", "country_iso3": "ARG", "coastal_rescue": false, "region_class": "Latin America" }, "geometry": { "type": "Point", "coordinates": [ -71.415386111111118, -41.1242861 ] } },
{ "type": "Feature", "properties": { "station_id": "SATNOGS:1325", "name": "LU6EIC", "network": "SatNOGS", "tier": "T2-open-registry", "operator": "lu6eic", "purpose": "VHF/UHF/S-band reception", "lat_deg": -35.813, "lon_deg": -61.89, "height_m": 8.0, "height_known": true, "source_key": "satnogs.stations.json", "evidence_url": "https://network.satnogs.org/stations/1325/", "status": "Offline", "min_horizon_deg": null, "country": "Argentina", "country_iso3": "ARG", "coastal_rescue": false, "region_class": "Latin America" }, "geometry": { "type": "Point", "coordinates": [ -61.89, -35.813 ] } },
{ "type": "Feature", "properties": { "station_id": "SATNOGS:1326", "name": "Ronda", "network": "SatNOGS", "tier": "T2-open-registry", "operator": "ronda", "purpose": "VHF/UHF/S-band reception", "lat_deg": 39.4792, "lon_deg": -0.38999999999998636, "height_m": 51.0, "height_known": true, "source_key": "satnogs.stations.json", "evidence_url": "https://network.satnogs.org/stations/1326/", "status": "Offline", "min_horizon_deg": null, "country": "Spain", "country_iso3": "ESP", "coastal_rescue": false, "region_class": "Spain" }, "geometry": { "type": "Point", "coordinates": [ -0.39, 39.4792 ] } },
{ "type": "Feature", "properties": { "station_id": "SATNOGS:1342", "name": "LINX-ICN-UNAM-UHF", "network": "SatNOGS", "tier": "T2-open-registry", "operator": "eddyosp", "purpose": "VHF/UHF/S-band reception", "lat_deg": 19.325368, "lon_deg": -99.180742, "height_m": 2286.0, "height_known": true, "source_key": "satnogs.stations.json", "evidence_url": "https://network.satnogs.org/stations/1342/", "status": "Offline", "min_horizon_deg": null, "country": "Mexico", "country_iso3": "MEX", "coastal_rescue": false, "region_class": "Latin America" }, "geometry": { "type": "Point", "coordinates": [ -99.180742, 19.325368 ] } },
{ "type": "Feature", "properties": { "station_id": "SATNOGS:1343", "name": "EA1JBS - StationPueblu1", "network": "SatNOGS", "tier": "T2-open-registry", "operator": "LuisE", "purpose": "VHF/UHF/S-band reception", "lat_deg": 43.3804059, "lon_deg": -3.8537428, "height_m": 10.0, "height_known": true, "source_key": "satnogs.stations.json", "evidence_url": "https://network.satnogs.org/stations/1343/", "status": "Offline", "min_horizon_deg": null, "country": "Spain", "country_iso3": "ESP", "coastal_rescue": false, "region_class": "Spain" }, "geometry": { "type": "Point", "coordinates": [ -3.8537428, 43.3804059 ] } },
{ "type": "Feature", "properties": { "station_id": "SATNOGS:1349", "name": "OAQ", "network": "SatNOGS", "tier": "T2-open-registry", "operator": "garyaries", "purpose": "VHF/UHF/S-band reception", "lat_deg": -0.215, "lon_deg": -78.503, "height_m": 2810.0, "height_known": true, "source_key": "satnogs.stations.json", "evidence_url": "https://network.satnogs.org/stations/1349/", "status": "Offline", "min_horizon_deg": null, "country": "Ecuador", "country_iso3": "ECU", "coastal_rescue": false, "region_class": "Latin America" }, "geometry": { "type": "Point", "coordinates": [ -78.503, -0.215 ] } },
{ "type": "Feature", "properties": { "station_id": "SATNOGS:1357", "name": "Victor Hugo Ropolo", "network": "SatNOGS", "tier": "T2-open-registry", "operator": "LU1HVK", "purpose": "VHF/UHF/S-band reception", "lat_deg": -32.6875, "lon_deg": -62.2958, "height_m": 7.0, "height_known": true, "source_key": "satnogs.stations.json", "evidence_url": "https://network.satnogs.org/stations/1357/", "status": "Offline", "min_horizon_deg": null, "country": "Argentina", "country_iso3": "ARG", "coastal_rescue": false, "region_class": "Latin America" }, "geometry": { "type": "Point", "coordinates": [ -62.2958, -32.6875 ] } },
{ "type": "Feature", "properties": { "station_id": "SATNOGS:1362", "name": "LU1DC", "network": "SatNOGS", "tier": "T2-open-registry", "operator": "lu1dc", "purpose": "VHF/UHF/S-band reception", "lat_deg": -34.567079, "lon_deg": -58.691, "height_m": 15.0, "height_known": true, "source_key": "satnogs.stations.json", "evidence_url": "https://network.satnogs.org/stations/1362/", "status": "Offline", "min_horizon_deg": null, "country": "Argentina", "country_iso3": "ARG", "coastal_rescue": false, "region_class": "Latin America" }, "geometry": { "type": "Point", "coordinates": [ -58.691, -34.567079 ] } },
{ "type": "Feature", "properties": { "station_id": "SATNOGS:1383", "name": "EA5SW RTLSDR", "network": "SatNOGS", "tier": "T2-open-registry", "operator": "ea5sw", "purpose": "VHF/UHF/S-band reception", "lat_deg": 39.45528, "lon_deg": -0.39610999999999308, "height_m": 70.0, "height_known": true, "source_key": "satnogs.stations.json", "evidence_url": "https://network.satnogs.org/stations/1383/", "status": "Offline", "min_horizon_deg": null, "country": "Spain", "country_iso3": "ESP", "coastal_rescue": false, "region_class": "Spain" }, "geometry": { "type": "Point", "coordinates": [ -0.39611, 39.45528 ] } },
{ "type": "Feature", "properties": { "station_id": "SATNOGS:1406", "name": "Uniminuto Calle 90", "network": "SatNOGS", "tier": "T2-open-registry", "operator": "ajmorenom", "purpose": "VHF/UHF/S-band reception", "lat_deg": 4.71101, "lon_deg": -74.096547, "height_m": 2600.0, "height_known": true, "source_key": "satnogs.stations.json", "evidence_url": "https://network.satnogs.org/stations/1406/", "status": "Offline", "min_horizon_deg": null, "country": "Colombia", "country_iso3": "COL", "coastal_rescue": false, "region_class": "Latin America" }, "geometry": { "type": "Point", "coordinates": [ -74.096547, 4.71101 ] } },
{ "type": "Feature", "properties": { "station_id": "SATNOGS:1425", "name": "Eddyosp-UHF", "network": "SatNOGS", "tier": "T2-open-registry", "operator": "eddyosp", "purpose": "VHF/UHF/S-band reception", "lat_deg": 19.31, "lon_deg": -99.149, "height_m": 2260.0, "height_known": true, "source_key": "satnogs.stations.json", "evidence_url": "https://network.satnogs.org/stations/1425/", "status": "Testing", "min_horizon_deg": null, "country": "Mexico", "country_iso3": "MEX", "coastal_rescue": false, "region_class": "Latin America" }, "geometry": { "type": "Point", "coordinates": [ -99.149, 19.31 ] } },
{ "type": "Feature", "properties": { "station_id": "SATNOGS:1436", "name": "EA5IXX", "network": "SatNOGS", "tier": "T2-open-registry", "operator": "ea5ixx", "purpose": "VHF/UHF/S-band reception", "lat_deg": 38.2751, "lon_deg": -0.68000000000000682, "height_m": 20.0, "height_known": true, "source_key": "satnogs.stations.json", "evidence_url": "https://network.satnogs.org/stations/1436/", "status": "Offline", "min_horizon_deg": null, "country": "Spain", "country_iso3": "ESP", "coastal_rescue": false, "region_class": "Spain" }, "geometry": { "type": "Point", "coordinates": [ -0.68, 38.2751 ] } },
{ "type": "Feature", "properties": { "station_id": "SATNOGS:1462", "name": "EA4EKH", "network": "SatNOGS", "tier": "T2-open-registry", "operator": "ea4ekh", "purpose": "VHF/UHF/S-band reception", "lat_deg": 40.15, "lon_deg": -2.85, "height_m": 900.0, "height_known": true, "source_key": "satnogs.stations.json", "evidence_url": "https://network.satnogs.org/stations/1462/", "status": "Offline", "min_horizon_deg": null, "country": "Spain", "country_iso3": "ESP", "coastal_rescue": false, "region_class": "Spain" }, "geometry": { "type": "Point", "coordinates": [ -2.85, 40.15 ] } },
{ "type": "Feature", "properties": { "station_id": "SATNOGS:1490", "name": "Mutxamel", "network": "SatNOGS", "tier": "T2-open-registry", "operator": "ea5gwf", "purpose": "VHF/UHF/S-band reception", "lat_deg": 38.4158, "lon_deg": -0.44529, "height_m": 63.0, "height_known": true, "source_key": "satnogs.stations.json", "evidence_url": "https://network.satnogs.org/stations/1490/", "status": "Offline", "min_horizon_deg": null, "country": "Spain", "country_iso3": "ESP", "coastal_rescue": false, "region_class": "Spain" }, "geometry": { "type": "Point", "coordinates": [ -0.44529, 38.4158 ] } },
{ "type": "Feature", "properties": { "station_id": "SATNOGS:1516", "name": "Groundstation Granada", "network": "SatNOGS", "tier": "T2-open-registry", "operator": "albertomn", "purpose": "VHF/UHF/S-band reception", "lat_deg": 37.107, "lon_deg": -3.646, "height_m": 804.0, "height_known": true, "source_key": "satnogs.stations.json", "evidence_url": "https://network.satnogs.org/stations/1516/", "status": "Offline", "min_horizon_deg": null, "country": "Spain", "country_iso3": "ESP", "coastal_rescue": false, "region_class": "Spain" }, "geometry": { "type": "Point", "coordinates": [ -3.646, 37.107 ] } },
{ "type": "Feature", "properties": { "station_id": "SATNOGS:1528", "name": "GroundStation Rivas Vaciamadrid", "network": "SatNOGS", "tier": "T2-open-registry", "operator": "eb4adc", "purpose": "VHF/UHF/S-band reception", "lat_deg": 40.358129, "lon_deg": -3.533308, "height_m": 618.0, "height_known": true, "source_key": "satnogs.stations.json", "evidence_url": "https://network.satnogs.org/stations/1528/", "status": "Offline", "min_horizon_deg": null, "country": "Spain", "country_iso3": "ESP", "coastal_rescue": false, "region_class": "Spain" }, "geometry": { "type": "Point", "coordinates": [ -3.533308, 40.358129 ] } },
{ "type": "Feature", "properties": { "station_id": "SATNOGS:1530", "name": "SPA3NF", "network": "SatNOGS", "tier": "T2-open-registry", "operator": "joaquin", "purpose": "VHF/UHF/S-band reception", "lat_deg": 41.487, "lon_deg": 2.171, "height_m": 40.0, "height_known": true, "source_key": "satnogs.stations.json", "evidence_url": "https://network.satnogs.org/stations/1530/", "status": "Offline", "min_horizon_deg": null, "country": "Spain", "country_iso3": "ESP", "coastal_rescue": false, "region_class": "Spain" }, "geometry": { "type": "Point", "coordinates": [ 2.171, 41.487 ] } },
{ "type": "Feature", "properties": { "station_id": "SATNOGS:1531", "name": "Base APL", "network": "SatNOGS", "tier": "T2-open-registry", "operator": "apl_75", "purpose": "VHF/UHF/S-band reception", "lat_deg": 36.8381, "lon_deg": -2.457106, "height_m": 49.0, "height_known": true, "source_key": "satnogs.stations.json", "evidence_url": "https://network.satnogs.org/stations/1531/", "status": "Offline", "min_horizon_deg": null, "country": "Spain", "country_iso3": "ESP", "coastal_rescue": false, "region_class": "Spain" }, "geometry": { "type": "Point", "coordinates": [ -2.457106, 36.8381 ] } },
{ "type": "Feature", "properties": { "station_id": "SATNOGS:1535", "name": "Alicante - EA5IHI", "network": "SatNOGS", "tier": "T2-open-registry", "operator": "ea5ihi", "purpose": "VHF/UHF/S-band reception", "lat_deg": 38.3955, "lon_deg": -0.51320000000001187, "height_m": 120.0, "height_known": true, "source_key": "satnogs.stations.json", "evidence_url": "https://network.satnogs.org/stations/1535/", "status": "Offline", "min_horizon_deg": null, "country": "Spain", "country_iso3": "ESP", "coastal_rescue": false, "region_class": "Spain" }, "geometry": { "type": "Point", "coordinates": [ -0.5132, 38.3955 ] } },
{ "type": "Feature", "properties": { "station_id": "SATNOGS:1537", "name": "EB2FIZ", "network": "SatNOGS", "tier": "T2-open-registry", "operator": "mikel", "purpose": "VHF/UHF/S-band reception", "lat_deg": 43.159, "lon_deg": -2.067, "height_m": 72.0, "height_known": true, "source_key": "satnogs.stations.json", "evidence_url": "https://network.satnogs.org/stations/1537/", "status": "Offline", "min_horizon_deg": null, "country": "Spain", "country_iso3": "ESP", "coastal_rescue": false, "region_class": "Spain" }, "geometry": { "type": "Point", "coordinates": [ -2.067, 43.159 ] } },
{ "type": "Feature", "properties": { "station_id": "SATNOGS:1538", "name": "EA4FWU Base Station", "network": "SatNOGS", "tier": "T2-open-registry", "operator": "ea4fwu", "purpose": "VHF/UHF/S-band reception", "lat_deg": 40.382, "lon_deg": -3.656, "height_m": 661.0, "height_known": true, "source_key": "satnogs.stations.json", "evidence_url": "https://network.satnogs.org/stations/1538/", "status": "Offline", "min_horizon_deg": null, "country": "Spain", "country_iso3": "ESP", "coastal_rescue": false, "region_class": "Spain" }, "geometry": { "type": "Point", "coordinates": [ -3.656, 40.382 ] } },
{ "type": "Feature", "properties": { "station_id": "SATNOGS:1541", "name": "TG9AJR", "network": "SatNOGS", "tier": "T2-open-registry", "operator": "tg9ajr", "purpose": "VHF/UHF/S-band reception", "lat_deg": 14.4954, "lon_deg": -90.4679, "height_m": 1805.0, "height_known": true, "source_key": "satnogs.stations.json", "evidence_url": "https://network.satnogs.org/stations/1541/", "status": "Offline", "min_horizon_deg": null, "country": "Guatemala", "country_iso3": "GTM", "coastal_rescue": false, "region_class": "Latin America" }, "geometry": { "type": "Point", "coordinates": [ -90.4679, 14.4954 ] } },
{ "type": "Feature", "properties": { "station_id": "SATNOGS:1543", "name": "EA4CP", "network": "SatNOGS", "tier": "T2-open-registry", "operator": "rapidbit", "purpose": "VHF/UHF/S-band reception", "lat_deg": 40.499, "lon_deg": -3.346, "height_m": 588.0, "height_known": true, "source_key": "satnogs.stations.json", "evidence_url": "https://network.satnogs.org/stations/1543/", "status": "Offline", "min_horizon_deg": null, "country": "Spain", "country_iso3": "ESP", "coastal_rescue": false, "region_class": "Spain" }, "geometry": { "type": "Point", "coordinates": [ -3.346, 40.499 ] } },
{ "type": "Feature", "properties": { "station_id": "SATNOGS:1550", "name": "Meliana", "network": "SatNOGS", "tier": "T2-open-registry", "operator": "ea5ke", "purpose": "VHF/UHF/S-band reception", "lat_deg": 39.522743, "lon_deg": -0.37118100000000709, "height_m": 25.0, "height_known": true, "source_key": "satnogs.stations.json", "evidence_url": "https://network.satnogs.org/stations/1550/", "status": "Offline", "min_horizon_deg": null, "country": "Spain", "country_iso3": "ESP", "coastal_rescue": false, "region_class": "Spain" }, "geometry": { "type": "Point", "coordinates": [ -0.371181, 39.522743 ] } },
{ "type": "Feature", "properties": { "station_id": "SATNOGS:1560", "name": "EA6TC", "network": "SatNOGS", "tier": "T2-open-registry", "operator": "EA6TC", "purpose": "VHF/UHF/S-band reception", "lat_deg": 39.55858, "lon_deg": 2.7805, "height_m": 70.0, "height_known": true, "source_key": "satnogs.stations.json", "evidence_url": "https://network.satnogs.org/stations/1560/", "status": "Offline", "min_horizon_deg": null, "country": "Spain", "country_iso3": "ESP", "coastal_rescue": false, "region_class": "Spain" }, "geometry": { "type": "Point", "coordinates": [ 2.7805, 39.55858 ] } },
{ "type": "Feature", "properties": { "station_id": "SATNOGS:1571", "name": "Willy Violi", "network": "SatNOGS", "tier": "T2-open-registry", "operator": "lu7fia", "purpose": "VHF/UHF/S-band reception", "lat_deg": -32.95, "lon_deg": -60.68, "height_m": 15.0, "height_known": true, "source_key": "satnogs.stations.json", "evidence_url": "https://network.satnogs.org/stations/1571/", "status": "Offline", "min_horizon_deg": null, "country": "Argentina", "country_iso3": "ARG", "coastal_rescue": false, "region_class": "Latin America" }, "geometry": { "type": "Point", "coordinates": [ -60.68, -32.95 ] } },
{ "type": "Feature", "properties": { "station_id": "SATNOGS:1587", "name": "Jdagosto", "network": "SatNOGS", "tier": "T2-open-registry", "operator": "jdagosto", "purpose": "VHF/UHF/S-band reception", "lat_deg": 10.484468, "lon_deg": -66.959891, "height_m": 950.0, "height_known": true, "source_key": "satnogs.stations.json", "evidence_url": "https://network.satnogs.org/stations/1587/", "status": "Offline", "min_horizon_deg": null, "country": "Venezuela", "country_iso3": "VEN", "coastal_rescue": false, "region_class": "Latin America" }, "geometry": { "type": "Point", "coordinates": [ -66.959891, 10.484468 ] } },
{ "type": "Feature", "properties": { "station_id": "SATNOGS:1589", "name": "EA5WA QFH UHF Albacete", "network": "SatNOGS", "tier": "T2-open-registry", "operator": "ea5wa", "purpose": "VHF/UHF/S-band reception", "lat_deg": 38.985, "lon_deg": -1.865, "height_m": 700.0, "height_known": true, "source_key": "satnogs.stations.json", "evidence_url": "https://network.satnogs.org/stations/1589/", "status": "Offline", "min_horizon_deg": null, "country": "Spain", "country_iso3": "ESP", "coastal_rescue": false, "region_class": "Spain" }, "geometry": { "type": "Point", "coordinates": [ -1.865, 38.985 ] } },
{ "type": "Feature", "properties": { "station_id": "SATNOGS:1591", "name": "Eddyosp-Mobile-1", "network": "SatNOGS", "tier": "T2-open-registry", "operator": "eddyosp", "purpose": "VHF/UHF/S-band reception", "lat_deg": 20.65, "lon_deg": -103.4, "height_m": 1610.0, "height_known": true, "source_key": "satnogs.stations.json", "evidence_url": "https://network.satnogs.org/stations/1591/", "status": "Offline", "min_horizon_deg": null, "country": "Mexico", "country_iso3": "MEX", "coastal_rescue": false, "region_class": "Latin America" }, "geometry": { "type": "Point", "coordinates": [ -103.4, 20.65 ] } },
{ "type": "Feature", "properties": { "station_id": "SATNOGS:1598", "name": "Victor", "network": "SatNOGS", "tier": "T2-open-registry", "operator": "ea3icy", "purpose": "VHF/UHF/S-band reception", "lat_deg": 41.58, "lon_deg": 2.0121, "height_m": 330.0, "height_known": true, "source_key": "satnogs.stations.json", "evidence_url": "https://network.satnogs.org/stations/1598/", "status": "Offline", "min_horizon_deg": null, "country": "Spain", "country_iso3": "ESP", "coastal_rescue": false, "region_class": "Spain" }, "geometry": { "type": "Point", "coordinates": [ 2.0121, 41.58 ] } },
{ "type": "Feature", "properties": { "station_id": "SATNOGS:1605", "name": "Martin LU3EQ", "network": "SatNOGS", "tier": "T2-open-registry", "operator": "lu3eq", "purpose": "VHF/UHF/S-band reception", "lat_deg": -37.3125, "lon_deg": -59.125, "height_m": 290.0, "height_known": true, "source_key": "satnogs.stations.json", "evidence_url": "https://network.satnogs.org/stations/1605/", "status": "Offline", "min_horizon_deg": null, "country": "Argentina", "country_iso3": "ARG", "coastal_rescue": false, "region_class": "Latin America" }, "geometry": { "type": "Point", "coordinates": [ -59.125, -37.3125 ] } },
{ "type": "Feature", "properties": { "station_id": "SATNOGS:1607", "name": "LU2HES", "network": "SatNOGS", "tier": "T2-open-registry", "operator": "lu2hes", "purpose": "VHF/UHF/S-band reception", "lat_deg": -30.531, "lon_deg": -61.957, "height_m": 420.0, "height_known": true, "source_key": "satnogs.stations.json", "evidence_url": "https://network.satnogs.org/stations/1607/", "status": "Offline", "min_horizon_deg": null, "country": "Argentina", "country_iso3": "ARG", "coastal_rescue": false, "region_class": "Latin America" }, "geometry": { "type": "Point", "coordinates": [ -61.957, -30.531 ] } },
{ "type": "Feature", "properties": { "station_id": "SATNOGS:1608", "name": "Juan Alberto PALOMEQUE", "network": "SatNOGS", "tier": "T2-open-registry", "operator": "lu9esp", "purpose": "VHF/UHF/S-band reception", "lat_deg": -35.9792, "lon_deg": -62.7083, "height_m": 90.0, "height_known": true, "source_key": "satnogs.stations.json", "evidence_url": "https://network.satnogs.org/stations/1608/", "status": "Offline", "min_horizon_deg": null, "country": "Argentina", "country_iso3": "ARG", "coastal_rescue": false, "region_class": "Latin America" }, "geometry": { "type": "Point", "coordinates": [ -62.7083, -35.9792 ] } },
{ "type": "Feature", "properties": { "station_id": "SATNOGS:1619", "name": "RAUL PANELLA", "network": "SatNOGS", "tier": "T2-open-registry", "operator": "lu8mpr", "purpose": "VHF/UHF/S-band reception", "lat_deg": -32.9375, "lon_deg": -68.7917, "height_m": 760.0, "height_known": true, "source_key": "satnogs.stations.json", "evidence_url": "https://network.satnogs.org/stations/1619/", "status": "Offline", "min_horizon_deg": null, "country": "Argentina", "country_iso3": "ARG", "coastal_rescue": false, "region_class": "Latin America" }, "geometry": { "type": "Point", "coordinates": [ -68.7917, -32.9375 ] } },
{ "type": "Feature", "properties": { "station_id": "SATNOGS:1650", "name": "station-01", "network": "SatNOGS", "tier": "T2-open-registry", "operator": "xe3adc", "purpose": "VHF/UHF/S-band reception", "lat_deg": 17.983333, "lon_deg": -92.925, "height_m": 10.0, "height_known": true, "source_key": "satnogs.stations.json", "evidence_url": "https://network.satnogs.org/stations/1650/", "status": "Online", "min_horizon_deg": null, "country": "Mexico", "country_iso3": "MEX", "coastal_rescue": false, "region_class": "Latin America" }, "geometry": { "type": "Point", "coordinates": [ -92.925, 17.983333 ] } },
{ "type": "Feature", "properties": { "station_id": "SATNOGS:1653", "name": "PY3PK Testbed", "network": "SatNOGS", "tier": "T2-open-registry", "operator": "phckopper", "purpose": "VHF/UHF/S-band reception", "lat_deg": -29.689, "lon_deg": -51.113, "height_m": 50.0, "height_known": true, "source_key": "satnogs.stations.json", "evidence_url": "https://network.satnogs.org/stations/1653/", "status": "Offline", "min_horizon_deg": null, "country": "Brazil", "country_iso3": "BRA", "coastal_rescue": false, "region_class": "Latin America" }, "geometry": { "type": "Point", "coordinates": [ -51.113, -29.689 ] } },
{ "type": "Feature", "properties": { "station_id": "SATNOGS:1654", "name": "LU1AAT", "network": "SatNOGS", "tier": "T2-open-registry", "operator": "atarantini", "purpose": "VHF/UHF/S-band reception", "lat_deg": -34.537, "lon_deg": -58.469, "height_m": 4.0, "height_known": true, "source_key": "satnogs.stations.json", "evidence_url": "https://network.satnogs.org/stations/1654/", "status": "Offline", "min_horizon_deg": null, "country": "Argentina", "country_iso3": "ARG", "coastal_rescue": false, "region_class": "Latin America" }, "geometry": { "type": "Point", "coordinates": [ -58.469, -34.537 ] } },
{ "type": "Feature", "properties": { "station_id": "SATNOGS:1667", "name": "AAS Berga Carballada", "network": "SatNOGS", "tier": "T2-open-registry", "operator": "carballada", "purpose": "VHF/UHF/S-band reception", "lat_deg": 42.09, "lon_deg": 1.859, "height_m": 625.0, "height_known": true, "source_key": "satnogs.stations.json", "evidence_url": "https://network.satnogs.org/stations/1667/", "status": "Testing", "min_horizon_deg": null, "country": "Spain", "country_iso3": "ESP", "coastal_rescue": false, "region_class": "Spain" }, "geometry": { "type": "Point", "coordinates": [ 1.859, 42.09 ] } },
{ "type": "Feature", "properties": { "station_id": "SATNOGS:1669", "name": "Jose - LU9AJK", "network": "SatNOGS", "tier": "T2-open-registry", "operator": "lu9ajk", "purpose": "VHF/UHF/S-band reception", "lat_deg": -34.6198, "lon_deg": -58.4488, "height_m": 12.0, "height_known": true, "source_key": "satnogs.stations.json", "evidence_url": "https://network.satnogs.org/stations/1669/", "status": "Offline", "min_horizon_deg": null, "country": "Argentina", "country_iso3": "ARG", "coastal_rescue": false, "region_class": "Latin America" }, "geometry": { "type": "Point", "coordinates": [ -58.4488, -34.6198 ] } },
{ "type": "Feature", "properties": { "station_id": "SATNOGS:1672", "name": "AAS Ager Carballada", "network": "SatNOGS", "tier": "T2-open-registry", "operator": "carballada", "purpose": "VHF/UHF/S-band reception", "lat_deg": 42.019, "lon_deg": 0.74440000000001305, "height_m": 755.0, "height_known": true, "source_key": "satnogs.stations.json", "evidence_url": "https://network.satnogs.org/stations/1672/", "status": "Testing", "min_horizon_deg": null, "country": "Spain", "country_iso3": "ESP", "coastal_rescue": false, "region_class": "Spain" }, "geometry": { "type": "Point", "coordinates": [ 0.7444, 42.019 ] } },
{ "type": "Feature", "properties": { "station_id": "SATNOGS:1673", "name": "XE1SEW", "network": "SatNOGS", "tier": "T2-open-registry", "operator": "xe1sew", "purpose": "VHF/UHF/S-band reception", "lat_deg": 19.0957, "lon_deg": -98.2258, "height_m": 2450.0, "height_known": true, "source_key": "satnogs.stations.json", "evidence_url": "https://network.satnogs.org/stations/1673/", "status": "Offline", "min_horizon_deg": null, "country": "Mexico", "country_iso3": "MEX", "coastal_rescue": false, "region_class": "Latin America" }, "geometry": { "type": "Point", "coordinates": [ -98.2258, 19.0957 ] } },
{ "type": "Feature", "properties": { "station_id": "SATNOGS:1674", "name": "Muna", "network": "SatNOGS", "tier": "T2-open-registry", "operator": "satnogsoan", "purpose": "VHF/UHF/S-band reception", "lat_deg": 4.748, "lon_deg": -74.062, "height_m": 2548.0, "height_known": true, "source_key": "satnogs.stations.json", "evidence_url": "https://network.satnogs.org/stations/1674/", "status": "Offline", "min_horizon_deg": null, "country": "Colombia", "country_iso3": "COL", "coastal_rescue": false, "region_class": "Latin America" }, "geometry": { "type": "Point", "coordinates": [ -74.062, 4.748 ] } },
{ "type": "Feature", "properties": { "station_id": "SATNOGS:1676", "name": "TI3WTI-Paraiso", "network": "SatNOGS", "tier": "T2-open-registry", "operator": "qwerty123..", "purpose": "VHF/UHF/S-band reception", "lat_deg": 9.8319, "lon_deg": -83.881, "height_m": 1351.0, "height_known": true, "source_key": "satnogs.stations.json", "evidence_url": "https://network.satnogs.org/stations/1676/", "status": "Offline", "min_horizon_deg": null, "country": "Costa Rica", "country_iso3": "CRI", "coastal_rescue": false, "region_class": "Latin America" }, "geometry": { "type": "Point", "coordinates": [ -83.881, 9.8319 ] } },
{ "type": "Feature", "properties": { "station_id": "SATNOGS:1685", "name": "EA4ADJ", "network": "SatNOGS", "tier": "T2-open-registry", "operator": "pedro", "purpose": "VHF/UHF/S-band reception", "lat_deg": 38.942, "lon_deg": -3.234, "height_m": 650.0, "height_known": true, "source_key": "satnogs.stations.json", "evidence_url": "https://network.satnogs.org/stations/1685/", "status": "Offline", "min_horizon_deg": null, "country": "Spain", "country_iso3": "ESP", "coastal_rescue": false, "region_class": "Spain" }, "geometry": { "type": "Point", "coordinates": [ -3.234, 38.942 ] } },
{ "type": "Feature", "properties": { "station_id": "SATNOGS:1714", "name": "XE1AZM-Rpi-01", "network": "SatNOGS", "tier": "T2-open-registry", "operator": "xe1azm", "purpose": "VHF/UHF/S-band reception", "lat_deg": 25.666, "lon_deg": -100.377, "height_m": 600.0, "height_known": true, "source_key": "satnogs.stations.json", "evidence_url": "https://network.satnogs.org/stations/1714/", "status": "Offline", "min_horizon_deg": null, "country": "Mexico", "country_iso3": "MEX", "coastal_rescue": false, "region_class": "Latin America" }, "geometry": { "type": "Point", "coordinates": [ -100.377, 25.666 ] } },
{ "type": "Feature", "properties": { "station_id": "SATNOGS:1721", "name": "Test-CZM", "network": "SatNOGS", "tier": "T2-open-registry", "operator": "rbungen", "purpose": "VHF/UHF/S-band reception", "lat_deg": 20.499, "lon_deg": -86.957, "height_m": 5.0, "height_known": true, "source_key": "satnogs.stations.json", "evidence_url": "https://network.satnogs.org/stations/1721/", "status": "Offline", "min_horizon_deg": null, "country": "Mexico", "country_iso3": "MEX", "coastal_rescue": false, "region_class": "Latin America" }, "geometry": { "type": "Point", "coordinates": [ -86.957, 20.499 ] } },
{ "type": "Feature", "properties": { "station_id": "SATNOGS:1742", "name": "EB1AO - VHF IN TEST", "network": "SatNOGS", "tier": "T2-open-registry", "operator": "eb1ao", "purpose": "VHF/UHF/S-band reception", "lat_deg": 42.201, "lon_deg": -8.731, "height_m": 20.0, "height_known": true, "source_key": "satnogs.stations.json", "evidence_url": "https://network.satnogs.org/stations/1742/", "status": "Offline", "min_horizon_deg": null, "country": "Spain", "country_iso3": "ESP", "coastal_rescue": false, "region_class": "Spain" }, "geometry": { "type": "Point", "coordinates": [ -8.731, 42.201 ] } },
{ "type": "Feature", "properties": { "station_id": "SATNOGS:1744", "name": "LU3DCK", "network": "SatNOGS", "tier": "T2-open-registry", "operator": "teckarner", "purpose": "VHF/UHF/S-band reception", "lat_deg": -34.451312, "lon_deg": -58.914265, "height_m": 12.0, "height_known": true, "source_key": "satnogs.stations.json", "evidence_url": "https://network.satnogs.org/stations/1744/", "status": "Offline", "min_horizon_deg": null, "country": "Argentina", "country_iso3": "ARG", "coastal_rescue": false, "region_class": "Latin America" }, "geometry": { "type": "Point", "coordinates": [ -58.914265, -34.451312 ] } },
{ "type": "Feature", "properties": { "station_id": "SATNOGS:1746", "name": "RTL_SDR_DEMO", "network": "SatNOGS", "tier": "T2-open-registry", "operator": "manlio", "purpose": "VHF/UHF/S-band reception", "lat_deg": 19.44, "lon_deg": -99.12, "height_m": 2250.0, "height_known": true, "source_key": "satnogs.stations.json", "evidence_url": "https://network.satnogs.org/stations/1746/", "status": "Offline", "min_horizon_deg": null, "country": "Mexico", "country_iso3": "MEX", "coastal_rescue": false, "region_class": "Latin America" }, "geometry": { "type": "Point", "coordinates": [ -99.12, 19.44 ] } },
{ "type": "Feature", "properties": { "station_id": "SATNOGS:1747", "name": "RTL_SDR_DEMO", "network": "SatNOGS", "tier": "T2-open-registry", "operator": "manlio", "purpose": "VHF/UHF/S-band reception", "lat_deg": 19.4978, "lon_deg": -99.12692, "height_m": 2265.0, "height_known": true, "source_key": "satnogs.stations.json", "evidence_url": "https://network.satnogs.org/stations/1747/", "status": "Offline", "min_horizon_deg": null, "country": "Mexico", "country_iso3": "MEX", "coastal_rescue": false, "region_class": "Latin America" }, "geometry": { "type": "Point", "coordinates": [ -99.12692, 19.4978 ] } },
{ "type": "Feature", "properties": { "station_id": "SATNOGS:1751", "name": "ramon-yv3amv", "network": "SatNOGS", "tier": "T2-open-registry", "operator": "ramon-yv3amv", "purpose": "VHF/UHF/S-band reception", "lat_deg": 10.3364, "lon_deg": -68.7637, "height_m": 385.0, "height_known": true, "source_key": "satnogs.stations.json", "evidence_url": "https://network.satnogs.org/stations/1751/", "status": "Offline", "min_horizon_deg": null, "country": "Venezuela", "country_iso3": "VEN", "coastal_rescue": false, "region_class": "Latin America" }, "geometry": { "type": "Point", "coordinates": [ -68.7637, 10.3364 ] } },
{ "type": "Feature", "properties": { "station_id": "SATNOGS:1752", "name": "ramon-yv3amv", "network": "SatNOGS", "tier": "T2-open-registry", "operator": "ramon-yv3amv", "purpose": "VHF/UHF/S-band reception", "lat_deg": 10.3364, "lon_deg": -68.7637, "height_m": 385.0, "height_known": true, "source_key": "satnogs.stations.json", "evidence_url": "https://network.satnogs.org/stations/1752/", "status": "Offline", "min_horizon_deg": null, "country": "Venezuela", "country_iso3": "VEN", "coastal_rescue": false, "region_class": "Latin America" }, "geometry": { "type": "Point", "coordinates": [ -68.7637, 10.3364 ] } },
{ "type": "Feature", "properties": { "station_id": "SATNOGS:1758", "name": "XE2JC", "network": "SatNOGS", "tier": "T2-open-registry", "operator": "xe2jc", "purpose": "VHF/UHF/S-band reception", "lat_deg": 23.201, "lon_deg": -106.428, "height_m": 5.0, "height_known": true, "source_key": "satnogs.stations.json", "evidence_url": "https://network.satnogs.org/stations/1758/", "status": "Offline", "min_horizon_deg": null, "country": "Mexico", "country_iso3": "MEX", "coastal_rescue": true, "region_class": "Latin America" }, "geometry": { "type": "Point", "coordinates": [ -106.428, 23.201 ] } },
{ "type": "Feature", "properties": { "station_id": "SATNOGS:1760", "name": "Lw9edz", "network": "SatNOGS", "tier": "T2-open-registry", "operator": "lw9edz", "purpose": "VHF/UHF/S-band reception", "lat_deg": -34.695, "lon_deg": -58.48, "height_m": 17.0, "height_known": true, "source_key": "satnogs.stations.json", "evidence_url": "https://network.satnogs.org/stations/1760/", "status": "Offline", "min_horizon_deg": null, "country": "Argentina", "country_iso3": "ARG", "coastal_rescue": false, "region_class": "Latin America" }, "geometry": { "type": "Point", "coordinates": [ -58.48, -34.695 ] } },
{ "type": "Feature", "properties": { "station_id": "SATNOGS:1764", "name": "Eleuterio Roman Garcia", "network": "SatNOGS", "tier": "T2-open-registry", "operator": "lute", "purpose": "VHF/UHF/S-band reception", "lat_deg": 37.125, "lon_deg": -3.666, "height_m": 710.0, "height_known": true, "source_key": "satnogs.stations.json", "evidence_url": "https://network.satnogs.org/stations/1764/", "status": "Offline", "min_horizon_deg": null, "country": "Spain", "country_iso3": "ESP", "coastal_rescue": false, "region_class": "Spain" }, "geometry": { "type": "Point", "coordinates": [ -3.666, 37.125 ] } },
{ "type": "Feature", "properties": { "station_id": "SATNOGS:1767", "name": "EA4CO", "network": "SatNOGS", "tier": "T2-open-registry", "operator": "ea4co", "purpose": "VHF/UHF/S-band reception", "lat_deg": 41.16635, "lon_deg": -5.36784, "height_m": 670.0, "height_known": true, "source_key": "satnogs.stations.json", "evidence_url": "https://network.satnogs.org/stations/1767/", "status": "Offline", "min_horizon_deg": null, "country": "Spain", "country_iso3": "ESP", "coastal_rescue": false, "region_class": "Spain" }, "geometry": { "type": "Point", "coordinates": [ -5.36784, 41.16635 ] } },
{ "type": "Feature", "properties": { "station_id": "SATNOGS:1768", "name": "EA3AGB", "network": "SatNOGS", "tier": "T2-open-registry", "operator": "ea3agb", "purpose": "VHF/UHF/S-band reception", "lat_deg": 40.688, "lon_deg": 0.5730000000000075, "height_m": 8.0, "height_known": true, "source_key": "satnogs.stations.json", "evidence_url": "https://network.satnogs.org/stations/1768/", "status": "Online", "min_horizon_deg": null, "country": "Spain", "country_iso3": "ESP", "coastal_rescue": false, "region_class": "Spain" }, "geometry": { "type": "Point", "coordinates": [ 0.573, 40.688 ] } },
{ "type": "Feature", "properties": { "station_id": "SATNOGS:1771", "name": "EA4EKH - UHF", "network": "SatNOGS", "tier": "T2-open-registry", "operator": "ea4ekh", "purpose": "VHF/UHF/S-band reception", "lat_deg": 40.15, "lon_deg": -2.85, "height_m": 900.0, "height_known": true, "source_key": "satnogs.stations.json", "evidence_url": "https://network.satnogs.org/stations/1771/", "status": "Offline", "min_horizon_deg": null, "country": "Spain", "country_iso3": "ESP", "coastal_rescue": false, "region_class": "Spain" }, "geometry": { "type": "Point", "coordinates": [ -2.85, 40.15 ] } },
{ "type": "Feature", "properties": { "station_id": "SATNOGS:1773", "name": "School of Telematic´s Radio Club", "network": "SatNOGS", "tier": "T2-open-registry", "operator": "xe1ao", "purpose": "VHF/UHF/S-band reception", "lat_deg": 19.24, "lon_deg": -103.69, "height_m": 450.0, "height_known": true, "source_key": "satnogs.stations.json", "evidence_url": "https://network.satnogs.org/stations/1773/", "status": "Offline", "min_horizon_deg": null, "country": "Mexico", "country_iso3": "MEX", "coastal_rescue": false, "region_class": "Latin America" }, "geometry": { "type": "Point", "coordinates": [ -103.69, 19.24 ] } },
{ "type": "Feature", "properties": { "station_id": "SATNOGS:1779", "name": "EA1HTB-SAT", "network": "SatNOGS", "tier": "T2-open-registry", "operator": "ea1htb", "purpose": "VHF/UHF/S-band reception", "lat_deg": 43.26, "lon_deg": -4.06, "height_m": 101.0, "height_known": true, "source_key": "satnogs.stations.json", "evidence_url": "https://network.satnogs.org/stations/1779/", "status": "Offline", "min_horizon_deg": null, "country": "Spain", "country_iso3": "ESP", "coastal_rescue": false, "region_class": "Spain" }, "geometry": { "type": "Point", "coordinates": [ -4.06, 43.26 ] } },
{ "type": "Feature", "properties": { "station_id": "SATNOGS:1788", "name": "INTEC University - Dominican Republic", "network": "SatNOGS", "tier": "T2-open-registry", "operator": "intec_uni", "purpose": "VHF/UHF/S-band reception", "lat_deg": 18.51, "lon_deg": -69.987, "height_m": 45.0, "height_known": true, "source_key": "satnogs.stations.json", "evidence_url": "https://network.satnogs.org/stations/1788/", "status": "Offline", "min_horizon_deg": null, "country": "Dominican Republic", "country_iso3": "DOM", "coastal_rescue": false, "region_class": "Latin America" }, "geometry": { "type": "Point", "coordinates": [ -69.987, 18.51 ] } },
{ "type": "Feature", "properties": { "station_id": "SATNOGS:1790", "name": "teste", "network": "SatNOGS", "tier": "T2-open-registry", "operator": "ghaouraghe", "purpose": "VHF/UHF/S-band reception", "lat_deg": -15.790775, "lon_deg": -47.919932, "height_m": 206.0, "height_known": true, "source_key": "satnogs.stations.json", "evidence_url": "https://network.satnogs.org/stations/1790/", "status": "Offline", "min_horizon_deg": null, "country": "Brazil", "country_iso3": "BRA", "coastal_rescue": false, "region_class": "Latin America" }, "geometry": { "type": "Point", "coordinates": [ -47.919932, -15.790775 ] } },
{ "type": "Feature", "properties": { "station_id": "SATNOGS:1798", "name": "LSI home-station", "network": "SatNOGS", "tier": "T2-open-registry", "operator": "luisobri", "purpose": "VHF/UHF/S-band reception", "lat_deg": 43.4591915, "lon_deg": -3.8170473, "height_m": 56.0, "height_known": true, "source_key": "satnogs.stations.json", "evidence_url": "https://network.satnogs.org/stations/1798/", "status": "Offline", "min_horizon_deg": null, "country": "Spain", "country_iso3": "ESP", "coastal_rescue": false, "region_class": "Spain" }, "geometry": { "type": "Point", "coordinates": [ -3.817047300000013, 43.4591915 ] } },
{ "type": "Feature", "properties": { "station_id": "SATNOGS:1801", "name": "ES-PO | EA1FDQ", "network": "SatNOGS", "tier": "T2-open-registry", "operator": "ea1fdq", "purpose": "VHF/UHF/S-band reception", "lat_deg": 42.423884, "lon_deg": -8.64625, "height_m": 30.0, "height_known": true, "source_key": "satnogs.stations.json", "evidence_url": "https://network.satnogs.org/stations/1801/", "status": "Offline", "min_horizon_deg": null, "country": "Spain", "country_iso3": "ESP", "coastal_rescue": false, "region_class": "Spain" }, "geometry": { "type": "Point", "coordinates": [ -8.64625, 42.423884 ] } },
{ "type": "Feature", "properties": { "station_id": "SATNOGS:181", "name": "EA4GPZ", "network": "SatNOGS", "tier": "T2-open-registry", "operator": "EA4GPZ", "purpose": "VHF/UHF/S-band reception", "lat_deg": 40.595862, "lon_deg": -3.699246, "height_m": 700.0, "height_known": true, "source_key": "satnogs.stations.json", "evidence_url": "https://network.satnogs.org/stations/181/", "status": "Offline", "min_horizon_deg": null, "country": "Spain", "country_iso3": "ESP", "coastal_rescue": false, "region_class": "Spain" }, "geometry": { "type": "Point", "coordinates": [ -3.699246, 40.595862 ] } },
{ "type": "Feature", "properties": { "station_id": "SATNOGS:1812", "name": "HK3A", "network": "SatNOGS", "tier": "T2-open-registry", "operator": "hk3a", "purpose": "VHF/UHF/S-band reception", "lat_deg": 4.77, "lon_deg": -74.043, "height_m": 2640.0, "height_known": true, "source_key": "satnogs.stations.json", "evidence_url": "https://network.satnogs.org/stations/1812/", "status": "Offline", "min_horizon_deg": null, "country": "Colombia", "country_iso3": "COL", "coastal_rescue": false, "region_class": "Latin America" }, "geometry": { "type": "Point", "coordinates": [ -74.043, 4.77 ] } },
{ "type": "Feature", "properties": { "station_id": "SATNOGS:1820", "name": "U Sergio Arboleda - Ing Electrónica", "network": "SatNOGS", "tier": "T2-open-registry", "operator": "miguelan.ruiz", "purpose": "VHF/UHF/S-band reception", "lat_deg": 4.661238, "lon_deg": -74.059732, "height_m": 2573.0, "height_known": true, "source_key": "satnogs.stations.json", "evidence_url": "https://network.satnogs.org/stations/1820/", "status": "Offline", "min_horizon_deg": null, "country": "Colombia", "country_iso3": "COL", "coastal_rescue": false, "region_class": "Latin America" }, "geometry": { "type": "Point", "coordinates": [ -74.059732, 4.661238 ] } },
{ "type": "Feature", "properties": { "station_id": "SATNOGS:1823", "name": "Test", "network": "SatNOGS", "tier": "T2-open-registry", "operator": "user3334", "purpose": "VHF/UHF/S-band reception", "lat_deg": -12.139301, "lon_deg": -76.957193, "height_m": 280.0, "height_known": true, "source_key": "satnogs.stations.json", "evidence_url": "https://network.satnogs.org/stations/1823/", "status": "Offline", "min_horizon_deg": null, "country": "Peru", "country_iso3": "PER", "coastal_rescue": false, "region_class": "Latin America" }, "geometry": { "type": "Point", "coordinates": [ -76.957193, -12.139301 ] } },
{ "type": "Feature", "properties": { "station_id": "SATNOGS:1830", "name": "Test 1A-UHF", "network": "SatNOGS", "tier": "T2-open-registry", "operator": "eddyosp", "purpose": "VHF/UHF/S-band reception", "lat_deg": 21.176469, "lon_deg": -97.740358, "height_m": 160.0, "height_known": true, "source_key": "satnogs.stations.json", "evidence_url": "https://network.satnogs.org/stations/1830/", "status": "Offline", "min_horizon_deg": null, "country": "Mexico", "country_iso3": "MEX", "coastal_rescue": false, "region_class": "Latin America" }, "geometry": { "type": "Point", "coordinates": [ -97.740358, 21.176469 ] } },
{ "type": "Feature", "properties": { "station_id": "SATNOGS:1856", "name": "LU2CI/D", "network": "SatNOGS", "tier": "T2-open-registry", "operator": "lu2ci", "purpose": "VHF/UHF/S-band reception", "lat_deg": -34.540645, "lon_deg": -58.530481, "height_m": 2.0, "height_known": true, "source_key": "satnogs.stations.json", "evidence_url": "https://network.satnogs.org/stations/1856/", "status": "Offline", "min_horizon_deg": null, "country": "Argentina", "country_iso3": "ARG", "coastal_rescue": false, "region_class": "Latin America" }, "geometry": { "type": "Point", "coordinates": [ -58.530481, -34.540645 ] } },
{ "type": "Feature", "properties": { "station_id": "SATNOGS:1861", "name": "LW2DYB", "network": "SatNOGS", "tier": "T2-open-registry", "operator": "lw2dyb", "purpose": "VHF/UHF/S-band reception", "lat_deg": -38.28, "lon_deg": -57.854, "height_m": 10.0, "height_known": true, "source_key": "satnogs.stations.json", "evidence_url": "https://network.satnogs.org/stations/1861/", "status": "Online", "min_horizon_deg": null, "country": "Argentina", "country_iso3": "ARG", "coastal_rescue": true, "region_class": "Latin America" }, "geometry": { "type": "Point", "coordinates": [ -57.854, -38.28 ] } },
{ "type": "Feature", "properties": { "station_id": "SATNOGS:1896", "name": "Estacion Terrena", "network": "SatNOGS", "tier": "T2-open-registry", "operator": "afcabrera2", "purpose": "VHF/UHF/S-band reception", "lat_deg": -3.986771, "lon_deg": -79.197845, "height_m": 1200.0, "height_known": true, "source_key": "satnogs.stations.json", "evidence_url": "https://network.satnogs.org/stations/1896/", "status": "Offline", "min_horizon_deg": null, "country": "Ecuador", "country_iso3": "ECU", "coastal_rescue": false, "region_class": "Latin America" }, "geometry": { "type": "Point", "coordinates": [ -79.197845, -3.986771 ] } },
{ "type": "Feature", "properties": { "station_id": "SATNOGS:1900", "name": "PU2LVM", "network": "SatNOGS", "tier": "T2-open-registry", "operator": "jose.damico", "purpose": "VHF/UHF/S-band reception", "lat_deg": -23.543064, "lon_deg": -46.760456, "height_m": 762.0, "height_known": true, "source_key": "satnogs.stations.json", "evidence_url": "https://network.satnogs.org/stations/1900/", "status": "Offline", "min_horizon_deg": null, "country": "Brazil", "country_iso3": "BRA", "coastal_rescue": false, "region_class": "Latin America" }, "geometry": { "type": "Point", "coordinates": [ -46.760456, -23.543064 ] } },
{ "type": "Feature", "properties": { "station_id": "SATNOGS:1902", "name": "daniel  alberto juan", "network": "SatNOGS", "tier": "T2-open-registry", "operator": "ranger8k", "purpose": "VHF/UHF/S-band reception", "lat_deg": -32.5504, "lon_deg": -69.32086, "height_m": 2000.0, "height_known": true, "source_key": "satnogs.stations.json", "evidence_url": "https://network.satnogs.org/stations/1902/", "status": "Offline", "min_horizon_deg": null, "country": "Argentina", "country_iso3": "ARG", "coastal_rescue": false, "region_class": "Latin America" }, "geometry": { "type": "Point", "coordinates": [ -69.32086, -32.5504 ] } },
{ "type": "Feature", "properties": { "station_id": "SATNOGS:1913", "name": "LU8ESQ", "network": "SatNOGS", "tier": "T2-open-registry", "operator": "walter", "purpose": "VHF/UHF/S-band reception", "lat_deg": -36.897, "lon_deg": -60.31, "height_m": 10.0, "height_known": true, "source_key": "satnogs.stations.json", "evidence_url": "https://network.satnogs.org/stations/1913/", "status": "Offline", "min_horizon_deg": null, "country": "Argentina", "country_iso3": "ARG", "coastal_rescue": false, "region_class": "Latin America" }, "geometry": { "type": "Point", "coordinates": [ -60.31, -36.897 ] } },
{ "type": "Feature", "properties": { "station_id": "SATNOGS:1915", "name": "VHF/UHF EA4RCT Satellite Station", "network": "SatNOGS", "tier": "T2-open-registry", "operator": "ea4rct", "purpose": "VHF/UHF/S-band reception", "lat_deg": 40.452, "lon_deg": -3.726, "height_m": 666.0, "height_known": true, "source_key": "satnogs.stations.json", "evidence_url": "https://network.satnogs.org/stations/1915/", "status": "Offline", "min_horizon_deg": null, "country": "Spain", "country_iso3": "ESP", "coastal_rescue": false, "region_class": "Spain" }, "geometry": { "type": "Point", "coordinates": [ -3.726, 40.452 ] } },
{ "type": "Feature", "properties": { "station_id": "SATNOGS:1917", "name": "test", "network": "SatNOGS", "tier": "T2-open-registry", "operator": "user3334", "purpose": "VHF/UHF/S-band reception", "lat_deg": -14.062777, "lon_deg": -72.568333, "height_m": 3550.0, "height_known": true, "source_key": "satnogs.stations.json", "evidence_url": "https://network.satnogs.org/stations/1917/", "status": "Offline", "min_horizon_deg": null, "country": "Peru", "country_iso3": "PER", "coastal_rescue": false, "region_class": "Latin America" }, "geometry": { "type": "Point", "coordinates": [ -72.568333, -14.062777 ] } },
{ "type": "Feature", "properties": { "station_id": "SATNOGS:1922", "name": "PCIS", "network": "SatNOGS", "tier": "T2-open-registry", "operator": "pcis_uniminuto", "purpose": "VHF/UHF/S-band reception", "lat_deg": 4.711, "lon_deg": -74.097, "height_m": 2600.0, "height_known": true, "source_key": "satnogs.stations.json", "evidence_url": "https://network.satnogs.org/stations/1922/", "status": "Offline", "min_horizon_deg": null, "country": "Colombia", "country_iso3": "COL", "coastal_rescue": false, "region_class": "Latin America" }, "geometry": { "type": "Point", "coordinates": [ -74.097, 4.711 ] } },
{ "type": "Feature", "properties": { "station_id": "SATNOGS:1923", "name": "PCIS 2", "network": "SatNOGS", "tier": "T2-open-registry", "operator": "pcis_uniminuto", "purpose": "VHF/UHF/S-band reception", "lat_deg": 4.711, "lon_deg": -74.097, "height_m": 2600.0, "height_known": true, "source_key": "satnogs.stations.json", "evidence_url": "https://network.satnogs.org/stations/1923/", "status": "Offline", "min_horizon_deg": null, "country": "Colombia", "country_iso3": "COL", "coastal_rescue": false, "region_class": "Latin America" }, "geometry": { "type": "Point", "coordinates": [ -74.097, 4.711 ] } },
{ "type": "Feature", "properties": { "station_id": "SATNOGS:1930", "name": "10K10", "network": "SatNOGS", "tier": "T2-open-registry", "operator": "pu5lab", "purpose": "VHF/UHF/S-band reception", "lat_deg": -27.604, "lon_deg": -48.524, "height_m": 25.0, "height_known": true, "source_key": "satnogs.stations.json", "evidence_url": "https://network.satnogs.org/stations/1930/", "status": "Offline", "min_horizon_deg": null, "country": "Brazil", "country_iso3": "BRA", "coastal_rescue": false, "region_class": "Latin America" }, "geometry": { "type": "Point", "coordinates": [ -48.524, -27.604 ] } },
{ "type": "Feature", "properties": { "station_id": "SATNOGS:1941", "name": "EA7AZH base", "network": "SatNOGS", "tier": "T2-open-registry", "operator": "ea7azh", "purpose": "VHF/UHF/S-band reception", "lat_deg": 37.775671, "lon_deg": -3.791163, "height_m": 500.0, "height_known": true, "source_key": "satnogs.stations.json", "evidence_url": "https://network.satnogs.org/stations/1941/", "status": "Offline", "min_horizon_deg": null, "country": "Spain", "country_iso3": "ESP", "coastal_rescue": false, "region_class": "Spain" }, "geometry": { "type": "Point", "coordinates": [ -3.791163, 37.775671 ] } },
{ "type": "Feature", "properties": { "station_id": "SATNOGS:1942", "name": "EA4GAX", "network": "SatNOGS", "tier": "T2-open-registry", "operator": "ea4gax", "purpose": "VHF/UHF/S-band reception", "lat_deg": 40.73, "lon_deg": -3.865, "height_m": 925.0, "height_known": true, "source_key": "satnogs.stations.json", "evidence_url": "https://network.satnogs.org/stations/1942/", "status": "Testing", "min_horizon_deg": null, "country": "Spain", "country_iso3": "ESP", "coastal_rescue": false, "region_class": "Spain" }, "geometry": { "type": "Point", "coordinates": [ -3.865, 40.73 ] } },
{ "type": "Feature", "properties": { "station_id": "SATNOGS:1945", "name": "ES-ENM | EA1FDQ", "network": "SatNOGS", "tier": "T2-open-registry", "operator": "ea1fdq", "purpose": "VHF/UHF/S-band reception", "lat_deg": 42.396, "lon_deg": -8.706, "height_m": 10.0, "height_known": true, "source_key": "satnogs.stations.json", "evidence_url": "https://network.satnogs.org/stations/1945/", "status": "Offline", "min_horizon_deg": null, "country": "Spain", "country_iso3": "ESP", "coastal_rescue": false, "region_class": "Spain" }, "geometry": { "type": "Point", "coordinates": [ -8.706, 42.396 ] } },
{ "type": "Feature", "properties": { "station_id": "SATNOGS:1958", "name": "G4lile0_mpole_433", "network": "SatNOGS", "tier": "T2-open-registry", "operator": "tinygs", "purpose": "VHF/UHF/S-band reception", "lat_deg": 40.67, "lon_deg": -3.944, "height_m": 950.0, "height_known": true, "source_key": "satnogs.stations.json", "evidence_url": "https://network.satnogs.org/stations/1958/", "status": "Offline", "min_horizon_deg": null, "country": "Spain", "country_iso3": "ESP", "coastal_rescue": false, "region_class": "Spain" }, "geometry": { "type": "Point", "coordinates": [ -3.944, 40.67 ] } },
{ "type": "Feature", "properties": { "station_id": "SATNOGS:1959", "name": "San Juan, ARG", "network": "SatNOGS", "tier": "T2-open-registry", "operator": "lu1pa", "purpose": "VHF/UHF/S-band reception", "lat_deg": -31.5626, "lon_deg": -68.5033, "height_m": 630.0, "height_known": true, "source_key": "satnogs.stations.json", "evidence_url": "https://network.satnogs.org/stations/1959/", "status": "Offline", "min_horizon_deg": null, "country": "Argentina", "country_iso3": "ARG", "coastal_rescue": false, "region_class": "Latin America" }, "geometry": { "type": "Point", "coordinates": [ -68.5033, -31.5626 ] } },
{ "type": "Feature", "properties": { "station_id": "SATNOGS:1988", "name": "ZXSP-SAT", "network": "SatNOGS", "tier": "T2-open-registry", "operator": "antropoiese", "purpose": "VHF/UHF/S-band reception", "lat_deg": -23.541, "lon_deg": -46.552, "height_m": 800.0, "height_known": true, "source_key": "satnogs.stations.json", "evidence_url": "https://network.satnogs.org/stations/1988/", "status": "Offline", "min_horizon_deg": null, "country": "Brazil", "country_iso3": "BRA", "coastal_rescue": false, "region_class": "Latin America" }, "geometry": { "type": "Point", "coordinates": [ -46.552, -23.541 ] } },
{ "type": "Feature", "properties": { "station_id": "SATNOGS:1999", "name": "PY2SDR", "network": "SatNOGS", "tier": "T2-open-registry", "operator": "py2sdr", "purpose": "VHF/UHF/S-band reception", "lat_deg": -23.1042, "lon_deg": -48.375, "height_m": 990.0, "height_known": true, "source_key": "satnogs.stations.json", "evidence_url": "https://network.satnogs.org/stations/1999/", "status": "Offline", "min_horizon_deg": null, "country": "Brazil", "country_iso3": "BRA", "coastal_rescue": false, "region_class": "Latin America" }, "geometry": { "type": "Point", "coordinates": [ -48.375, -23.1042 ] } },
{ "type": "Feature", "properties": { "station_id": "SATNOGS:2006", "name": "Mataro", "network": "SatNOGS", "tier": "T2-open-registry", "operator": "xavisaez", "purpose": "VHF/UHF/S-band reception", "lat_deg": 41.54211, "lon_deg": 2.4445, "height_m": 50.0, "height_known": true, "source_key": "satnogs.stations.json", "evidence_url": "https://network.satnogs.org/stations/2006/", "status": "Offline", "min_horizon_deg": null, "country": "Spain", "country_iso3": "ESP", "coastal_rescue": false, "region_class": "Spain" }, "geometry": { "type": "Point", "coordinates": [ 2.4445, 41.54211 ] } },
{ "type": "Feature", "properties": { "station_id": "SATNOGS:2025", "name": "Dagra_1", "network": "SatNOGS", "tier": "T2-open-registry", "operator": "vertebrac", "purpose": "VHF/UHF/S-band reception", "lat_deg": -27.39476, "lon_deg": -55.975093, "height_m": 430.0, "height_known": true, "source_key": "satnogs.stations.json", "evidence_url": "https://network.satnogs.org/stations/2025/", "status": "Offline", "min_horizon_deg": null, "country": "Argentina", "country_iso3": "ARG", "coastal_rescue": false, "region_class": "Latin America" }, "geometry": { "type": "Point", "coordinates": [ -55.975093, -27.39476 ] } },
{ "type": "Feature", "properties": { "station_id": "SATNOGS:2044", "name": "Test", "network": "SatNOGS", "tier": "T2-open-registry", "operator": "carballada", "purpose": "VHF/UHF/S-band reception", "lat_deg": 41.4, "lon_deg": 2.16, "height_m": 50.0, "height_known": true, "source_key": "satnogs.stations.json", "evidence_url": "https://network.satnogs.org/stations/2044/", "status": "Offline", "min_horizon_deg": null, "country": "Spain", "country_iso3": "ESP", "coastal_rescue": false, "region_class": "Spain" }, "geometry": { "type": "Point", "coordinates": [ 2.16, 41.4 ] } },
{ "type": "Feature", "properties": { "station_id": "SATNOGS:205", "name": "Greencore Sabana", "network": "SatNOGS", "tier": "T2-open-registry", "operator": "fede2", "purpose": "VHF/UHF/S-band reception", "lat_deg": 9.93950848, "lon_deg": -84.0959299, "height_m": 1172.0, "height_known": true, "source_key": "satnogs.stations.json", "evidence_url": "https://network.satnogs.org/stations/205/", "status": "Offline", "min_horizon_deg": null, "country": "Costa Rica", "country_iso3": "CRI", "coastal_rescue": false, "region_class": "Latin America" }, "geometry": { "type": "Point", "coordinates": [ -84.0959299, 9.93950848 ] } },
{ "type": "Feature", "properties": { "station_id": "SATNOGS:2055", "name": "House_station", "network": "SatNOGS", "tier": "T2-open-registry", "operator": "malau", "purpose": "VHF/UHF/S-band reception", "lat_deg": 19.504, "lon_deg": -98.807, "height_m": 2400.0, "height_known": true, "source_key": "satnogs.stations.json", "evidence_url": "https://network.satnogs.org/stations/2055/", "status": "Offline", "min_horizon_deg": null, "country": "Mexico", "country_iso3": "MEX", "coastal_rescue": false, "region_class": "Latin America" }, "geometry": { "type": "Point", "coordinates": [ -98.807, 19.504 ] } },
{ "type": "Feature", "properties": { "station_id": "SATNOGS:2056", "name": "Nubes", "network": "SatNOGS", "tier": "T2-open-registry", "operator": "israfel", "purpose": "VHF/UHF/S-band reception", "lat_deg": 19.3453, "lon_deg": -99.16, "height_m": 2255.0, "height_known": true, "source_key": "satnogs.stations.json", "evidence_url": "https://network.satnogs.org/stations/2056/", "status": "Offline", "min_horizon_deg": null, "country": "Mexico", "country_iso3": "MEX", "coastal_rescue": false, "region_class": "Latin America" }, "geometry": { "type": "Point", "coordinates": [ -99.16, 19.3453 ] } },
{ "type": "Feature", "properties": { "station_id": "SATNOGS:2065", "name": "GG87ja", "network": "SatNOGS", "tier": "T2-open-registry", "operator": "clovisalberti", "purpose": "VHF/UHF/S-band reception", "lat_deg": -22.978983, "lon_deg": -43.23574, "height_m": 120.0, "height_known": true, "source_key": "satnogs.stations.json", "evidence_url": "https://network.satnogs.org/stations/2065/", "status": "Offline", "min_horizon_deg": null, "country": "Brazil", "country_iso3": "BRA", "coastal_rescue": false, "region_class": "Latin America" }, "geometry": { "type": "Point", "coordinates": [ -43.23574, -22.978983 ] } },
{ "type": "Feature", "properties": { "station_id": "SATNOGS:2083", "name": "Biblioteca de Santiago", "network": "SatNOGS", "tier": "T2-open-registry", "operator": "bds_lstn", "purpose": "VHF/UHF/S-band reception", "lat_deg": -33.444, "lon_deg": -70.679, "height_m": 515.0, "height_known": true, "source_key": "satnogs.stations.json", "evidence_url": "https://network.satnogs.org/stations/2083/", "status": "Offline", "min_horizon_deg": null, "country": "Chile", "country_iso3": "CHL", "coastal_rescue": false, "region_class": "Latin America" }, "geometry": { "type": "Point", "coordinates": [ -70.679, -33.444 ] } },
{ "type": "Feature", "properties": { "station_id": "SATNOGS:2088", "name": "initium", "network": "SatNOGS", "tier": "T2-open-registry", "operator": "cipselacorp", "purpose": "VHF/UHF/S-band reception", "lat_deg": 6.238, "lon_deg": -75.55, "height_m": 1650.0, "height_known": true, "source_key": "satnogs.stations.json", "evidence_url": "https://network.satnogs.org/stations/2088/", "status": "Offline", "min_horizon_deg": null, "country": "Colombia", "country_iso3": "COL", "coastal_rescue": false, "region_class": "Latin America" }, "geometry": { "type": "Point", "coordinates": [ -75.55, 6.238 ] } },
{ "type": "Feature", "properties": { "station_id": "SATNOGS:2106", "name": "Torrelavega", "network": "SatNOGS", "tier": "T2-open-registry", "operator": "rmcoy", "purpose": "VHF/UHF/S-band reception", "lat_deg": 43.3643, "lon_deg": -4.0448, "height_m": 15.0, "height_known": true, "source_key": "satnogs.stations.json", "evidence_url": "https://network.satnogs.org/stations/2106/", "status": "Offline", "min_horizon_deg": null, "country": "Spain", "country_iso3": "ESP", "coastal_rescue": false, "region_class": "Spain" }, "geometry": { "type": "Point", "coordinates": [ -4.0448, 43.3643 ] } },
{ "type": "Feature", "properties": { "station_id": "SATNOGS:2130", "name": "PQ2HX - Hermes", "network": "SatNOGS", "tier": "T2-open-registry", "operator": "pq2hx", "purpose": "VHF/UHF/S-band reception", "lat_deg": -10.7137, "lon_deg": -48.3869, "height_m": 264.0, "height_known": true, "source_key": "satnogs.stations.json", "evidence_url": "https://network.satnogs.org/stations/2130/", "status": "Offline", "min_horizon_deg": null, "country": "Brazil", "country_iso3": "BRA", "coastal_rescue": false, "region_class": "Latin America" }, "geometry": { "type": "Point", "coordinates": [ -48.3869, -10.7137 ] } },
{ "type": "Feature", "properties": { "station_id": "SATNOGS:2135", "name": "Groundstation Villa Elisa", "network": "SatNOGS", "tier": "T2-open-registry", "operator": "lsoto", "purpose": "VHF/UHF/S-band reception", "lat_deg": -34.851452, "lon_deg": -58.087396, "height_m": 10.0, "height_known": true, "source_key": "satnogs.stations.json", "evidence_url": "https://network.satnogs.org/stations/2135/", "status": "Offline", "min_horizon_deg": null, "country": "Argentina", "country_iso3": "ARG", "coastal_rescue": false, "region_class": "Latin America" }, "geometry": { "type": "Point", "coordinates": [ -58.087396, -34.851452 ] } },
{ "type": "Feature", "properties": { "station_id": "SATNOGS:2144", "name": "RX Costa Brava", "network": "SatNOGS", "tier": "T2-open-registry", "operator": "ead325", "purpose": "VHF/UHF/S-band reception", "lat_deg": 41.79161, "lon_deg": 3.027917, "height_m": 12.0, "height_known": true, "source_key": "satnogs.stations.json", "evidence_url": "https://network.satnogs.org/stations/2144/", "status": "Offline", "min_horizon_deg": null, "country": "Spain", "country_iso3": "ESP", "coastal_rescue": false, "region_class": "Spain" }, "geometry": { "type": "Point", "coordinates": [ 3.027917, 41.79161 ] } },
{ "type": "Feature", "properties": { "station_id": "SATNOGS:2160", "name": "SpaceJLTZ", "network": "SatNOGS", "tier": "T2-open-registry", "operator": "miligon", "purpose": "VHF/UHF/S-band reception", "lat_deg": 19.061488, "lon_deg": -98.2755, "height_m": 2135.0, "height_known": true, "source_key": "satnogs.stations.json", "evidence_url": "https://network.satnogs.org/stations/2160/", "status": "Offline", "min_horizon_deg": null, "country": "Mexico", "country_iso3": "MEX", "coastal_rescue": false, "region_class": "Latin America" }, "geometry": { "type": "Point", "coordinates": [ -98.2755, 19.061488 ] } },
{ "type": "Feature", "properties": { "station_id": "SATNOGS:2165", "name": "ea6/ei8fdb", "network": "SatNOGS", "tier": "T2-open-registry", "operator": "ei8fdb", "purpose": "VHF/UHF/S-band reception", "lat_deg": 39.57267, "lon_deg": 2.6698, "height_m": 120.0, "height_known": true, "source_key": "satnogs.stations.json", "evidence_url": "https://network.satnogs.org/stations/2165/", "status": "Offline", "min_horizon_deg": null, "country": "Spain", "country_iso3": "ESP", "coastal_rescue": false, "region_class": "Spain" }, "geometry": { "type": "Point", "coordinates": [ 2.6698, 39.57267 ] } },
{ "type": "Feature", "properties": { "station_id": "SATNOGS:2178", "name": "DIYSATELLITE", "network": "SatNOGS", "tier": "T2-open-registry", "operator": "lw2dtz", "purpose": "VHF/UHF/S-band reception", "lat_deg": -34.747, "lon_deg": -58.333, "height_m": 30.0, "height_known": true, "source_key": "satnogs.stations.json", "evidence_url": "https://network.satnogs.org/stations/2178/", "status": "Online", "min_horizon_deg": null, "country": "Argentina", "country_iso3": "ARG", "coastal_rescue": false, "region_class": "Latin America" }, "geometry": { "type": "Point", "coordinates": [ -58.333, -34.747 ] } },
{ "type": "Feature", "properties": { "station_id": "SATNOGS:2198", "name": "LU6APA - GAP Station I", "network": "SatNOGS", "tier": "T2-open-registry", "operator": "gpagliaroli", "purpose": "VHF/UHF/S-band reception", "lat_deg": -34.60722, "lon_deg": -58.3909, "height_m": 45.0, "height_known": true, "source_key": "satnogs.stations.json", "evidence_url": "https://network.satnogs.org/stations/2198/", "status": "Online", "min_horizon_deg": null, "country": "Argentina", "country_iso3": "ARG", "coastal_rescue": false, "region_class": "Latin America" }, "geometry": { "type": "Point", "coordinates": [ -58.3909, -34.60722 ] } },
{ "type": "Feature", "properties": { "station_id": "SATNOGS:2203", "name": "Luis", "network": "SatNOGS", "tier": "T2-open-registry", "operator": "ti3lrr", "purpose": "VHF/UHF/S-band reception", "lat_deg": 9.859587, "lon_deg": -83.904161, "height_m": 1435.0, "height_known": true, "source_key": "satnogs.stations.json", "evidence_url": "https://network.satnogs.org/stations/2203/", "status": "Offline", "min_horizon_deg": null, "country": "Costa Rica", "country_iso3": "CRI", "coastal_rescue": false, "region_class": "Latin America" }, "geometry": { "type": "Point", "coordinates": [ -83.904161, 9.859587 ] } },
{ "type": "Feature", "properties": { "station_id": "SATNOGS:2206", "name": "Miki", "network": "SatNOGS", "tier": "T2-open-registry", "operator": "miki", "purpose": "VHF/UHF/S-band reception", "lat_deg": 41.8959, "lon_deg": 1.875, "height_m": 200.0, "height_known": true, "source_key": "satnogs.stations.json", "evidence_url": "https://network.satnogs.org/stations/2206/", "status": "Offline", "min_horizon_deg": null, "country": "Spain", "country_iso3": "ESP", "coastal_rescue": false, "region_class": "Spain" }, "geometry": { "type": "Point", "coordinates": [ 1.875, 41.8959 ] } },
{ "type": "Feature", "properties": { "station_id": "SATNOGS:2208", "name": "PU3DRO", "network": "SatNOGS", "tier": "T2-open-registry", "operator": "danielrortega", "purpose": "VHF/UHF/S-band reception", "lat_deg": -30.731643, "lon_deg": -55.390872, "height_m": 172.0, "height_known": true, "source_key": "satnogs.stations.json", "evidence_url": "https://network.satnogs.org/stations/2208/", "status": "Offline", "min_horizon_deg": null, "country": "Brazil", "country_iso3": "BRA", "coastal_rescue": false, "region_class": "Latin America" }, "geometry": { "type": "Point", "coordinates": [ -55.390872, -30.731643 ] } },
{ "type": "Feature", "properties": { "station_id": "SATNOGS:2212", "name": "TI2EI", "network": "SatNOGS", "tier": "T2-open-registry", "operator": "ti2ei", "purpose": "VHF/UHF/S-band reception", "lat_deg": 9.958423, "lon_deg": -83.996847, "height_m": 1470.0, "height_known": true, "source_key": "satnogs.stations.json", "evidence_url": "https://network.satnogs.org/stations/2212/", "status": "Offline", "min_horizon_deg": null, "country": "Costa Rica", "country_iso3": "CRI", "coastal_rescue": false, "region_class": "Latin America" }, "geometry": { "type": "Point", "coordinates": [ -83.996847, 9.958423 ] } },
{ "type": "Feature", "properties": { "station_id": "SATNOGS:222", "name": "EA6XQ", "network": "SatNOGS", "tier": "T2-open-registry", "operator": "EA6XQ", "purpose": "VHF/UHF/S-band reception", "lat_deg": 39.317898, "lon_deg": 2.995534, "height_m": 20.0, "height_known": true, "source_key": "satnogs.stations.json", "evidence_url": "https://network.satnogs.org/stations/222/", "status": "Offline", "min_horizon_deg": null, "country": "Spain", "country_iso3": "ESP", "coastal_rescue": true, "region_class": "Spain" }, "geometry": { "type": "Point", "coordinates": [ 2.995534, 39.317898 ] } },
{ "type": "Feature", "properties": { "station_id": "SATNOGS:2231", "name": "Luis TI3LRR", "network": "SatNOGS", "tier": "T2-open-registry", "operator": "ti3lrr", "purpose": "VHF/UHF/S-band reception", "lat_deg": 9.859, "lon_deg": -83.904, "height_m": 1397.0, "height_known": true, "source_key": "satnogs.stations.json", "evidence_url": "https://network.satnogs.org/stations/2231/", "status": "Offline", "min_horizon_deg": null, "country": "Costa Rica", "country_iso3": "CRI", "coastal_rescue": false, "region_class": "Latin America" }, "geometry": { "type": "Point", "coordinates": [ -83.904, 9.859 ] } },
{ "type": "Feature", "properties": { "station_id": "SATNOGS:2250", "name": "dev2_Utest", "network": "SatNOGS", "tier": "T2-open-registry", "operator": "mlsalgadool", "purpose": "VHF/UHF/S-band reception", "lat_deg": 4.134158, "lon_deg": -73.620425, "height_m": 2575.0, "height_known": true, "source_key": "satnogs.stations.json", "evidence_url": "https://network.satnogs.org/stations/2250/", "status": "Offline", "min_horizon_deg": null, "country": "Colombia", "country_iso3": "COL", "coastal_rescue": false, "region_class": "Latin America" }, "geometry": { "type": "Point", "coordinates": [ -73.620425, 4.134158 ] } },
{ "type": "Feature", "properties": { "station_id": "SATNOGS:2256", "name": "Dhones Paulo", "network": "SatNOGS", "tier": "T2-open-registry", "operator": "dhones", "purpose": "VHF/UHF/S-band reception", "lat_deg": -4.357045, "lon_deg": -39.305802, "height_m": 0.0, "height_known": true, "source_key": "satnogs.stations.json", "evidence_url": "https://network.satnogs.org/stations/2256/", "status": "Offline", "min_horizon_deg": null, "country": "Brazil", "country_iso3": "BRA", "coastal_rescue": false, "region_class": "Latin America" }, "geometry": { "type": "Point", "coordinates": [ -39.305802, -4.357045 ] } },
{ "type": "Feature", "properties": { "station_id": "SATNOGS:2265", "name": "HI8DGS", "network": "SatNOGS", "tier": "T2-open-registry", "operator": "pmelendez", "purpose": "VHF/UHF/S-band reception", "lat_deg": 18.513805, "lon_deg": -69.9824, "height_m": 30.0, "height_known": true, "source_key": "satnogs.stations.json", "evidence_url": "https://network.satnogs.org/stations/2265/", "status": "Offline", "min_horizon_deg": null, "country": "Dominican Republic", "country_iso3": "DOM", "coastal_rescue": false, "region_class": "Latin America" }, "geometry": { "type": "Point", "coordinates": [ -69.9824, 18.513805 ] } },
{ "type": "Feature", "properties": { "station_id": "SATNOGS:2273", "name": "Jandira, Brazil - PU2TKN", "network": "SatNOGS", "tier": "T2-open-registry", "operator": "pu2tkn", "purpose": "VHF/UHF/S-band reception", "lat_deg": -23.536751, "lon_deg": -46.901988, "height_m": 740.0, "height_known": true, "source_key": "satnogs.stations.json", "evidence_url": "https://network.satnogs.org/stations/2273/", "status": "Offline", "min_horizon_deg": null, "country": "Brazil", "country_iso3": "BRA", "coastal_rescue": false, "region_class": "Latin America" }, "geometry": { "type": "Point", "coordinates": [ -46.901988, -23.536751 ] } },
{ "type": "Feature", "properties": { "station_id": "SATNOGS:2320", "name": "IESTrinidadArroyo", "network": "SatNOGS", "tier": "T2-open-registry", "operator": "iestrini.arroyo", "purpose": "VHF/UHF/S-band reception", "lat_deg": 42.00955, "lon_deg": -4.52406, "height_m": 738.0, "height_known": true, "source_key": "satnogs.stations.json", "evidence_url": "https://network.satnogs.org/stations/2320/", "status": "Testing", "min_horizon_deg": null, "country": "Spain", "country_iso3": "ESP", "coastal_rescue": false, "region_class": "Spain" }, "geometry": { "type": "Point", "coordinates": [ -4.52406, 42.00955 ] } },
{ "type": "Feature", "properties": { "station_id": "SATNOGS:2321", "name": "HK4FZ", "network": "SatNOGS", "tier": "T2-open-registry", "operator": "ville", "purpose": "VHF/UHF/S-band reception", "lat_deg": 6.17453, "lon_deg": -75.5832, "height_m": 1740.0, "height_known": true, "source_key": "satnogs.stations.json", "evidence_url": "https://network.satnogs.org/stations/2321/", "status": "Offline", "min_horizon_deg": null, "country": "Colombia", "country_iso3": "COL", "coastal_rescue": false, "region_class": "Latin America" }, "geometry": { "type": "Point", "coordinates": [ -75.5832, 6.17453 ] } },
{ "type": "Feature", "properties": { "station_id": "SATNOGS:2324", "name": "LU1CJM-1", "network": "SatNOGS", "tier": "T2-open-registry", "operator": "lu1cjm", "purpose": "VHF/UHF/S-band reception", "lat_deg": -34.576, "lon_deg": -58.477, "height_m": 15.0, "height_known": true, "source_key": "satnogs.stations.json", "evidence_url": "https://network.satnogs.org/stations/2324/", "status": "Offline", "min_horizon_deg": null, "country": "Argentina", "country_iso3": "ARG", "coastal_rescue": false, "region_class": "Latin America" }, "geometry": { "type": "Point", "coordinates": [ -58.477, -34.576 ] } },
{ "type": "Feature", "properties": { "station_id": "SATNOGS:2336", "name": "Alejandro Pérez Martínez", "network": "SatNOGS", "tier": "T2-open-registry", "operator": "alepermar", "purpose": "VHF/UHF/S-band reception", "lat_deg": 6.179817, "lon_deg": -75.583963, "height_m": 1603.0, "height_known": true, "source_key": "satnogs.stations.json", "evidence_url": "https://network.satnogs.org/stations/2336/", "status": "Offline", "min_horizon_deg": null, "country": "Colombia", "country_iso3": "COL", "coastal_rescue": false, "region_class": "Latin America" }, "geometry": { "type": "Point", "coordinates": [ -75.583963, 6.179817 ] } },
{ "type": "Feature", "properties": { "station_id": "SATNOGS:2354", "name": "HK4D-GuarneStation-RPI+SDR+BiasT V3", "network": "SatNOGS", "tier": "T2-open-registry", "operator": "hk4d", "purpose": "VHF/UHF/S-band reception", "lat_deg": 6.306, "lon_deg": -75.467, "height_m": 2150.0, "height_known": true, "source_key": "satnogs.stations.json", "evidence_url": "https://network.satnogs.org/stations/2354/", "status": "Offline", "min_horizon_deg": null, "country": "Colombia", "country_iso3": "COL", "coastal_rescue": false, "region_class": "Latin America" }, "geometry": { "type": "Point", "coordinates": [ -75.467, 6.306 ] } },
{ "type": "Feature", "properties": { "station_id": "SATNOGS:238", "name": "El Campello Ground Station", "network": "SatNOGS", "tier": "T2-open-registry", "operator": "stwr", "purpose": "VHF/UHF/S-band reception", "lat_deg": 38.398721, "lon_deg": -0.40661, "height_m": 17.0, "height_known": true, "source_key": "satnogs.stations.json", "evidence_url": "https://network.satnogs.org/stations/238/", "status": "Offline", "min_horizon_deg": null, "country": "Spain", "country_iso3": "ESP", "coastal_rescue": true, "region_class": "Spain" }, "geometry": { "type": "Point", "coordinates": [ -0.40661, 38.398721 ] } },
{ "type": "Feature", "properties": { "station_id": "SATNOGS:2384", "name": "UMSAT", "network": "SatNOGS", "tier": "T2-open-registry", "operator": "dmorales", "purpose": "VHF/UHF/S-band reception", "lat_deg": -33.432, "lon_deg": -70.619, "height_m": 516.0, "height_known": true, "source_key": "satnogs.stations.json", "evidence_url": "https://network.satnogs.org/stations/2384/", "status": "Offline", "min_horizon_deg": null, "country": "Chile", "country_iso3": "CHL", "coastal_rescue": false, "region_class": "Latin America" }, "geometry": { "type": "Point", "coordinates": [ -70.619, -33.432 ] } },
{ "type": "Feature", "properties": { "station_id": "SATNOGS:2397", "name": "Salvador SANZONE", "network": "SatNOGS", "tier": "T2-open-registry", "operator": "ssanzone", "purpose": "VHF/UHF/S-band reception", "lat_deg": -34.655826, "lon_deg": -58.540316, "height_m": 15.0, "height_known": true, "source_key": "satnogs.stations.json", "evidence_url": "https://network.satnogs.org/stations/2397/", "status": "Offline", "min_horizon_deg": null, "country": "Argentina", "country_iso3": "ARG", "coastal_rescue": false, "region_class": "Latin America" }, "geometry": { "type": "Point", "coordinates": [ -58.540316, -34.655826 ] } },
{ "type": "Feature", "properties": { "station_id": "SATNOGS:2398", "name": "EA1CQP Benavente", "network": "SatNOGS", "tier": "T2-open-registry", "operator": "ea1cqp", "purpose": "VHF/UHF/S-band reception", "lat_deg": 42.0085, "lon_deg": -5.6813, "height_m": 742.0, "height_known": true, "source_key": "satnogs.stations.json", "evidence_url": "https://network.satnogs.org/stations/2398/", "status": "Offline", "min_horizon_deg": null, "country": "Spain", "country_iso3": "ESP", "coastal_rescue": false, "region_class": "Spain" }, "geometry": { "type": "Point", "coordinates": [ -5.6813, 42.0085 ] } },
{ "type": "Feature", "properties": { "station_id": "SATNOGS:2414", "name": "GS1-TEX", "network": "SatNOGS", "tier": "T2-open-registry", "operator": "mili95gontex", "purpose": "VHF/UHF/S-band reception", "lat_deg": 19.927, "lon_deg": -98.438, "height_m": 2250.0, "height_known": true, "source_key": "satnogs.stations.json", "evidence_url": "https://network.satnogs.org/stations/2414/", "status": "Offline", "min_horizon_deg": null, "country": "Mexico", "country_iso3": "MEX", "coastal_rescue": false, "region_class": "Latin America" }, "geometry": { "type": "Point", "coordinates": [ -98.438, 19.927 ] } },
{ "type": "Feature", "properties": { "station_id": "SATNOGS:2419", "name": "Leonel A. Jimenez Ramirez", "network": "SatNOGS", "tier": "T2-open-registry", "operator": "ti5ljr", "purpose": "VHF/UHF/S-band reception", "lat_deg": 10.02359, "lon_deg": -84.1899, "height_m": 1000.0, "height_known": true, "source_key": "satnogs.stations.json", "evidence_url": "https://network.satnogs.org/stations/2419/", "status": "Offline", "min_horizon_deg": null, "country": "Costa Rica", "country_iso3": "CRI", "coastal_rescue": false, "region_class": "Latin America" }, "geometry": { "type": "Point", "coordinates": [ -84.1899, 10.02359 ] } },
{ "type": "Feature", "properties": { "station_id": "SATNOGS:2427", "name": "PU2OYH Base", "network": "SatNOGS", "tier": "T2-open-registry", "operator": "pu2oyh", "purpose": "VHF/UHF/S-band reception", "lat_deg": -23.521667, "lon_deg": -46.793333, "height_m": 760.0, "height_known": true, "source_key": "satnogs.stations.json", "evidence_url": "https://network.satnogs.org/stations/2427/", "status": "Offline", "min_horizon_deg": null, "country": "Brazil", "country_iso3": "BRA", "coastal_rescue": false, "region_class": "Latin America" }, "geometry": { "type": "Point", "coordinates": [ -46.793333, -23.521667 ] } },
{ "type": "Feature", "properties": { "station_id": "SATNOGS:2437", "name": "Ground Station Tenerife", "network": "SatNOGS", "tier": "T2-open-registry", "operator": "teidesat", "purpose": "VHF/UHF/S-band reception", "lat_deg": 28.484, "lon_deg": -16.327, "height_m": 585.0, "height_known": true, "source_key": "satnogs.stations.json", "evidence_url": "https://network.satnogs.org/stations/2437/", "status": "Offline", "min_horizon_deg": null, "country": "Spain", "country_iso3": "ESP", "coastal_rescue": false, "region_class": "Spain" }, "geometry": { "type": "Point", "coordinates": [ -16.327, 28.484 ] } },
{ "type": "Feature", "properties": { "station_id": "SATNOGS:2455", "name": "LU4WAC", "network": "SatNOGS", "tier": "T2-open-registry", "operator": "lu4wac", "purpose": "VHF/UHF/S-band reception", "lat_deg": -43.305, "lon_deg": -65.098, "height_m": 10.0, "height_known": true, "source_key": "satnogs.stations.json", "evidence_url": "https://network.satnogs.org/stations/2455/", "status": "Offline", "min_horizon_deg": null, "country": "Argentina", "country_iso3": "ARG", "coastal_rescue": false, "region_class": "Latin America" }, "geometry": { "type": "Point", "coordinates": [ -65.098, -43.305 ] } },
{ "type": "Feature", "properties": { "station_id": "SATNOGS:2459", "name": "EA3GKP Taucho-Tenerife", "network": "SatNOGS", "tier": "T2-open-registry", "operator": "ea3gkp", "purpose": "VHF/UHF/S-band reception", "lat_deg": 28.152591, "lon_deg": -16.728621, "height_m": 915.0, "height_known": true, "source_key": "satnogs.stations.json", "evidence_url": "https://network.satnogs.org/stations/2459/", "status": "Offline", "min_horizon_deg": null, "country": "Spain", "country_iso3": "ESP", "coastal_rescue": false, "region_class": "Spain" }, "geometry": { "type": "Point", "coordinates": [ -16.728621, 28.152591 ] } },
{ "type": "Feature", "properties": { "station_id": "SATNOGS:2462", "name": "Enrique Francisco Colombo", "network": "SatNOGS", "tier": "T2-open-registry", "operator": "enrique", "purpose": "VHF/UHF/S-band reception", "lat_deg": -34.609, "lon_deg": -58.493, "height_m": 23.0, "height_known": true, "source_key": "satnogs.stations.json", "evidence_url": "https://network.satnogs.org/stations/2462/", "status": "Offline", "min_horizon_deg": null, "country": "Argentina", "country_iso3": "ARG", "coastal_rescue": false, "region_class": "Latin America" }, "geometry": { "type": "Point", "coordinates": [ -58.493, -34.609 ] } },
{ "type": "Feature", "properties": { "station_id": "SATNOGS:2466", "name": "CM2ESP", "network": "SatNOGS", "tier": "T2-open-registry", "operator": "cm2esp", "purpose": "VHF/UHF/S-band reception", "lat_deg": 23.104, "lon_deg": -82.458, "height_m": 20.0, "height_known": true, "source_key": "satnogs.stations.json", "evidence_url": "https://network.satnogs.org/stations/2466/", "status": "Offline", "min_horizon_deg": null, "country": "Cuba", "country_iso3": "CUB", "coastal_rescue": false, "region_class": "Latin America" }, "geometry": { "type": "Point", "coordinates": [ -82.458, 23.104 ] } },
{ "type": "Feature", "properties": { "station_id": "SATNOGS:2467", "name": "CSU Guyane", "network": "SatNOGS", "tier": "T2-open-registry", "operator": "christ.of", "purpose": "VHF/UHF/S-band reception", "lat_deg": 5.16096, "lon_deg": -52.65401, "height_m": 0.0, "height_known": true, "source_key": "satnogs.stations.json", "evidence_url": "https://network.satnogs.org/stations/2467/", "status": "Offline", "min_horizon_deg": null, "country": "French Guiana (FRA)", "country_iso3": "GUF", "coastal_rescue": false, "region_class": "Latin America" }, "geometry": { "type": "Point", "coordinates": [ -52.65401, 5.16096 ] } },
{ "type": "Feature", "properties": { "station_id": "SATNOGS:2470", "name": "AAAE-U", "network": "SatNOGS", "tier": "T2-open-registry", "operator": "spaceastur", "purpose": "VHF/UHF/S-band reception", "lat_deg": 43.527, "lon_deg": -5.665, "height_m": 4.0, "height_known": true, "source_key": "satnogs.stations.json", "evidence_url": "https://network.satnogs.org/stations/2470/", "status": "Testing", "min_horizon_deg": null, "country": "Spain", "country_iso3": "ESP", "coastal_rescue": false, "region_class": "Spain" }, "geometry": { "type": "Point", "coordinates": [ -5.665, 43.527 ] } },
{ "type": "Feature", "properties": { "station_id": "SATNOGS:2473", "name": "YV6AE", "network": "SatNOGS", "tier": "T2-open-registry", "operator": "yv6ae", "purpose": "VHF/UHF/S-band reception", "lat_deg": 9.4375, "lon_deg": -64.4583, "height_m": 250.0, "height_known": true, "source_key": "satnogs.stations.json", "evidence_url": "https://network.satnogs.org/stations/2473/", "status": "Offline", "min_horizon_deg": null, "country": "Venezuela", "country_iso3": "VEN", "coastal_rescue": false, "region_class": "Latin America" }, "geometry": { "type": "Point", "coordinates": [ -64.4583, 9.4375 ] } },
{ "type": "Feature", "properties": { "station_id": "SATNOGS:2475", "name": "INTEC_INL", "network": "SatNOGS", "tier": "T2-open-registry", "operator": "labinl", "purpose": "VHF/UHF/S-band reception", "lat_deg": 18.487769004043226, "lon_deg": -69.963478264873842, "height_m": 78.0, "height_known": true, "source_key": "satnogs.stations.json", "evidence_url": "https://network.satnogs.org/stations/2475/", "status": "Offline", "min_horizon_deg": null, "country": "Dominican Republic", "country_iso3": "DOM", "coastal_rescue": false, "region_class": "Latin America" }, "geometry": { "type": "Point", "coordinates": [ -69.963478264873842, 18.487769004043226 ] } },
{ "type": "Feature", "properties": { "station_id": "SATNOGS:2480", "name": "TI4OP", "network": "SatNOGS", "tier": "T2-open-registry", "operator": "ocascante", "purpose": "VHF/UHF/S-band reception", "lat_deg": 9.978933, "lon_deg": -83.98674, "height_m": 1530.0, "height_known": true, "source_key": "satnogs.stations.json", "evidence_url": "https://network.satnogs.org/stations/2480/", "status": "Offline", "min_horizon_deg": null, "country": "Costa Rica", "country_iso3": "CRI", "coastal_rescue": false, "region_class": "Latin America" }, "geometry": { "type": "Point", "coordinates": [ -83.98674, 9.978933 ] } },
{ "type": "Feature", "properties": { "station_id": "SATNOGS:249", "name": "JUANPE LOZANO", "network": "SatNOGS", "tier": "T2-open-registry", "operator": "ea6ee", "purpose": "VHF/UHF/S-band reception", "lat_deg": 39.575247, "lon_deg": 2.631208, "height_m": 40.0, "height_known": true, "source_key": "satnogs.stations.json", "evidence_url": "https://network.satnogs.org/stations/249/", "status": "Offline", "min_horizon_deg": null, "country": "Spain", "country_iso3": "ESP", "coastal_rescue": false, "region_class": "Spain" }, "geometry": { "type": "Point", "coordinates": [ 2.631208, 39.575247 ] } },
{ "type": "Feature", "properties": { "station_id": "SATNOGS:2501", "name": "CRD", "network": "SatNOGS", "tier": "T2-open-registry", "operator": "ulloa1994", "purpose": "VHF/UHF/S-band reception", "lat_deg": -45.8573, "lon_deg": -67.4974, "height_m": 100.0, "height_known": true, "source_key": "satnogs.stations.json", "evidence_url": "https://network.satnogs.org/stations/2501/", "status": "Offline", "min_horizon_deg": null, "country": "Argentina", "country_iso3": "ARG", "coastal_rescue": false, "region_class": "Latin America" }, "geometry": { "type": "Point", "coordinates": [ -67.4974, -45.8573 ] } },
{ "type": "Feature", "properties": { "station_id": "SATNOGS:2507", "name": "lu9mah", "network": "SatNOGS", "tier": "T2-open-registry", "operator": "lu9mah", "purpose": "VHF/UHF/S-band reception", "lat_deg": -34.72, "lon_deg": -68.35, "height_m": 750.0, "height_known": true, "source_key": "satnogs.stations.json", "evidence_url": "https://network.satnogs.org/stations/2507/", "status": "Offline", "min_horizon_deg": null, "country": "Argentina", "country_iso3": "ARG", "coastal_rescue": false, "region_class": "Latin America" }, "geometry": { "type": "Point", "coordinates": [ -68.35, -34.72 ] } },
{ "type": "Feature", "properties": { "station_id": "SATNOGS:2508", "name": "EA1BCU", "network": "SatNOGS", "tier": "T2-open-registry", "operator": "ea1bcu", "purpose": "VHF/UHF/S-band reception", "lat_deg": 43.549, "lon_deg": -5.922, "height_m": 40.0, "height_known": true, "source_key": "satnogs.stations.json", "evidence_url": "https://network.satnogs.org/stations/2508/", "status": "Offline", "min_horizon_deg": null, "country": "Spain", "country_iso3": "ESP", "coastal_rescue": false, "region_class": "Spain" }, "geometry": { "type": "Point", "coordinates": [ -5.922, 43.549 ] } },
{ "type": "Feature", "properties": { "station_id": "SATNOGS:2515", "name": "SDR4FUN_SatNOGS_01", "network": "SatNOGS", "tier": "T2-open-registry", "operator": "ea4fvq", "purpose": "VHF/UHF/S-band reception", "lat_deg": 40.613, "lon_deg": -3.711, "height_m": 680.0, "height_known": true, "source_key": "satnogs.stations.json", "evidence_url": "https://network.satnogs.org/stations/2515/", "status": "Offline", "min_horizon_deg": null, "country": "Spain", "country_iso3": "ESP", "coastal_rescue": false, "region_class": "Spain" }, "geometry": { "type": "Point", "coordinates": [ -3.711, 40.613 ] } },
{ "type": "Feature", "properties": { "station_id": "SATNOGS:2517", "name": "Ponent Aerospace GS", "network": "SatNOGS", "tier": "T2-open-registry", "operator": "andreuibanez", "purpose": "VHF/UHF/S-band reception", "lat_deg": 41.605, "lon_deg": 0.60599999999999454, "height_m": 198.0, "height_known": true, "source_key": "satnogs.stations.json", "evidence_url": "https://network.satnogs.org/stations/2517/", "status": "Offline", "min_horizon_deg": null, "country": "Spain", "country_iso3": "ESP", "coastal_rescue": false, "region_class": "Spain" }, "geometry": { "type": "Point", "coordinates": [ 0.606, 41.605 ] } },
{ "type": "Feature", "properties": { "station_id": "SATNOGS:2524", "name": "Pérez-UHF", "network": "SatNOGS", "tier": "T2-open-registry", "operator": "eddyosp", "purpose": "VHF/UHF/S-band reception", "lat_deg": 19.296117, "lon_deg": -99.221475, "height_m": 2472.0, "height_known": true, "source_key": "satnogs.stations.json", "evidence_url": "https://network.satnogs.org/stations/2524/", "status": "Offline", "min_horizon_deg": null, "country": "Mexico", "country_iso3": "MEX", "coastal_rescue": false, "region_class": "Latin America" }, "geometry": { "type": "Point", "coordinates": [ -99.221475, 19.296117 ] } },
{ "type": "Feature", "properties": { "station_id": "SATNOGS:2527", "name": "Christian Monfrini  (LU1AEF)", "network": "SatNOGS", "tier": "T2-open-registry", "operator": "chrislmx", "purpose": "VHF/UHF/S-band reception", "lat_deg": -34.62, "lon_deg": -58.41, "height_m": 10.0, "height_known": true, "source_key": "satnogs.stations.json", "evidence_url": "https://network.satnogs.org/stations/2527/", "status": "Offline", "min_horizon_deg": null, "country": "Argentina", "country_iso3": "ARG", "coastal_rescue": false, "region_class": "Latin America" }, "geometry": { "type": "Point", "coordinates": [ -58.41, -34.62 ] } },
{ "type": "Feature", "properties": { "station_id": "SATNOGS:2534", "name": "GS-CHASQUI-II", "network": "SatNOGS", "tier": "T2-open-registry", "operator": "chasqui-ii", "purpose": "VHF/UHF/S-band reception", "lat_deg": -12.024, "lon_deg": -77.048, "height_m": 104.0, "height_known": true, "source_key": "satnogs.stations.json", "evidence_url": "https://network.satnogs.org/stations/2534/", "status": "Offline", "min_horizon_deg": null, "country": "Peru", "country_iso3": "PER", "coastal_rescue": false, "region_class": "Latin America" }, "geometry": { "type": "Point", "coordinates": [ -77.048, -12.024 ] } },
{ "type": "Feature", "properties": { "station_id": "SATNOGS:2546", "name": "GS-CHASQUI-II PI4", "network": "SatNOGS", "tier": "T2-open-registry", "operator": "chasqui-ii", "purpose": "VHF/UHF/S-band reception", "lat_deg": -12.024, "lon_deg": -77.048, "height_m": 110.0, "height_known": true, "source_key": "satnogs.stations.json", "evidence_url": "https://network.satnogs.org/stations/2546/", "status": "Offline", "min_horizon_deg": null, "country": "Peru", "country_iso3": "PER", "coastal_rescue": false, "region_class": "Latin America" }, "geometry": { "type": "Point", "coordinates": [ -77.048, -12.024 ] } },
{ "type": "Feature", "properties": { "station_id": "SATNOGS:255", "name": "EA5BZ - Elche", "network": "SatNOGS", "tier": "T2-open-registry", "operator": "runahue", "purpose": "VHF/UHF/S-band reception", "lat_deg": 38.2768, "lon_deg": -0.6711, "height_m": 120.0, "height_known": true, "source_key": "satnogs.stations.json", "evidence_url": "https://network.satnogs.org/stations/255/", "status": "Offline", "min_horizon_deg": null, "country": "Spain", "country_iso3": "ESP", "coastal_rescue": false, "region_class": "Spain" }, "geometry": { "type": "Point", "coordinates": [ -0.6711, 38.2768 ] } },
{ "type": "Feature", "properties": { "station_id": "SATNOGS:2553", "name": "GrountStationForTest", "network": "SatNOGS", "tier": "T2-open-registry", "operator": "thisisonlyatest", "purpose": "VHF/UHF/S-band reception", "lat_deg": 4.66666, "lon_deg": -74.66666, "height_m": 2575.0, "height_known": true, "source_key": "satnogs.stations.json", "evidence_url": "https://network.satnogs.org/stations/2553/", "status": "Offline", "min_horizon_deg": null, "country": "Colombia", "country_iso3": "COL", "coastal_rescue": false, "region_class": "Latin America" }, "geometry": { "type": "Point", "coordinates": [ -74.66666, 4.66666 ] } },
{ "type": "Feature", "properties": { "station_id": "SATNOGS:2555", "name": "Eddyosp-VHF", "network": "SatNOGS", "tier": "T2-open-registry", "operator": "eddyosp", "purpose": "VHF/UHF/S-band reception", "lat_deg": 19.31, "lon_deg": -99.149, "height_m": 2260.0, "height_known": true, "source_key": "satnogs.stations.json", "evidence_url": "https://network.satnogs.org/stations/2555/", "status": "Online", "min_horizon_deg": null, "country": "Mexico", "country_iso3": "MEX", "coastal_rescue": false, "region_class": "Latin America" }, "geometry": { "type": "Point", "coordinates": [ -99.149, 19.31 ] } },
{ "type": "Feature", "properties": { "station_id": "SATNOGS:2564", "name": "Alberto Villegas", "network": "SatNOGS", "tier": "T2-open-registry", "operator": "hk4fz", "purpose": "VHF/UHF/S-band reception", "lat_deg": 6.1748, "lon_deg": -75.8832, "height_m": 1490.0, "height_known": true, "source_key": "satnogs.stations.json", "evidence_url": "https://network.satnogs.org/stations/2564/", "status": "Offline", "min_horizon_deg": null, "country": "Colombia", "country_iso3": "COL", "coastal_rescue": false, "region_class": "Latin America" }, "geometry": { "type": "Point", "coordinates": [ -75.8832, 6.1748 ] } },
{ "type": "Feature", "properties": { "station_id": "SATNOGS:2576", "name": "SDR4FUN_SatNOGS_02", "network": "SatNOGS", "tier": "T2-open-registry", "operator": "ea4fvq", "purpose": "VHF/UHF/S-band reception", "lat_deg": 38.248, "lon_deg": -0.52000000000001023, "height_m": 60.0, "height_known": true, "source_key": "satnogs.stations.json", "evidence_url": "https://network.satnogs.org/stations/2576/", "status": "Offline", "min_horizon_deg": null, "country": "Spain", "country_iso3": "ESP", "coastal_rescue": true, "region_class": "Spain" }, "geometry": { "type": "Point", "coordinates": [ -0.52, 38.248 ] } },
{ "type": "Feature", "properties": { "station_id": "SATNOGS:2585", "name": "UNLaM San Justo", "network": "SatNOGS", "tier": "T2-open-registry", "operator": "pablosoligo", "purpose": "VHF/UHF/S-band reception", "lat_deg": -34.666735, "lon_deg": -58.566419, "height_m": 29.0, "height_known": true, "source_key": "satnogs.stations.json", "evidence_url": "https://network.satnogs.org/stations/2585/", "status": "Offline", "min_horizon_deg": null, "country": "Argentina", "country_iso3": "ARG", "coastal_rescue": false, "region_class": "Latin America" }, "geometry": { "type": "Point", "coordinates": [ -58.566419, -34.666735 ] } },
{ "type": "Feature", "properties": { "station_id": "SATNOGS:2589", "name": "EMMA - EEA5LAM", "network": "SatNOGS", "tier": "T2-open-registry", "operator": "emma-eea", "purpose": "VHF/UHF/S-band reception", "lat_deg": 20.75596, "lon_deg": -103.450895, "height_m": 1622.0, "height_known": true, "source_key": "satnogs.stations.json", "evidence_url": "https://network.satnogs.org/stations/2589/", "status": "Offline", "min_horizon_deg": null, "country": "Mexico", "country_iso3": "MEX", "coastal_rescue": false, "region_class": "Latin America" }, "geometry": { "type": "Point", "coordinates": [ -103.450895, 20.75596 ] } },
{ "type": "Feature", "properties": { "station_id": "SATNOGS:2593", "name": "EA4LE", "network": "SatNOGS", "tier": "T2-open-registry", "operator": "ea4le", "purpose": "VHF/UHF/S-band reception", "lat_deg": 40.5321, "lon_deg": -3.9387, "height_m": 622.0, "height_known": true, "source_key": "satnogs.stations.json", "evidence_url": "https://network.satnogs.org/stations/2593/", "status": "Offline", "min_horizon_deg": null, "country": "Spain", "country_iso3": "ESP", "coastal_rescue": false, "region_class": "Spain" }, "geometry": { "type": "Point", "coordinates": [ -3.9387, 40.5321 ] } },
{ "type": "Feature", "properties": { "station_id": "SATNOGS:2595", "name": "Ground Station Zapopan", "network": "SatNOGS", "tier": "T2-open-registry", "operator": "osvaldomedina", "purpose": "VHF/UHF/S-band reception", "lat_deg": 20.7966, "lon_deg": -103.4524, "height_m": 1575.0, "height_known": true, "source_key": "satnogs.stations.json", "evidence_url": "https://network.satnogs.org/stations/2595/", "status": "Offline", "min_horizon_deg": null, "country": "Mexico", "country_iso3": "MEX", "coastal_rescue": false, "region_class": "Latin America" }, "geometry": { "type": "Point", "coordinates": [ -103.4524, 20.7966 ] } },
{ "type": "Feature", "properties": { "station_id": "SATNOGS:2597", "name": "CITEC - FIUNA GS (Omnirectional Antenna) UHF", "network": "SatNOGS", "tier": "T2-open-registry", "operator": "lamk92", "purpose": "VHF/UHF/S-band reception", "lat_deg": -25.295447, "lon_deg": -57.487297, "height_m": 142.0, "height_known": true, "source_key": "satnogs.stations.json", "evidence_url": "https://network.satnogs.org/stations/2597/", "status": "Offline", "min_horizon_deg": null, "country": "Paraguay", "country_iso3": "PRY", "coastal_rescue": false, "region_class": "Latin America" }, "geometry": { "type": "Point", "coordinates": [ -57.487297, -25.295447 ] } },
{ "type": "Feature", "properties": { "station_id": "SATNOGS:2598", "name": "CITEC - FIUNA GS (Directional Antenna) V/U", "network": "SatNOGS", "tier": "T2-open-registry", "operator": "lamk92", "purpose": "VHF/UHF/S-band reception", "lat_deg": -25.295447, "lon_deg": -57.487297, "height_m": 142.0, "height_known": true, "source_key": "satnogs.stations.json", "evidence_url": "https://network.satnogs.org/stations/2598/", "status": "Offline", "min_horizon_deg": null, "country": "Paraguay", "country_iso3": "PRY", "coastal_rescue": false, "region_class": "Latin America" }, "geometry": { "type": "Point", "coordinates": [ -57.487297, -25.295447 ] } },
{ "type": "Feature", "properties": { "station_id": "SATNOGS:2599", "name": "CITEC - FIUNA GS (Omnirectional Antenna) VHF", "network": "SatNOGS", "tier": "T2-open-registry", "operator": "lamk92", "purpose": "VHF/UHF/S-band reception", "lat_deg": -25.295447, "lon_deg": -57.487297, "height_m": 142.0, "height_known": true, "source_key": "satnogs.stations.json", "evidence_url": "https://network.satnogs.org/stations/2599/", "status": "Offline", "min_horizon_deg": null, "country": "Paraguay", "country_iso3": "PRY", "coastal_rescue": false, "region_class": "Latin America" }, "geometry": { "type": "Point", "coordinates": [ -57.487297, -25.295447 ] } },
{ "type": "Feature", "properties": { "station_id": "SATNOGS:2600", "name": "E.M.M.A.-F.A.M.", "network": "SatNOGS", "tier": "T2-open-registry", "operator": "loya", "purpose": "VHF/UHF/S-band reception", "lat_deg": 20.752405, "lon_deg": -103.459008, "height_m": 1625.0, "height_known": true, "source_key": "satnogs.stations.json", "evidence_url": "https://network.satnogs.org/stations/2600/", "status": "Offline", "min_horizon_deg": null, "country": "Mexico", "country_iso3": "MEX", "coastal_rescue": false, "region_class": "Latin America" }, "geometry": { "type": "Point", "coordinates": [ -103.459008, 20.752405 ] } },
{ "type": "Feature", "properties": { "station_id": "SATNOGS:261", "name": "Makers of murcia - VHF", "network": "SatNOGS", "tier": "T2-open-registry", "operator": "ea5idn", "purpose": "VHF/UHF/S-band reception", "lat_deg": 38.0133167, "lon_deg": -1.173178, "height_m": 42.0, "height_known": true, "source_key": "satnogs.stations.json", "evidence_url": "https://network.satnogs.org/stations/261/", "status": "Offline", "min_horizon_deg": null, "country": "Spain", "country_iso3": "ESP", "coastal_rescue": false, "region_class": "Spain" }, "geometry": { "type": "Point", "coordinates": [ -1.173178, 38.0133167 ] } },
{ "type": "Feature", "properties": { "station_id": "SATNOGS:2615", "name": "PumaYuki", "network": "SatNOGS", "tier": "T2-open-registry", "operator": "davidpm", "purpose": "VHF/UHF/S-band reception", "lat_deg": 19.294, "lon_deg": -99.11, "height_m": 2250.0, "height_known": true, "source_key": "satnogs.stations.json", "evidence_url": "https://network.satnogs.org/stations/2615/", "status": "Offline", "min_horizon_deg": null, "country": "Mexico", "country_iso3": "MEX", "coastal_rescue": false, "region_class": "Latin America" }, "geometry": { "type": "Point", "coordinates": [ -99.11, 19.294 ] } },
{ "type": "Feature", "properties": { "station_id": "SATNOGS:2621", "name": "PP2LA", "network": "SatNOGS", "tier": "T2-open-registry", "operator": "pp2la", "purpose": "VHF/UHF/S-band reception", "lat_deg": -15.989475, "lon_deg": -48.045033, "height_m": 1125.0, "height_known": true, "source_key": "satnogs.stations.json", "evidence_url": "https://network.satnogs.org/stations/2621/", "status": "Offline", "min_horizon_deg": null, "country": "Brazil", "country_iso3": "BRA", "coastal_rescue": false, "region_class": "Latin America" }, "geometry": { "type": "Point", "coordinates": [ -48.045033, -15.989475 ] } },
{ "type": "Feature", "properties": { "station_id": "SATNOGS:2629", "name": "EA3IGY", "network": "SatNOGS", "tier": "T2-open-registry", "operator": "ea3igy", "purpose": "VHF/UHF/S-band reception", "lat_deg": 41.480906, "lon_deg": 1.911992, "height_m": 50.0, "height_known": true, "source_key": "satnogs.stations.json", "evidence_url": "https://network.satnogs.org/stations/2629/", "status": "Offline", "min_horizon_deg": null, "country": "Spain", "country_iso3": "ESP", "coastal_rescue": false, "region_class": "Spain" }, "geometry": { "type": "Point", "coordinates": [ 1.911992, 41.480906 ] } },
{ "type": "Feature", "properties": { "station_id": "SATNOGS:2632", "name": "FroLSAT", "network": "SatNOGS", "tier": "T2-open-registry", "operator": "ericfrol", "purpose": "VHF/UHF/S-band reception", "lat_deg": 41.403, "lon_deg": 2.187, "height_m": 10.0, "height_known": true, "source_key": "satnogs.stations.json", "evidence_url": "https://network.satnogs.org/stations/2632/", "status": "Offline", "min_horizon_deg": null, "country": "Spain", "country_iso3": "ESP", "coastal_rescue": false, "region_class": "Spain" }, "geometry": { "type": "Point", "coordinates": [ 2.187, 41.403 ] } },
{ "type": "Feature", "properties": { "station_id": "SATNOGS:2637", "name": "Tona", "network": "SatNOGS", "tier": "T2-open-registry", "operator": "danisors", "purpose": "VHF/UHF/S-band reception", "lat_deg": 41.851, "lon_deg": 2.232, "height_m": 600.0, "height_known": true, "source_key": "satnogs.stations.json", "evidence_url": "https://network.satnogs.org/stations/2637/", "status": "Offline", "min_horizon_deg": null, "country": "Spain", "country_iso3": "ESP", "coastal_rescue": false, "region_class": "Spain" }, "geometry": { "type": "Point", "coordinates": [ 2.232, 41.851 ] } },
{ "type": "Feature", "properties": { "station_id": "SATNOGS:2642", "name": "CE.COM.", "network": "SatNOGS", "tier": "T2-open-registry", "operator": "ce.com.", "purpose": "VHF/UHF/S-band reception", "lat_deg": 19.46, "lon_deg": -99.2198, "height_m": 0.0, "height_known": true, "source_key": "satnogs.stations.json", "evidence_url": "https://network.satnogs.org/stations/2642/", "status": "Offline", "min_horizon_deg": null, "country": "Mexico", "country_iso3": "MEX", "coastal_rescue": false, "region_class": "Latin America" }, "geometry": { "type": "Point", "coordinates": [ -99.2198, 19.46 ] } },
{ "type": "Feature", "properties": { "station_id": "SATNOGS:265", "name": "El_Nido", "network": "SatNOGS", "tier": "T2-open-registry", "operator": "proyecto.ets.uy", "purpose": "VHF/UHF/S-band reception", "lat_deg": -34.918, "lon_deg": -56.166, "height_m": 52.0, "height_known": true, "source_key": "satnogs.stations.json", "evidence_url": "https://network.satnogs.org/stations/265/", "status": "Offline", "min_horizon_deg": null, "country": "Uruguay", "country_iso3": "URY", "coastal_rescue": true, "region_class": "Latin America" }, "geometry": { "type": "Point", "coordinates": [ -56.166, -34.918 ] } },
{ "type": "Feature", "properties": { "station_id": "SATNOGS:2663", "name": "OAQ-ALAMEDA", "network": "SatNOGS", "tier": "T2-open-registry", "operator": "garyaries", "purpose": "VHF/UHF/S-band reception", "lat_deg": -0.215, "lon_deg": -78.503, "height_m": 2810.0, "height_known": true, "source_key": "satnogs.stations.json", "evidence_url": "https://network.satnogs.org/stations/2663/", "status": "Offline", "min_horizon_deg": null, "country": "Ecuador", "country_iso3": "ECU", "coastal_rescue": false, "region_class": "Latin America" }, "geometry": { "type": "Point", "coordinates": [ -78.503, -0.215 ] } },
{ "type": "Feature", "properties": { "station_id": "SATNOGS:2673", "name": "Telematica_XE1AO", "network": "SatNOGS", "tier": "T2-open-registry", "operator": "telematica", "purpose": "VHF/UHF/S-band reception", "lat_deg": 19.229, "lon_deg": -103.708, "height_m": 450.0, "height_known": true, "source_key": "satnogs.stations.json", "evidence_url": "https://network.satnogs.org/stations/2673/", "status": "Offline", "min_horizon_deg": null, "country": "Mexico", "country_iso3": "MEX", "coastal_rescue": false, "region_class": "Latin America" }, "geometry": { "type": "Point", "coordinates": [ -103.708, 19.229 ] } },
{ "type": "Feature", "properties": { "station_id": "SATNOGS:2674", "name": "Telematica_2", "network": "SatNOGS", "tier": "T2-open-registry", "operator": "telematica", "purpose": "VHF/UHF/S-band reception", "lat_deg": 19.229, "lon_deg": -103.708, "height_m": 450.0, "height_known": true, "source_key": "satnogs.stations.json", "evidence_url": "https://network.satnogs.org/stations/2674/", "status": "Offline", "min_horizon_deg": null, "country": "Mexico", "country_iso3": "MEX", "coastal_rescue": false, "region_class": "Latin America" }, "geometry": { "type": "Point", "coordinates": [ -103.708, 19.229 ] } },
{ "type": "Feature", "properties": { "station_id": "SATNOGS:2676", "name": "PU2LVM-2", "network": "SatNOGS", "tier": "T2-open-registry", "operator": "jose.damico", "purpose": "VHF/UHF/S-band reception", "lat_deg": -23.543, "lon_deg": -46.76, "height_m": 700.0, "height_known": true, "source_key": "satnogs.stations.json", "evidence_url": "https://network.satnogs.org/stations/2676/", "status": "Offline", "min_horizon_deg": null, "country": "Brazil", "country_iso3": "BRA", "coastal_rescue": false, "region_class": "Latin America" }, "geometry": { "type": "Point", "coordinates": [ -46.76, -23.543 ] } },
{ "type": "Feature", "properties": { "station_id": "SATNOGS:2679", "name": "UwU", "network": "SatNOGS", "tier": "T2-open-registry", "operator": "kouzouakizuki", "purpose": "VHF/UHF/S-band reception", "lat_deg": 4.638, "lon_deg": -74.085, "height_m": 2640.0, "height_known": true, "source_key": "satnogs.stations.json", "evidence_url": "https://network.satnogs.org/stations/2679/", "status": "Offline", "min_horizon_deg": null, "country": "Colombia", "country_iso3": "COL", "coastal_rescue": false, "region_class": "Latin America" }, "geometry": { "type": "Point", "coordinates": [ -74.085, 4.638 ] } },
{ "type": "Feature", "properties": { "station_id": "SATNOGS:2683", "name": "Aerozono Space Technologies GS", "network": "SatNOGS", "tier": "T2-open-registry", "operator": "aerozonospace", "purpose": "VHF/UHF/S-band reception", "lat_deg": -34.54, "lon_deg": -58.79, "height_m": 20.0, "height_known": true, "source_key": "satnogs.stations.json", "evidence_url": "https://network.satnogs.org/stations/2683/", "status": "Offline", "min_horizon_deg": null, "country": "Argentina", "country_iso3": "ARG", "coastal_rescue": false, "region_class": "Latin America" }, "geometry": { "type": "Point", "coordinates": [ -58.79, -34.54 ] } },
{ "type": "Feature", "properties": { "station_id": "SATNOGS:2687", "name": "UNAPEC Groundstation", "network": "SatNOGS", "tier": "T2-open-registry", "operator": "psanchez", "purpose": "VHF/UHF/S-band reception", "lat_deg": 18.473, "lon_deg": -69.914, "height_m": 71.0, "height_known": true, "source_key": "satnogs.stations.json", "evidence_url": "https://network.satnogs.org/stations/2687/", "status": "Offline", "min_horizon_deg": null, "country": "Dominican Republic", "country_iso3": "DOM", "coastal_rescue": false, "region_class": "Latin America" }, "geometry": { "type": "Point", "coordinates": [ -69.914, 18.473 ] } },
{ "type": "Feature", "properties": { "station_id": "SATNOGS:2691", "name": "PU8MAV", "network": "SatNOGS", "tier": "T2-open-registry", "operator": "pu8mav", "purpose": "VHF/UHF/S-band reception", "lat_deg": -2.559, "lon_deg": -44.227, "height_m": 50.0, "height_known": true, "source_key": "satnogs.stations.json", "evidence_url": "https://network.satnogs.org/stations/2691/", "status": "Offline", "min_horizon_deg": null, "country": "Brazil", "country_iso3": "BRA", "coastal_rescue": false, "region_class": "Latin America" }, "geometry": { "type": "Point", "coordinates": [ -44.227, -2.559 ] } },
{ "type": "Feature", "properties": { "station_id": "SATNOGS:2696", "name": "EuskoByte BILBAO", "network": "SatNOGS", "tier": "T2-open-registry", "operator": "ea2rke", "purpose": "VHF/UHF/S-band reception", "lat_deg": 43.269948, "lon_deg": -2.895368, "height_m": 382.0, "height_known": true, "source_key": "satnogs.stations.json", "evidence_url": "https://network.satnogs.org/stations/2696/", "status": "Offline", "min_horizon_deg": null, "country": "Spain", "country_iso3": "ESP", "coastal_rescue": false, "region_class": "Spain" }, "geometry": { "type": "Point", "coordinates": [ -2.895368, 43.269948 ] } },
{ "type": "Feature", "properties": { "station_id": "SATNOGS:2723", "name": "EA1HXG", "network": "SatNOGS", "tier": "T2-open-registry", "operator": "ea1hxg", "purpose": "VHF/UHF/S-band reception", "lat_deg": 42.720459, "lon_deg": -7.440861, "height_m": 450.0, "height_known": true, "source_key": "satnogs.stations.json", "evidence_url": "https://network.satnogs.org/stations/2723/", "status": "Offline", "min_horizon_deg": null, "country": "Spain", "country_iso3": "ESP", "coastal_rescue": false, "region_class": "Spain" }, "geometry": { "type": "Point", "coordinates": [ -7.440861, 42.720459 ] } },
{ "type": "Feature", "properties": { "station_id": "SATNOGS:2738", "name": "test", "network": "SatNOGS", "tier": "T2-open-registry", "operator": "lw9edz", "purpose": "VHF/UHF/S-band reception", "lat_deg": -34.695, "lon_deg": -58.488, "height_m": 12.0, "height_known": true, "source_key": "satnogs.stations.json", "evidence_url": "https://network.satnogs.org/stations/2738/", "status": "Offline", "min_horizon_deg": null, "country": "Argentina", "country_iso3": "ARG", "coastal_rescue": false, "region_class": "Latin America" }, "geometry": { "type": "Point", "coordinates": [ -58.488, -34.695 ] } },
{ "type": "Feature", "properties": { "station_id": "SATNOGS:2744", "name": "UPB Pacha", "network": "SatNOGS", "tier": "T2-open-registry", "operator": "coral_ovando", "purpose": "VHF/UHF/S-band reception", "lat_deg": -17.399, "lon_deg": -66.219, "height_m": 2544.0, "height_known": true, "source_key": "satnogs.stations.json", "evidence_url": "https://network.satnogs.org/stations/2744/", "status": "Offline", "min_horizon_deg": null, "country": "Bolivia", "country_iso3": "BOL", "coastal_rescue": false, "region_class": "Latin America" }, "geometry": { "type": "Point", "coordinates": [ -66.219, -17.399 ] } },
{ "type": "Feature", "properties": { "station_id": "SATNOGS:2748", "name": "EA1IW", "network": "SatNOGS", "tier": "T2-open-registry", "operator": "antoniob491296880f34f76", "purpose": "VHF/UHF/S-band reception", "lat_deg": 43.3, "lon_deg": -3.92, "height_m": 73.0, "height_known": true, "source_key": "satnogs.stations.json", "evidence_url": "https://network.satnogs.org/stations/2748/", "status": "Offline", "min_horizon_deg": null, "country": "Spain", "country_iso3": "ESP", "coastal_rescue": false, "region_class": "Spain" }, "geometry": { "type": "Point", "coordinates": [ -3.92, 43.3 ] } },
{ "type": "Feature", "properties": { "station_id": "SATNOGS:2761", "name": "TA2NMU #2 (QFH-North)", "network": "SatNOGS", "tier": "T2-open-registry", "operator": "ta2nmu", "purpose": "VHF/UHF/S-band reception", "lat_deg": -41.1394, "lon_deg": -71.3059, "height_m": 893.0, "height_known": true, "source_key": "satnogs.stations.json", "evidence_url": "https://network.satnogs.org/stations/2761/", "status": "Offline", "min_horizon_deg": null, "country": "Argentina", "country_iso3": "ARG", "coastal_rescue": false, "region_class": "Latin America" }, "geometry": { "type": "Point", "coordinates": [ -71.3059, -41.1394 ] } },
{ "type": "Feature", "properties": { "station_id": "SATNOGS:2771", "name": "Ground Station Quijote Toledo", "network": "SatNOGS", "tier": "T2-open-registry", "operator": "usef", "purpose": "VHF/UHF/S-band reception", "lat_deg": 39.78912, "lon_deg": -4.1682, "height_m": 659.0, "height_known": true, "source_key": "satnogs.stations.json", "evidence_url": "https://network.satnogs.org/stations/2771/", "status": "Offline", "min_horizon_deg": null, "country": "Spain", "country_iso3": "ESP", "coastal_rescue": false, "region_class": "Spain" }, "geometry": { "type": "Point", "coordinates": [ -4.1682, 39.78912 ] } },
{ "type": "Feature", "properties": { "station_id": "SATNOGS:2772", "name": "Station_1", "network": "SatNOGS", "tier": "T2-open-registry", "operator": "exmilion", "purpose": "VHF/UHF/S-band reception", "lat_deg": 31.869, "lon_deg": -116.665, "height_m": 10.0, "height_known": true, "source_key": "satnogs.stations.json", "evidence_url": "https://network.satnogs.org/stations/2772/", "status": "Offline", "min_horizon_deg": null, "country": "Mexico", "country_iso3": "MEX", "coastal_rescue": true, "region_class": "Latin America" }, "geometry": { "type": "Point", "coordinates": [ -116.665, 31.869 ] } },
{ "type": "Feature", "properties": { "station_id": "SATNOGS:2774", "name": "Station_2", "network": "SatNOGS", "tier": "T2-open-registry", "operator": "exmilion", "purpose": "VHF/UHF/S-band reception", "lat_deg": 31.869, "lon_deg": -116.665, "height_m": 10.0, "height_known": true, "source_key": "satnogs.stations.json", "evidence_url": "https://network.satnogs.org/stations/2774/", "status": "Offline", "min_horizon_deg": null, "country": "Mexico", "country_iso3": "MEX", "coastal_rescue": true, "region_class": "Latin America" }, "geometry": { "type": "Point", "coordinates": [ -116.665, 31.869 ] } },
{ "type": "Feature", "properties": { "station_id": "SATNOGS:2783", "name": "Eddyosp II-UHF", "network": "SatNOGS", "tier": "T2-open-registry", "operator": "eddyosp", "purpose": "VHF/UHF/S-band reception", "lat_deg": 20.650459, "lon_deg": -103.399798, "height_m": 1610.0, "height_known": true, "source_key": "satnogs.stations.json", "evidence_url": "https://network.satnogs.org/stations/2783/", "status": "Offline", "min_horizon_deg": null, "country": "Mexico", "country_iso3": "MEX", "coastal_rescue": false, "region_class": "Latin America" }, "geometry": { "type": "Point", "coordinates": [ -103.399798, 20.650459 ] } },
{ "type": "Feature", "properties": { "station_id": "SATNOGS:2817", "name": "EVT-GS", "network": "SatNOGS", "tier": "T2-open-registry", "operator": "evt-gs", "purpose": "VHF/UHF/S-band reception", "lat_deg": 41.851, "lon_deg": 2.226, "height_m": 610.0, "height_known": true, "source_key": "satnogs.stations.json", "evidence_url": "https://network.satnogs.org/stations/2817/", "status": "Offline", "min_horizon_deg": null, "country": "Spain", "country_iso3": "ESP", "coastal_rescue": false, "region_class": "Spain" }, "geometry": { "type": "Point", "coordinates": [ 2.226, 41.851 ] } },
{ "type": "Feature", "properties": { "station_id": "SATNOGS:2818", "name": "EA4BPN-1", "network": "SatNOGS", "tier": "T2-open-registry", "operator": "ea4bpn", "purpose": "VHF/UHF/S-band reception", "lat_deg": 40.36074, "lon_deg": -4.273225, "height_m": 620.0, "height_known": true, "source_key": "satnogs.stations.json", "evidence_url": "https://network.satnogs.org/stations/2818/", "status": "Offline", "min_horizon_deg": null, "country": "Spain", "country_iso3": "ESP", "coastal_rescue": false, "region_class": "Spain" }, "geometry": { "type": "Point", "coordinates": [ -4.273225, 40.36074 ] } },
{ "type": "Feature", "properties": { "station_id": "SATNOGS:2829", "name": "EA1FLY Space", "network": "SatNOGS", "tier": "T2-open-registry", "operator": "ea1fly", "purpose": "VHF/UHF/S-band reception", "lat_deg": 43.335, "lon_deg": -5.926, "height_m": 150.0, "height_known": true, "source_key": "satnogs.stations.json", "evidence_url": "https://network.satnogs.org/stations/2829/", "status": "Offline", "min_horizon_deg": null, "country": "Spain", "country_iso3": "ESP", "coastal_rescue": false, "region_class": "Spain" }, "geometry": { "type": "Point", "coordinates": [ -5.926, 43.335 ] } },
{ "type": "Feature", "properties": { "station_id": "SATNOGS:2832", "name": "Groundstation La Coruña", "network": "SatNOGS", "tier": "T2-open-registry", "operator": "ea1gaz", "purpose": "VHF/UHF/S-band reception", "lat_deg": 43.31, "lon_deg": -8.381, "height_m": 380.0, "height_known": true, "source_key": "satnogs.stations.json", "evidence_url": "https://network.satnogs.org/stations/2832/", "status": "Offline", "min_horizon_deg": null, "country": "Spain", "country_iso3": "ESP", "coastal_rescue": false, "region_class": "Spain" }, "geometry": { "type": "Point", "coordinates": [ -8.381, 43.31 ] } },
{ "type": "Feature", "properties": { "station_id": "SATNOGS:2842", "name": "Monopole", "network": "SatNOGS", "tier": "T2-open-registry", "operator": "lu4djg", "purpose": "VHF/UHF/S-band reception", "lat_deg": -34.92145, "lon_deg": -57.95453, "height_m": 26.0, "height_known": true, "source_key": "satnogs.stations.json", "evidence_url": "https://network.satnogs.org/stations/2842/", "status": "Offline", "min_horizon_deg": null, "country": "Argentina", "country_iso3": "ARG", "coastal_rescue": false, "region_class": "Latin America" }, "geometry": { "type": "Point", "coordinates": [ -57.95453, -34.92145 ] } },
{ "type": "Feature", "properties": { "station_id": "SATNOGS:2855", "name": "Manta, Manabí, Ecuador", "network": "SatNOGS", "tier": "T2-open-registry", "operator": "roger19", "purpose": "VHF/UHF/S-band reception", "lat_deg": -0.96212, "lon_deg": -80.71271, "height_m": 0.0, "height_known": true, "source_key": "satnogs.stations.json", "evidence_url": "https://network.satnogs.org/stations/2855/", "status": "Offline", "min_horizon_deg": null, "country": "Ecuador", "country_iso3": "ECU", "coastal_rescue": false, "region_class": "Latin America" }, "geometry": { "type": "Point", "coordinates": [ -80.71271, -0.96212 ] } },
{ "type": "Feature", "properties": { "station_id": "SATNOGS:2857", "name": "UVigo Spacelab UHF Discone", "network": "SatNOGS", "tier": "T2-open-registry", "operator": "uvigospacelab", "purpose": "VHF/UHF/S-band reception", "lat_deg": 42.17, "lon_deg": -8.688, "height_m": 426.0, "height_known": true, "source_key": "satnogs.stations.json", "evidence_url": "https://network.satnogs.org/stations/2857/", "status": "Offline", "min_horizon_deg": null, "country": "Spain", "country_iso3": "ESP", "coastal_rescue": false, "region_class": "Spain" }, "geometry": { "type": "Point", "coordinates": [ -8.688, 42.17 ] } },
{ "type": "Feature", "properties": { "station_id": "SATNOGS:2867", "name": "UTNFRP", "network": "SatNOGS", "tier": "T2-open-registry", "operator": "utnfrp", "purpose": "VHF/UHF/S-band reception", "lat_deg": -31.45, "lon_deg": -60.3, "height_m": 78.0, "height_known": true, "source_key": "satnogs.stations.json", "evidence_url": "https://network.satnogs.org/stations/2867/", "status": "Offline", "min_horizon_deg": null, "country": "Argentina", "country_iso3": "ARG", "coastal_rescue": false, "region_class": "Latin America" }, "geometry": { "type": "Point", "coordinates": [ -60.3, -31.45 ] } },
{ "type": "Feature", "properties": { "station_id": "SATNOGS:287", "name": "CX8AF", "network": "SatNOGS", "tier": "T2-open-registry", "operator": "CX8AF", "purpose": "VHF/UHF/S-band reception", "lat_deg": -34.85584, "lon_deg": -56.16669, "height_m": 64.0, "height_known": true, "source_key": "satnogs.stations.json", "evidence_url": "https://network.satnogs.org/stations/287/", "status": "Offline", "min_horizon_deg": null, "country": "Uruguay", "country_iso3": "URY", "coastal_rescue": false, "region_class": "Latin America" }, "geometry": { "type": "Point", "coordinates": [ -56.16669, -34.85584 ] } },
{ "type": "Feature", "properties": { "station_id": "SATNOGS:2895", "name": "Mecharocket", "network": "SatNOGS", "tier": "T2-open-registry", "operator": "andresher1", "purpose": "VHF/UHF/S-band reception", "lat_deg": 21.075249, "lon_deg": -89.657059, "height_m": 10.0, "height_known": true, "source_key": "satnogs.stations.json", "evidence_url": "https://network.satnogs.org/stations/2895/", "status": "Offline", "min_horizon_deg": null, "country": "Mexico", "country_iso3": "MEX", "coastal_rescue": false, "region_class": "Latin America" }, "geometry": { "type": "Point", "coordinates": [ -89.657059, 21.075249 ] } },
{ "type": "Feature", "properties": { "station_id": "SATNOGS:2896", "name": "ea1awv", "network": "SatNOGS", "tier": "T2-open-registry", "operator": "1878123jrc", "purpose": "VHF/UHF/S-band reception", "lat_deg": 42.308, "lon_deg": -5.429, "height_m": 890.0, "height_known": true, "source_key": "satnogs.stations.json", "evidence_url": "https://network.satnogs.org/stations/2896/", "status": "Offline", "min_horizon_deg": null, "country": "Spain", "country_iso3": "ESP", "coastal_rescue": false, "region_class": "Spain" }, "geometry": { "type": "Point", "coordinates": [ -5.429, 42.308 ] } },
{ "type": "Feature", "properties": { "station_id": "SATNOGS:2912", "name": "AGSN1-VHF", "network": "SatNOGS", "tier": "T2-open-registry", "operator": "studio21alcaraz", "purpose": "VHF/UHF/S-band reception", "lat_deg": 38.665183, "lon_deg": -2.491282, "height_m": 960.0, "height_known": true, "source_key": "satnogs.stations.json", "evidence_url": "https://network.satnogs.org/stations/2912/", "status": "Offline", "min_horizon_deg": null, "country": "Spain", "country_iso3": "ESP", "coastal_rescue": false, "region_class": "Spain" }, "geometry": { "type": "Point", "coordinates": [ -2.491282, 38.665183 ] } },
{ "type": "Feature", "properties": { "station_id": "SATNOGS:2917", "name": "AGSN2-VHF", "network": "SatNOGS", "tier": "T2-open-registry", "operator": "studio21alcaraz", "purpose": "VHF/UHF/S-band reception", "lat_deg": 38.669227, "lon_deg": -2.49132, "height_m": 920.0, "height_known": true, "source_key": "satnogs.stations.json", "evidence_url": "https://network.satnogs.org/stations/2917/", "status": "Offline", "min_horizon_deg": null, "country": "Spain", "country_iso3": "ESP", "coastal_rescue": false, "region_class": "Spain" }, "geometry": { "type": "Point", "coordinates": [ -2.49132, 38.669227 ] } },
{ "type": "Feature", "properties": { "station_id": "SATNOGS:2918", "name": "AGSN3-VHF University of Castilla-La Mancha", "network": "SatNOGS", "tier": "T2-open-registry", "operator": "studio21alcaraz", "purpose": "VHF/UHF/S-band reception", "lat_deg": 38.978594, "lon_deg": -1.856633, "height_m": 690.0, "height_known": true, "source_key": "satnogs.stations.json", "evidence_url": "https://network.satnogs.org/stations/2918/", "status": "Offline", "min_horizon_deg": null, "country": "Spain", "country_iso3": "ESP", "coastal_rescue": false, "region_class": "Spain" }, "geometry": { "type": "Point", "coordinates": [ -1.856633, 38.978594 ] } },
{ "type": "Feature", "properties": { "station_id": "SATNOGS:2919", "name": "EA7TB", "network": "SatNOGS", "tier": "T2-open-registry", "operator": "ea7tb", "purpose": "VHF/UHF/S-band reception", "lat_deg": 36.714, "lon_deg": -4.252, "height_m": 30.0, "height_known": true, "source_key": "satnogs.stations.json", "evidence_url": "https://network.satnogs.org/stations/2919/", "status": "Offline", "min_horizon_deg": null, "country": "Spain", "country_iso3": "ESP", "coastal_rescue": true, "region_class": "Spain" }, "geometry": { "type": "Point", "coordinates": [ -4.252, 36.714 ] } },
{ "type": "Feature", "properties": { "station_id": "SATNOGS:2922", "name": "ZXBCN", "network": "SatNOGS", "tier": "T2-open-registry", "operator": "antropoiese", "purpose": "VHF/UHF/S-band reception", "lat_deg": 41.38, "lon_deg": 2.19, "height_m": 10.0, "height_known": true, "source_key": "satnogs.stations.json", "evidence_url": "https://network.satnogs.org/stations/2922/", "status": "Offline", "min_horizon_deg": null, "country": "Spain", "country_iso3": "ESP", "coastal_rescue": false, "region_class": "Spain" }, "geometry": { "type": "Point", "coordinates": [ 2.19, 41.38 ] } },
{ "type": "Feature", "properties": { "station_id": "SATNOGS:2923", "name": "Carlos Henrique Dell Aquila", "network": "SatNOGS", "tier": "T2-open-registry", "operator": "carlosaquila", "purpose": "VHF/UHF/S-band reception", "lat_deg": -23.1875, "lon_deg": -45.875, "height_m": 600.0, "height_known": true, "source_key": "satnogs.stations.json", "evidence_url": "https://network.satnogs.org/stations/2923/", "status": "Offline", "min_horizon_deg": null, "country": "Brazil", "country_iso3": "BRA", "coastal_rescue": false, "region_class": "Latin America" }, "geometry": { "type": "Point", "coordinates": [ -45.875, -23.1875 ] } },
{ "type": "Feature", "properties": { "station_id": "SATNOGS:2934", "name": "UFS-GS", "network": "SatNOGS", "tier": "T2-open-registry", "operator": "ufs-gs", "purpose": "VHF/UHF/S-band reception", "lat_deg": -31.52, "lon_deg": -64.464, "height_m": 674.0, "height_known": true, "source_key": "satnogs.stations.json", "evidence_url": "https://network.satnogs.org/stations/2934/", "status": "Offline", "min_horizon_deg": null, "country": "Argentina", "country_iso3": "ARG", "coastal_rescue": false, "region_class": "Latin America" }, "geometry": { "type": "Point", "coordinates": [ -64.464, -31.52 ] } },
{ "type": "Feature", "properties": { "station_id": "SATNOGS:2945", "name": "TenerifeHR", "network": "SatNOGS", "tier": "T2-open-registry", "operator": "tenerifehr", "purpose": "VHF/UHF/S-band reception", "lat_deg": 28.520263, "lon_deg": -16.353864, "height_m": 550.0, "height_known": true, "source_key": "satnogs.stations.json", "evidence_url": "https://network.satnogs.org/stations/2945/", "status": "Offline", "min_horizon_deg": null, "country": "Spain", "country_iso3": "ESP", "coastal_rescue": false, "region_class": "Spain" }, "geometry": { "type": "Point", "coordinates": [ -16.353864, 28.520263 ] } },
{ "type": "Feature", "properties": { "station_id": "SATNOGS:2948", "name": "Gustavo Ginard", "network": "SatNOGS", "tier": "T2-open-registry", "operator": "ginard", "purpose": "VHF/UHF/S-band reception", "lat_deg": -22.4791, "lon_deg": -60.0416, "height_m": 135.0, "height_known": true, "source_key": "satnogs.stations.json", "evidence_url": "https://network.satnogs.org/stations/2948/", "status": "Offline", "min_horizon_deg": null, "country": "Paraguay", "country_iso3": "PRY", "coastal_rescue": false, "region_class": "Latin America" }, "geometry": { "type": "Point", "coordinates": [ -60.0416, -22.4791 ] } },
{ "type": "Feature", "properties": { "station_id": "SATNOGS:2970", "name": "ZXBCN_UHF", "network": "SatNOGS", "tier": "T2-open-registry", "operator": "antropoiese", "purpose": "VHF/UHF/S-band reception", "lat_deg": 41.38, "lon_deg": 2.19, "height_m": 10.0, "height_known": true, "source_key": "satnogs.stations.json", "evidence_url": "https://network.satnogs.org/stations/2970/", "status": "Offline", "min_horizon_deg": null, "country": "Spain", "country_iso3": "ESP", "coastal_rescue": false, "region_class": "Spain" }, "geometry": { "type": "Point", "coordinates": [ 2.19, 41.38 ] } },
{ "type": "Feature", "properties": { "station_id": "SATNOGS:2974", "name": "EA4K", "network": "SatNOGS", "tier": "T2-open-registry", "operator": "ea4k", "purpose": "VHF/UHF/S-band reception", "lat_deg": 40.4917, "lon_deg": -3.8733, "height_m": 718.0, "height_known": true, "source_key": "satnogs.stations.json", "evidence_url": "https://network.satnogs.org/stations/2974/", "status": "Offline", "min_horizon_deg": null, "country": "Spain", "country_iso3": "ESP", "coastal_rescue": false, "region_class": "Spain" }, "geometry": { "type": "Point", "coordinates": [ -3.8733, 40.4917 ] } },
{ "type": "Feature", "properties": { "station_id": "SATNOGS:2988", "name": "Alejandro Cancela Becerra", "network": "SatNOGS", "tier": "T2-open-registry", "operator": "xe1uys", "purpose": "VHF/UHF/S-band reception", "lat_deg": 19.932369, "lon_deg": -96.855621, "height_m": 346.0, "height_known": true, "source_key": "satnogs.stations.json", "evidence_url": "https://network.satnogs.org/stations/2988/", "status": "Offline", "min_horizon_deg": null, "country": "Mexico", "country_iso3": "MEX", "coastal_rescue": false, "region_class": "Latin America" }, "geometry": { "type": "Point", "coordinates": [ -96.855621, 19.932369 ] } },
{ "type": "Feature", "properties": { "station_id": "SATNOGS:2989", "name": "E3T UIS Tracker", "network": "SatNOGS", "tier": "T2-open-registry", "operator": "wilmonman", "purpose": "VHF/UHF/S-band reception", "lat_deg": 7.142122, "lon_deg": -73.121284, "height_m": 1000.0, "height_known": true, "source_key": "satnogs.stations.json", "evidence_url": "https://network.satnogs.org/stations/2989/", "status": "Offline", "min_horizon_deg": null, "country": "Colombia", "country_iso3": "COL", "coastal_rescue": false, "region_class": "Latin America" }, "geometry": { "type": "Point", "coordinates": [ -73.121284, 7.142122 ] } },
{ "type": "Feature", "properties": { "station_id": "SATNOGS:3011", "name": "ThunGS", "network": "SatNOGS", "tier": "T2-open-registry", "operator": "acamanzo", "purpose": "VHF/UHF/S-band reception", "lat_deg": 42.72, "lon_deg": -8.3, "height_m": 400.0, "height_known": true, "source_key": "satnogs.stations.json", "evidence_url": "https://network.satnogs.org/stations/3011/", "status": "Offline", "min_horizon_deg": null, "country": "Spain", "country_iso3": "ESP", "coastal_rescue": false, "region_class": "Spain" }, "geometry": { "type": "Point", "coordinates": [ -8.3, 42.72 ] } },
{ "type": "Feature", "properties": { "station_id": "SATNOGS:3022", "name": "propulsion.industries", "network": "SatNOGS", "tier": "T2-open-registry", "operator": "luiscosio", "purpose": "VHF/UHF/S-band reception", "lat_deg": 20.725058, "lon_deg": -103.423208, "height_m": 1595.0, "height_known": true, "source_key": "satnogs.stations.json", "evidence_url": "https://network.satnogs.org/stations/3022/", "status": "Offline", "min_horizon_deg": null, "country": "Mexico", "country_iso3": "MEX", "coastal_rescue": false, "region_class": "Latin America" }, "geometry": { "type": "Point", "coordinates": [ -103.423208, 20.725058 ] } },
{ "type": "Feature", "properties": { "station_id": "SATNOGS:3031", "name": "Estacion LU5EIC", "network": "SatNOGS", "tier": "T2-open-registry", "operator": "cordoba", "purpose": "VHF/UHF/S-band reception", "lat_deg": -33.331, "lon_deg": -60.232, "height_m": 5.0, "height_known": true, "source_key": "satnogs.stations.json", "evidence_url": "https://network.satnogs.org/stations/3031/", "status": "Offline", "min_horizon_deg": null, "country": "Argentina", "country_iso3": "ARG", "coastal_rescue": false, "region_class": "Latin America" }, "geometry": { "type": "Point", "coordinates": [ -60.232, -33.331 ] } },
{ "type": "Feature", "properties": { "station_id": "SATNOGS:3036", "name": "MADURAS CERCA QUIEREN CONOCERTE UHF", "network": "SatNOGS", "tier": "T2-open-registry", "operator": "strxnge", "purpose": "VHF/UHF/S-band reception", "lat_deg": 20.692, "lon_deg": -103.436, "height_m": 1550.0, "height_known": true, "source_key": "satnogs.stations.json", "evidence_url": "https://network.satnogs.org/stations/3036/", "status": "Offline", "min_horizon_deg": null, "country": "Mexico", "country_iso3": "MEX", "coastal_rescue": false, "region_class": "Latin America" }, "geometry": { "type": "Point", "coordinates": [ -103.436, 20.692 ] } },
{ "type": "Feature", "properties": { "station_id": "SATNOGS:3049", "name": "UVigo Spacelab GS test", "network": "SatNOGS", "tier": "T2-open-registry", "operator": "uvigospacelab", "purpose": "VHF/UHF/S-band reception", "lat_deg": 42.17, "lon_deg": -8.688, "height_m": 400.0, "height_known": true, "source_key": "satnogs.stations.json", "evidence_url": "https://network.satnogs.org/stations/3049/", "status": "Offline", "min_horizon_deg": null, "country": "Spain", "country_iso3": "ESP", "coastal_rescue": false, "region_class": "Spain" }, "geometry": { "type": "Point", "coordinates": [ -8.688, 42.17 ] } },
{ "type": "Feature", "properties": { "station_id": "SATNOGS:3050", "name": "station-02", "network": "SatNOGS", "tier": "T2-open-registry", "operator": "xe3adc", "purpose": "VHF/UHF/S-band reception", "lat_deg": 17.983333, "lon_deg": -92.925, "height_m": 10.0, "height_known": true, "source_key": "satnogs.stations.json", "evidence_url": "https://network.satnogs.org/stations/3050/", "status": "Offline", "min_horizon_deg": null, "country": "Mexico", "country_iso3": "MEX", "coastal_rescue": false, "region_class": "Latin America" }, "geometry": { "type": "Point", "coordinates": [ -92.925, 17.983333 ] } },
{ "type": "Feature", "properties": { "station_id": "SATNOGS:3058", "name": "Carlos Cardenas", "network": "SatNOGS", "tier": "T2-open-registry", "operator": "hk3pjc", "purpose": "VHF/UHF/S-band reception", "lat_deg": 4.6875, "lon_deg": -74.10573, "height_m": 2520.0, "height_known": true, "source_key": "satnogs.stations.json", "evidence_url": "https://network.satnogs.org/stations/3058/", "status": "Offline", "min_horizon_deg": null, "country": "Colombia", "country_iso3": "COL", "coastal_rescue": false, "region_class": "Latin America" }, "geometry": { "type": "Point", "coordinates": [ -74.10573, 4.6875 ] } },
{ "type": "Feature", "properties": { "station_id": "SATNOGS:3072", "name": "Talquipen", "network": "SatNOGS", "tier": "T2-open-registry", "operator": "dean", "purpose": "VHF/UHF/S-band reception", "lat_deg": -36.617085, "lon_deg": -71.917266, "height_m": 155.0, "height_known": true, "source_key": "satnogs.stations.json", "evidence_url": "https://network.satnogs.org/stations/3072/", "status": "Offline", "min_horizon_deg": null, "country": "Chile", "country_iso3": "CHL", "coastal_rescue": false, "region_class": "Latin America" }, "geometry": { "type": "Point", "coordinates": [ -71.917266, -36.617085 ] } },
{ "type": "Feature", "properties": { "station_id": "SATNOGS:3110", "name": "MeteoElx", "network": "SatNOGS", "tier": "T2-open-registry", "operator": "meteoelx", "purpose": "VHF/UHF/S-band reception", "lat_deg": 38.27643, "lon_deg": -0.70997, "height_m": 110.0, "height_known": true, "source_key": "satnogs.stations.json", "evidence_url": "https://network.satnogs.org/stations/3110/", "status": "Offline", "min_horizon_deg": null, "country": "Spain", "country_iso3": "ESP", "coastal_rescue": false, "region_class": "Spain" }, "geometry": { "type": "Point", "coordinates": [ -0.70997, 38.27643 ] } },
{ "type": "Feature", "properties": { "station_id": "SATNOGS:3137", "name": "Elcxiela", "network": "SatNOGS", "tier": "T2-open-registry", "operator": "maldauxra", "purpose": "VHF/UHF/S-band reception", "lat_deg": -34.90584, "lon_deg": -56.18156, "height_m": 48.0, "height_known": true, "source_key": "satnogs.stations.json", "evidence_url": "https://network.satnogs.org/stations/3137/", "status": "Offline", "min_horizon_deg": null, "country": "Uruguay", "country_iso3": "URY", "coastal_rescue": false, "region_class": "Latin America" }, "geometry": { "type": "Point", "coordinates": [ -56.18156, -34.90584 ] } },
{ "type": "Feature", "properties": { "station_id": "SATNOGS:314", "name": "LU1HKO", "network": "SatNOGS", "tier": "T2-open-registry", "operator": "LU1HKO", "purpose": "VHF/UHF/S-band reception", "lat_deg": -31.4375, "lon_deg": -64.2084, "height_m": 464.0, "height_known": true, "source_key": "satnogs.stations.json", "evidence_url": "https://network.satnogs.org/stations/314/", "status": "Offline", "min_horizon_deg": null, "country": "Argentina", "country_iso3": "ARG", "coastal_rescue": false, "region_class": "Latin America" }, "geometry": { "type": "Point", "coordinates": [ -64.2084, -31.4375 ] } },
{ "type": "Feature", "properties": { "station_id": "SATNOGS:3151", "name": "ZenGroundStation", "network": "SatNOGS", "tier": "T2-open-registry", "operator": "zenith", "purpose": "VHF/UHF/S-band reception", "lat_deg": -21.999, "lon_deg": -47.897, "height_m": 856.0, "height_known": true, "source_key": "satnogs.stations.json", "evidence_url": "https://network.satnogs.org/stations/3151/", "status": "Offline", "min_horizon_deg": null, "country": "Brazil", "country_iso3": "BRA", "coastal_rescue": false, "region_class": "Latin America" }, "geometry": { "type": "Point", "coordinates": [ -47.897, -21.999 ] } },
{ "type": "Feature", "properties": { "station_id": "SATNOGS:317", "name": "Sergio Arboleda 5K3USA", "network": "SatNOGS", "tier": "T2-open-registry", "operator": "Max_Herrera", "purpose": "VHF/UHF/S-band reception", "lat_deg": 4.661182, "lon_deg": -74.059708, "height_m": 2600.0, "height_known": true, "source_key": "satnogs.stations.json", "evidence_url": "https://network.satnogs.org/stations/317/", "status": "Offline", "min_horizon_deg": null, "country": "Colombia", "country_iso3": "COL", "coastal_rescue": false, "region_class": "Latin America" }, "geometry": { "type": "Point", "coordinates": [ -74.059708, 4.661182 ] } },
{ "type": "Feature", "properties": { "station_id": "SATNOGS:3174", "name": "PU3XGS", "network": "SatNOGS", "tier": "T2-open-registry", "operator": "pu3xgs", "purpose": "VHF/UHF/S-band reception", "lat_deg": -29.696, "lon_deg": -51.089, "height_m": 18.0, "height_known": true, "source_key": "satnogs.stations.json", "evidence_url": "https://network.satnogs.org/stations/3174/", "status": "Offline", "min_horizon_deg": null, "country": "Brazil", "country_iso3": "BRA", "coastal_rescue": false, "region_class": "Latin America" }, "geometry": { "type": "Point", "coordinates": [ -51.089, -29.696 ] } },
{ "type": "Feature", "properties": { "station_id": "SATNOGS:3178", "name": "LU8ARE", "network": "SatNOGS", "tier": "T2-open-registry", "operator": "lu8are", "purpose": "VHF/UHF/S-band reception", "lat_deg": -34.608, "lon_deg": -58.472, "height_m": 5.0, "height_known": true, "source_key": "satnogs.stations.json", "evidence_url": "https://network.satnogs.org/stations/3178/", "status": "Offline", "min_horizon_deg": null, "country": "Argentina", "country_iso3": "ARG", "coastal_rescue": false, "region_class": "Latin America" }, "geometry": { "type": "Point", "coordinates": [ -58.472, -34.608 ] } },
{ "type": "Feature", "properties": { "station_id": "SATNOGS:3185", "name": "TT01", "network": "SatNOGS", "tier": "T2-open-registry", "operator": "dastu", "purpose": "VHF/UHF/S-band reception", "lat_deg": 41.619423, "lon_deg": 0.62924100000000749, "height_m": 80.0, "height_known": true, "source_key": "satnogs.stations.json", "evidence_url": "https://network.satnogs.org/stations/3185/", "status": "Offline", "min_horizon_deg": null, "country": "Spain", "country_iso3": "ESP", "coastal_rescue": false, "region_class": "Spain" }, "geometry": { "type": "Point", "coordinates": [ 0.629241, 41.619423 ] } },
{ "type": "Feature", "properties": { "station_id": "SATNOGS:3224", "name": "EA1ISE SAT´s", "network": "SatNOGS", "tier": "T2-open-registry", "operator": "ea1ise", "purpose": "VHF/UHF/S-band reception", "lat_deg": 43.461526, "lon_deg": -3.81952, "height_m": 50.0, "height_known": true, "source_key": "satnogs.stations.json", "evidence_url": "https://network.satnogs.org/stations/3224/", "status": "Offline", "min_horizon_deg": null, "country": "Spain", "country_iso3": "ESP", "coastal_rescue": false, "region_class": "Spain" }, "geometry": { "type": "Point", "coordinates": [ -3.81952, 43.461526 ] } },
{ "type": "Feature", "properties": { "station_id": "SATNOGS:3227", "name": "EA1ISE", "network": "SatNOGS", "tier": "T2-open-registry", "operator": "ibanhoyos", "purpose": "VHF/UHF/S-band reception", "lat_deg": 43.4613, "lon_deg": -3.8194, "height_m": 50.0, "height_known": true, "source_key": "satnogs.stations.json", "evidence_url": "https://network.satnogs.org/stations/3227/", "status": "Offline", "min_horizon_deg": null, "country": "Spain", "country_iso3": "ESP", "coastal_rescue": false, "region_class": "Spain" }, "geometry": { "type": "Point", "coordinates": [ -3.8194, 43.4613 ] } },
{ "type": "Feature", "properties": { "station_id": "SATNOGS:3239", "name": "GS_LU5MCT", "network": "SatNOGS", "tier": "T2-open-registry", "operator": "lu5mct", "purpose": "VHF/UHF/S-band reception", "lat_deg": -32.923937, "lon_deg": -68.86053, "height_m": 900.0, "height_known": true, "source_key": "satnogs.stations.json", "evidence_url": "https://network.satnogs.org/stations/3239/", "status": "Offline", "min_horizon_deg": null, "country": "Argentina", "country_iso3": "ARG", "coastal_rescue": false, "region_class": "Latin America" }, "geometry": { "type": "Point", "coordinates": [ -68.86053, -32.923937 ] } },
{ "type": "Feature", "properties": { "station_id": "SATNOGS:3242", "name": "ICTI_ET", "network": "SatNOGS", "tier": "T2-open-registry", "operator": "icti_et", "purpose": "VHF/UHF/S-band reception", "lat_deg": 16.760155, "lon_deg": -93.102363, "height_m": 516.0, "height_known": true, "source_key": "satnogs.stations.json", "evidence_url": "https://network.satnogs.org/stations/3242/", "status": "Offline", "min_horizon_deg": null, "country": "Mexico", "country_iso3": "MEX", "coastal_rescue": false, "region_class": "Latin America" }, "geometry": { "type": "Point", "coordinates": [ -93.102363, 16.760155 ] } },
{ "type": "Feature", "properties": { "station_id": "SATNOGS:3248", "name": "CAPDS-1", "network": "SatNOGS", "tier": "T2-open-registry", "operator": "iaapp", "purpose": "VHF/UHF/S-band reception", "lat_deg": -16.4656203, "lon_deg": -71.4931912, "height_m": 2449.0, "height_known": true, "source_key": "satnogs.stations.json", "evidence_url": "https://network.satnogs.org/stations/3248/", "status": "Offline", "min_horizon_deg": null, "country": "Peru", "country_iso3": "PER", "coastal_rescue": false, "region_class": "Latin America" }, "geometry": { "type": "Point", "coordinates": [ -71.4931912, -16.4656203 ] } },
{ "type": "Feature", "properties": { "station_id": "SATNOGS:3250", "name": "EA2EYI", "network": "SatNOGS", "tier": "T2-open-registry", "operator": "ea2eyi", "purpose": "VHF/UHF/S-band reception", "lat_deg": 42.857946, "lon_deg": -2.669663, "height_m": 520.0, "height_known": true, "source_key": "satnogs.stations.json", "evidence_url": "https://network.satnogs.org/stations/3250/", "status": "Offline", "min_horizon_deg": null, "country": "Spain", "country_iso3": "ESP", "coastal_rescue": false, "region_class": "Spain" }, "geometry": { "type": "Point", "coordinates": [ -2.669663, 42.857946 ] } },
{ "type": "Feature", "properties": { "station_id": "SATNOGS:3272", "name": "ea6tc", "network": "SatNOGS", "tier": "T2-open-registry", "operator": "ea6tc9b095f7062e24b97", "purpose": "VHF/UHF/S-band reception", "lat_deg": 39.5585, "lon_deg": 2.7804, "height_m": 70.0, "height_known": true, "source_key": "satnogs.stations.json", "evidence_url": "https://network.satnogs.org/stations/3272/", "status": "Offline", "min_horizon_deg": null, "country": "Spain", "country_iso3": "ESP", "coastal_rescue": false, "region_class": "Spain" }, "geometry": { "type": "Point", "coordinates": [ 2.7804, 39.5585 ] } },
{ "type": "Feature", "properties": { "station_id": "SATNOGS:3273", "name": "CAPDS-2", "network": "SatNOGS", "tier": "T2-open-registry", "operator": "iaapp", "purpose": "VHF/UHF/S-band reception", "lat_deg": -16.465617, "lon_deg": -71.493255, "height_m": 2487.0, "height_known": true, "source_key": "satnogs.stations.json", "evidence_url": "https://network.satnogs.org/stations/3273/", "status": "Offline", "min_horizon_deg": null, "country": "Peru", "country_iso3": "PER", "coastal_rescue": false, "region_class": "Latin America" }, "geometry": { "type": "Point", "coordinates": [ -71.493255, -16.465617 ] } },
{ "type": "Feature", "properties": { "station_id": "SATNOGS:3294", "name": "Pablo H. Castro Blanco", "network": "SatNOGS", "tier": "T2-open-registry", "operator": "sur6183", "purpose": "VHF/UHF/S-band reception", "lat_deg": -34.6458, "lon_deg": -58.4583, "height_m": 7.0, "height_known": true, "source_key": "satnogs.stations.json", "evidence_url": "https://network.satnogs.org/stations/3294/", "status": "Offline", "min_horizon_deg": null, "country": "Argentina", "country_iso3": "ARG", "coastal_rescue": false, "region_class": "Latin America" }, "geometry": { "type": "Point", "coordinates": [ -58.4583, -34.6458 ] } },
{ "type": "Feature", "properties": { "station_id": "SATNOGS:3295", "name": "PAULO PV8DX", "network": "SatNOGS", "tier": "T2-open-registry", "operator": "PAULO", "purpose": "VHF/UHF/S-band reception", "lat_deg": 2.811185, "lon_deg": -60.680964, "height_m": 9.0, "height_known": true, "source_key": "satnogs.stations.json", "evidence_url": "https://network.satnogs.org/stations/3295/", "status": "Testing", "min_horizon_deg": null, "country": "Brazil", "country_iso3": "BRA", "coastal_rescue": false, "region_class": "Latin America" }, "geometry": { "type": "Point", "coordinates": [ -60.680964, 2.811185 ] } },
{ "type": "Feature", "properties": { "station_id": "SATNOGS:3298", "name": "PV8IA", "network": "SatNOGS", "tier": "T2-open-registry", "operator": "iuri", "purpose": "VHF/UHF/S-band reception", "lat_deg": 2.829, "lon_deg": -60.676, "height_m": 96.0, "height_known": true, "source_key": "satnogs.stations.json", "evidence_url": "https://network.satnogs.org/stations/3298/", "status": "Offline", "min_horizon_deg": null, "country": "Brazil", "country_iso3": "BRA", "coastal_rescue": false, "region_class": "Latin America" }, "geometry": { "type": "Point", "coordinates": [ -60.676, 2.829 ] } },
{ "type": "Feature", "properties": { "station_id": "SATNOGS:3337", "name": "EC6TR-RX", "network": "SatNOGS", "tier": "T2-open-registry", "operator": "ec6tr", "purpose": "VHF/UHF/S-band reception", "lat_deg": 39.688, "lon_deg": 2.84, "height_m": 150.0, "height_known": true, "source_key": "satnogs.stations.json", "evidence_url": "https://network.satnogs.org/stations/3337/", "status": "Offline", "min_horizon_deg": null, "country": "Spain", "country_iso3": "ESP", "coastal_rescue": false, "region_class": "Spain" }, "geometry": { "type": "Point", "coordinates": [ 2.84, 39.688 ] } },
{ "type": "Feature", "properties": { "station_id": "SATNOGS:3341", "name": "CHASQUI II", "network": "SatNOGS", "tier": "T2-open-registry", "operator": "cristhianido", "purpose": "VHF/UHF/S-band reception", "lat_deg": -12.019723, "lon_deg": -77.048612, "height_m": 2449.0, "height_known": true, "source_key": "satnogs.stations.json", "evidence_url": "https://network.satnogs.org/stations/3341/", "status": "Offline", "min_horizon_deg": null, "country": "Peru", "country_iso3": "PER", "coastal_rescue": false, "region_class": "Latin America" }, "geometry": { "type": "Point", "coordinates": [ -77.048612, -12.019723 ] } },
{ "type": "Feature", "properties": { "station_id": "SATNOGS:3360", "name": "ESTRECHO", "network": "SatNOGS", "tier": "T2-open-registry", "operator": "ea7-3173", "purpose": "VHF/UHF/S-band reception", "lat_deg": 36.1194, "lon_deg": -5.4439, "height_m": 40.0, "height_known": true, "source_key": "satnogs.stations.json", "evidence_url": "https://network.satnogs.org/stations/3360/", "status": "Offline", "min_horizon_deg": null, "country": "Spain", "country_iso3": "ESP", "coastal_rescue": true, "region_class": "Spain" }, "geometry": { "type": "Point", "coordinates": [ -5.4439, 36.1194 ] } },
{ "type": "Feature", "properties": { "station_id": "SATNOGS:3383", "name": "Gabriel de Castilla", "network": "SatNOGS", "tier": "T2-open-registry", "operator": "ea2017swl", "purpose": "VHF/UHF/S-band reception", "lat_deg": 41.1227, "lon_deg": -0.5094, "height_m": 350.0, "height_known": true, "source_key": "satnogs.stations.json", "evidence_url": "https://network.satnogs.org/stations/3383/", "status": "Offline", "min_horizon_deg": null, "country": "Spain", "country_iso3": "ESP", "coastal_rescue": false, "region_class": "Spain" }, "geometry": { "type": "Point", "coordinates": [ -0.5094, 41.1227 ] } },
{ "type": "Feature", "properties": { "station_id": "SATNOGS:3389", "name": "Dipole V", "network": "SatNOGS", "tier": "T2-open-registry", "operator": "tcasaniv", "purpose": "VHF/UHF/S-band reception", "lat_deg": -16.411, "lon_deg": -71.5, "height_m": 2473.0, "height_known": true, "source_key": "satnogs.stations.json", "evidence_url": "https://network.satnogs.org/stations/3389/", "status": "Offline", "min_horizon_deg": null, "country": "Peru", "country_iso3": "PER", "coastal_rescue": false, "region_class": "Latin America" }, "geometry": { "type": "Point", "coordinates": [ -71.5, -16.411 ] } },
{ "type": "Feature", "properties": { "station_id": "SATNOGS:3396", "name": "carlos gutierrez", "network": "SatNOGS", "tier": "T2-open-registry", "operator": "antuligutierrez", "purpose": "VHF/UHF/S-band reception", "lat_deg": 14.547458, "lon_deg": -90.541995, "height_m": 0.0, "height_known": true, "source_key": "satnogs.stations.json", "evidence_url": "https://network.satnogs.org/stations/3396/", "status": "Offline", "min_horizon_deg": null, "country": "Guatemala", "country_iso3": "GTM", "coastal_rescue": false, "region_class": "Latin America" }, "geometry": { "type": "Point", "coordinates": [ -90.541995, 14.547458 ] } },
{ "type": "Feature", "properties": { "station_id": "SATNOGS:3410", "name": "SerraSDR", "network": "SatNOGS", "tier": "T2-open-registry", "operator": "serra_sdr", "purpose": "VHF/UHF/S-band reception", "lat_deg": -6.68881, "lon_deg": -35.44732, "height_m": 336.0, "height_known": true, "source_key": "satnogs.stations.json", "evidence_url": "https://network.satnogs.org/stations/3410/", "status": "Offline", "min_horizon_deg": null, "country": "Brazil", "country_iso3": "BRA", "coastal_rescue": false, "region_class": "Latin America" }, "geometry": { "type": "Point", "coordinates": [ -35.44732, -6.68881 ] } },
{ "type": "Feature", "properties": { "station_id": "SATNOGS:342", "name": "EA5WA Pobla Llarga", "network": "SatNOGS", "tier": "T2-open-registry", "operator": "ea5wa", "purpose": "VHF/UHF/S-band reception", "lat_deg": 39.104, "lon_deg": -0.458, "height_m": 50.0, "height_known": true, "source_key": "satnogs.stations.json", "evidence_url": "https://network.satnogs.org/stations/342/", "status": "Online", "min_horizon_deg": null, "country": "Spain", "country_iso3": "ESP", "coastal_rescue": false, "region_class": "Spain" }, "geometry": { "type": "Point", "coordinates": [ -0.458, 39.104 ] } },
{ "type": "Feature", "properties": { "station_id": "SATNOGS:343", "name": "EA4GSX", "network": "SatNOGS", "tier": "T2-open-registry", "operator": "EA4GSX", "purpose": "VHF/UHF/S-band reception", "lat_deg": 40.505, "lon_deg": -3.531, "height_m": 690.0, "height_known": true, "source_key": "satnogs.stations.json", "evidence_url": "https://network.satnogs.org/stations/343/", "status": "Offline", "min_horizon_deg": null, "country": "Spain", "country_iso3": "ESP", "coastal_rescue": false, "region_class": "Spain" }, "geometry": { "type": "Point", "coordinates": [ -3.531, 40.505 ] } },
{ "type": "Feature", "properties": { "station_id": "SATNOGS:3437", "name": "EA1DIW_TEST", "network": "SatNOGS", "tier": "T2-open-registry", "operator": "ea1diw", "purpose": "VHF/UHF/S-band reception", "lat_deg": 40.967, "lon_deg": -5.668, "height_m": 800.0, "height_known": true, "source_key": "satnogs.stations.json", "evidence_url": "https://network.satnogs.org/stations/3437/", "status": "Testing", "min_horizon_deg": null, "country": "Spain", "country_iso3": "ESP", "coastal_rescue": false, "region_class": "Spain" }, "geometry": { "type": "Point", "coordinates": [ -5.668, 40.967 ] } },
{ "type": "Feature", "properties": { "station_id": "SATNOGS:3440", "name": "EA1DIW-1_TEST", "network": "SatNOGS", "tier": "T2-open-registry", "operator": "ea1diw", "purpose": "VHF/UHF/S-band reception", "lat_deg": 40.967, "lon_deg": -5.668, "height_m": 800.0, "height_known": true, "source_key": "satnogs.stations.json", "evidence_url": "https://network.satnogs.org/stations/3440/", "status": "Offline", "min_horizon_deg": null, "country": "Spain", "country_iso3": "ESP", "coastal_rescue": false, "region_class": "Spain" }, "geometry": { "type": "Point", "coordinates": [ -5.668, 40.967 ] } },
{ "type": "Feature", "properties": { "station_id": "SATNOGS:3443", "name": "ExpoSat UHF", "network": "SatNOGS", "tier": "T2-open-registry", "operator": "ictea", "purpose": "VHF/UHF/S-band reception", "lat_deg": 43.36, "lon_deg": -5.85, "height_m": 30.0, "height_known": true, "source_key": "satnogs.stations.json", "evidence_url": "https://network.satnogs.org/stations/3443/", "status": "Offline", "min_horizon_deg": null, "country": "Spain", "country_iso3": "ESP", "coastal_rescue": false, "region_class": "Spain" }, "geometry": { "type": "Point", "coordinates": [ -5.85, 43.36 ] } },
{ "type": "Feature", "properties": { "station_id": "SATNOGS:3446", "name": "UFMA Ground Station", "network": "SatNOGS", "tier": "T2-open-registry", "operator": "ufmags", "purpose": "VHF/UHF/S-band reception", "lat_deg": -2.565107, "lon_deg": -44.311719, "height_m": 35.0, "height_known": true, "source_key": "satnogs.stations.json", "evidence_url": "https://network.satnogs.org/stations/3446/", "status": "Offline", "min_horizon_deg": null, "country": "Brazil", "country_iso3": "BRA", "coastal_rescue": false, "region_class": "Latin America" }, "geometry": { "type": "Point", "coordinates": [ -44.311719, -2.565107 ] } },
{ "type": "Feature", "properties": { "station_id": "SATNOGS:3451", "name": "Chiapas_1", "network": "SatNOGS", "tier": "T2-open-registry", "operator": "chiapas_1", "purpose": "VHF/UHF/S-band reception", "lat_deg": 16.7602, "lon_deg": -93.1024, "height_m": 513.0, "height_known": true, "source_key": "satnogs.stations.json", "evidence_url": "https://network.satnogs.org/stations/3451/", "status": "Offline", "min_horizon_deg": null, "country": "Mexico", "country_iso3": "MEX", "coastal_rescue": false, "region_class": "Latin America" }, "geometry": { "type": "Point", "coordinates": [ -93.1024, 16.7602 ] } },
{ "type": "Feature", "properties": { "station_id": "SATNOGS:3456", "name": "Home", "network": "SatNOGS", "tier": "T2-open-registry", "operator": "ea2cw", "purpose": "VHF/UHF/S-band reception", "lat_deg": 43.25, "lon_deg": -2.92, "height_m": 36.0, "height_known": true, "source_key": "satnogs.stations.json", "evidence_url": "https://network.satnogs.org/stations/3456/", "status": "Offline", "min_horizon_deg": null, "country": "Spain", "country_iso3": "ESP", "coastal_rescue": false, "region_class": "Spain" }, "geometry": { "type": "Point", "coordinates": [ -2.92, 43.25 ] } },
{ "type": "Feature", "properties": { "station_id": "SATNOGS:3463", "name": "MOVIL-TEST", "network": "SatNOGS", "tier": "T2-open-registry", "operator": "ea1diw", "purpose": "VHF/UHF/S-band reception", "lat_deg": 40.967, "lon_deg": -5.668, "height_m": 800.0, "height_known": true, "source_key": "satnogs.stations.json", "evidence_url": "https://network.satnogs.org/stations/3463/", "status": "Offline", "min_horizon_deg": null, "country": "Spain", "country_iso3": "ESP", "coastal_rescue": false, "region_class": "Spain" }, "geometry": { "type": "Point", "coordinates": [ -5.668, 40.967 ] } },
{ "type": "Feature", "properties": { "station_id": "SATNOGS:3480", "name": "AAAE-V", "network": "SatNOGS", "tier": "T2-open-registry", "operator": "spaceastur", "purpose": "VHF/UHF/S-band reception", "lat_deg": 43.52, "lon_deg": -5.66, "height_m": 4.0, "height_known": true, "source_key": "satnogs.stations.json", "evidence_url": "https://network.satnogs.org/stations/3480/", "status": "Offline", "min_horizon_deg": null, "country": "Spain", "country_iso3": "ESP", "coastal_rescue": false, "region_class": "Spain" }, "geometry": { "type": "Point", "coordinates": [ -5.66, 43.52 ] } },
{ "type": "Feature", "properties": { "station_id": "SATNOGS:3485", "name": "Santiago Blázquez", "network": "SatNOGS", "tier": "T2-open-registry", "operator": "santiago", "purpose": "VHF/UHF/S-band reception", "lat_deg": 43.328854, "lon_deg": -1.818542, "height_m": 30.0, "height_known": true, "source_key": "satnogs.stations.json", "evidence_url": "https://network.satnogs.org/stations/3485/", "status": "Offline", "min_horizon_deg": null, "country": "Spain", "country_iso3": "ESP", "coastal_rescue": false, "region_class": "Spain" }, "geometry": { "type": "Point", "coordinates": [ -1.818542, 43.328854 ] } },
{ "type": "Feature", "properties": { "station_id": "SATNOGS:3493", "name": "Alan Alves", "network": "SatNOGS", "tier": "T2-open-registry", "operator": "pu2uhd", "purpose": "VHF/UHF/S-band reception", "lat_deg": -23.4602, "lon_deg": -46.7021, "height_m": 830.0, "height_known": true, "source_key": "satnogs.stations.json", "evidence_url": "https://network.satnogs.org/stations/3493/", "status": "Offline", "min_horizon_deg": null, "country": "Brazil", "country_iso3": "BRA", "coastal_rescue": false, "region_class": "Latin America" }, "geometry": { "type": "Point", "coordinates": [ -46.7021, -23.4602 ] } },
{ "type": "Feature", "properties": { "station_id": "SATNOGS:3495", "name": "Hita-SGS-0", "network": "SatNOGS", "tier": "T2-open-registry", "operator": "ea4le", "purpose": "VHF/UHF/S-band reception", "lat_deg": 39.569, "lon_deg": -3.186, "height_m": 695.0, "height_known": true, "source_key": "satnogs.stations.json", "evidence_url": "https://network.satnogs.org/stations/3495/", "status": "Offline", "min_horizon_deg": null, "country": "Spain", "country_iso3": "ESP", "coastal_rescue": false, "region_class": "Spain" }, "geometry": { "type": "Point", "coordinates": [ -3.186, 39.569 ] } },
{ "type": "Feature", "properties": { "station_id": "SATNOGS:3502", "name": "EA3GKP Barcelona", "network": "SatNOGS", "tier": "T2-open-registry", "operator": "ea3gkp", "purpose": "VHF/UHF/S-band reception", "lat_deg": 41.378231, "lon_deg": 2.125512, "height_m": 72.0, "height_known": true, "source_key": "satnogs.stations.json", "evidence_url": "https://network.satnogs.org/stations/3502/", "status": "Online", "min_horizon_deg": null, "country": "Spain", "country_iso3": "ESP", "coastal_rescue": false, "region_class": "Spain" }, "geometry": { "type": "Point", "coordinates": [ 2.125512, 41.378231 ] } },
{ "type": "Feature", "properties": { "station_id": "SATNOGS:3504", "name": "EA2CQ", "network": "SatNOGS", "tier": "T2-open-registry", "operator": "ea2cq", "purpose": "VHF/UHF/S-band reception", "lat_deg": 42.847, "lon_deg": -2.673, "height_m": 550.0, "height_known": true, "source_key": "satnogs.stations.json", "evidence_url": "https://network.satnogs.org/stations/3504/", "status": "Offline", "min_horizon_deg": null, "country": "Spain", "country_iso3": "ESP", "coastal_rescue": false, "region_class": "Spain" }, "geometry": { "type": "Point", "coordinates": [ -2.673, 42.847 ] } },
{ "type": "Feature", "properties": { "station_id": "SATNOGS:3506", "name": "ANDRE DE OLIVEIRA", "network": "SatNOGS", "tier": "T2-open-registry", "operator": "oliveira", "purpose": "VHF/UHF/S-band reception", "lat_deg": -22.8958, "lon_deg": -43.2917, "height_m": 27.0, "height_known": true, "source_key": "satnogs.stations.json", "evidence_url": "https://network.satnogs.org/stations/3506/", "status": "Offline", "min_horizon_deg": null, "country": "Brazil", "country_iso3": "BRA", "coastal_rescue": false, "region_class": "Latin America" }, "geometry": { "type": "Point", "coordinates": [ -43.2917, -22.8958 ] } },
{ "type": "Feature", "properties": { "station_id": "SATNOGS:351", "name": "EA8CXN", "network": "SatNOGS", "tier": "T2-open-registry", "operator": "EA8CXN", "purpose": "VHF/UHF/S-band reception", "lat_deg": 28.4540928, "lon_deg": -16.4569088, "height_m": 420.0, "height_known": true, "source_key": "satnogs.stations.json", "evidence_url": "https://network.satnogs.org/stations/351/", "status": "Offline", "min_horizon_deg": null, "country": "Spain", "country_iso3": "ESP", "coastal_rescue": false, "region_class": "Spain" }, "geometry": { "type": "Point", "coordinates": [ -16.4569088, 28.4540928 ] } },
{ "type": "Feature", "properties": { "station_id": "SATNOGS:3516", "name": "José Jacobo Pacheco Lémus", "network": "SatNOGS", "tier": "T2-open-registry", "operator": "jacobo", "purpose": "VHF/UHF/S-band reception", "lat_deg": 14.56457, "lon_deg": -89.335789, "height_m": 930.0, "height_known": true, "source_key": "satnogs.stations.json", "evidence_url": "https://network.satnogs.org/stations/3516/", "status": "Offline", "min_horizon_deg": null, "country": "Guatemala", "country_iso3": "GTM", "coastal_rescue": false, "region_class": "Latin America" }, "geometry": { "type": "Point", "coordinates": [ -89.335789, 14.56457 ] } },
{ "type": "Feature", "properties": { "station_id": "SATNOGS:3520", "name": "Luis Enrique Velez Roman", "network": "SatNOGS", "tier": "T2-open-registry", "operator": "hj5lvr", "purpose": "VHF/UHF/S-band reception", "lat_deg": 4.084722, "lon_deg": -76.198611, "height_m": 900.0, "height_known": true, "source_key": "satnogs.stations.json", "evidence_url": "https://network.satnogs.org/stations/3520/", "status": "Offline", "min_horizon_deg": null, "country": "Colombia", "country_iso3": "COL", "coastal_rescue": false, "region_class": "Latin America" }, "geometry": { "type": "Point", "coordinates": [ -76.198611, 4.084722 ] } },
{ "type": "Feature", "properties": { "station_id": "SATNOGS:3522", "name": "EA7IQZ", "network": "SatNOGS", "tier": "T2-open-registry", "operator": "ea7iqz", "purpose": "VHF/UHF/S-band reception", "lat_deg": 36.7292, "lon_deg": -4.2916, "height_m": 20.0, "height_known": true, "source_key": "satnogs.stations.json", "evidence_url": "https://network.satnogs.org/stations/3522/", "status": "Offline", "min_horizon_deg": null, "country": "Spain", "country_iso3": "ESP", "coastal_rescue": false, "region_class": "Spain" }, "geometry": { "type": "Point", "coordinates": [ -4.2916, 36.7292 ] } },
{ "type": "Feature", "properties": { "station_id": "SATNOGS:3529", "name": "NPA-1", "network": "SatNOGS", "tier": "T2-open-registry", "operator": "antoniopereira", "purpose": "VHF/UHF/S-band reception", "lat_deg": -16.74, "lon_deg": -49.204, "height_m": 771.0, "height_known": true, "source_key": "satnogs.stations.json", "evidence_url": "https://network.satnogs.org/stations/3529/", "status": "Offline", "min_horizon_deg": null, "country": "Brazil", "country_iso3": "BRA", "coastal_rescue": false, "region_class": "Latin America" }, "geometry": { "type": "Point", "coordinates": [ -49.204, -16.74 ] } },
{ "type": "Feature", "properties": { "station_id": "SATNOGS:3530", "name": "PU2UHD", "network": "SatNOGS", "tier": "T2-open-registry", "operator": "pu2uhd", "purpose": "VHF/UHF/S-band reception", "lat_deg": -23.4602, "lon_deg": -46.7021, "height_m": 830.0, "height_known": true, "source_key": "satnogs.stations.json", "evidence_url": "https://network.satnogs.org/stations/3530/", "status": "Offline", "min_horizon_deg": null, "country": "Brazil", "country_iso3": "BRA", "coastal_rescue": false, "region_class": "Latin America" }, "geometry": { "type": "Point", "coordinates": [ -46.7021, -23.4602 ] } },
{ "type": "Feature", "properties": { "station_id": "SATNOGS:3535", "name": "LU5HDX", "network": "SatNOGS", "tier": "T2-open-registry", "operator": "lu5hdx", "purpose": "VHF/UHF/S-band reception", "lat_deg": -31.401106, "lon_deg": -64.195503, "height_m": 500.0, "height_known": true, "source_key": "satnogs.stations.json", "evidence_url": "https://network.satnogs.org/stations/3535/", "status": "Offline", "min_horizon_deg": null, "country": "Argentina", "country_iso3": "ARG", "coastal_rescue": false, "region_class": "Latin America" }, "geometry": { "type": "Point", "coordinates": [ -64.195503, -31.401106 ] } },
{ "type": "Feature", "properties": { "station_id": "SATNOGS:3538", "name": "PU4ELT", "network": "SatNOGS", "tier": "T2-open-registry", "operator": "pu4elt", "purpose": "VHF/UHF/S-band reception", "lat_deg": -19.861, "lon_deg": -44.619, "height_m": 800.0, "height_known": true, "source_key": "satnogs.stations.json", "evidence_url": "https://network.satnogs.org/stations/3538/", "status": "Online", "min_horizon_deg": null, "country": "Brazil", "country_iso3": "BRA", "coastal_rescue": false, "region_class": "Latin America" }, "geometry": { "type": "Point", "coordinates": [ -44.619, -19.861 ] } },
{ "type": "Feature", "properties": { "station_id": "SATNOGS:3546", "name": "Janksyn", "network": "SatNOGS", "tier": "T2-open-registry", "operator": "janksyn", "purpose": "VHF/UHF/S-band reception", "lat_deg": -23.30535, "lon_deg": -51.160895, "height_m": 10.0, "height_known": true, "source_key": "satnogs.stations.json", "evidence_url": "https://network.satnogs.org/stations/3546/", "status": "Offline", "min_horizon_deg": null, "country": "Brazil", "country_iso3": "BRA", "coastal_rescue": false, "region_class": "Latin America" }, "geometry": { "type": "Point", "coordinates": [ -51.160895, -23.30535 ] } },
{ "type": "Feature", "properties": { "station_id": "SATNOGS:3563", "name": "EA5i", "network": "SatNOGS", "tier": "T2-open-registry", "operator": "agustin", "purpose": "VHF/UHF/S-band reception", "lat_deg": 39.183, "lon_deg": -1.783, "height_m": 625.0, "height_known": true, "source_key": "satnogs.stations.json", "evidence_url": "https://network.satnogs.org/stations/3563/", "status": "Offline", "min_horizon_deg": null, "country": "Spain", "country_iso3": "ESP", "coastal_rescue": false, "region_class": "Spain" }, "geometry": { "type": "Point", "coordinates": [ -1.783, 39.183 ] } },
{ "type": "Feature", "properties": { "station_id": "SATNOGS:357", "name": "ce3vna", "network": "SatNOGS", "tier": "T2-open-registry", "operator": "ce3vna", "purpose": "VHF/UHF/S-band reception", "lat_deg": -33.2914, "lon_deg": -70.4922, "height_m": 400.0, "height_known": true, "source_key": "satnogs.stations.json", "evidence_url": "https://network.satnogs.org/stations/357/", "status": "Offline", "min_horizon_deg": null, "country": "Chile", "country_iso3": "CHL", "coastal_rescue": false, "region_class": "Latin America" }, "geometry": { "type": "Point", "coordinates": [ -70.4922, -33.2914 ] } },
{ "type": "Feature", "properties": { "station_id": "SATNOGS:3571", "name": "HJ6DIE", "network": "SatNOGS", "tier": "T2-open-registry", "operator": "thediex", "purpose": "VHF/UHF/S-band reception", "lat_deg": 4.836, "lon_deg": -75.674, "height_m": 3.0, "height_known": true, "source_key": "satnogs.stations.json", "evidence_url": "https://network.satnogs.org/stations/3571/", "status": "Offline", "min_horizon_deg": null, "country": "Colombia", "country_iso3": "COL", "coastal_rescue": false, "region_class": "Latin America" }, "geometry": { "type": "Point", "coordinates": [ -75.674, 4.836 ] } },
{ "type": "Feature", "properties": { "station_id": "SATNOGS:3577", "name": "EA5ILX", "network": "SatNOGS", "tier": "T2-open-registry", "operator": "ea5ilx", "purpose": "VHF/UHF/S-band reception", "lat_deg": 38.953, "lon_deg": -2.541, "height_m": 1070.0, "height_known": true, "source_key": "satnogs.stations.json", "evidence_url": "https://network.satnogs.org/stations/3577/", "status": "Offline", "min_horizon_deg": null, "country": "Spain", "country_iso3": "ESP", "coastal_rescue": false, "region_class": "Spain" }, "geometry": { "type": "Point", "coordinates": [ -2.541, 38.953 ] } },
{ "type": "Feature", "properties": { "station_id": "SATNOGS:3580", "name": "HK1J", "network": "SatNOGS", "tier": "T2-open-registry", "operator": "hk1j", "purpose": "VHF/UHF/S-band reception", "lat_deg": 10.39599, "lon_deg": -75.55703, "height_m": 4.0, "height_known": true, "source_key": "satnogs.stations.json", "evidence_url": "https://network.satnogs.org/stations/3580/", "status": "Offline", "min_horizon_deg": null, "country": "Colombia", "country_iso3": "COL", "coastal_rescue": true, "region_class": "Latin America" }, "geometry": { "type": "Point", "coordinates": [ -75.55703, 10.39599 ] } },
{ "type": "Feature", "properties": { "station_id": "SATNOGS:3583", "name": "Barcelona", "network": "SatNOGS", "tier": "T2-open-registry", "operator": "danisors", "purpose": "VHF/UHF/S-band reception", "lat_deg": 41.37894, "lon_deg": 2.153578, "height_m": 87.0, "height_known": true, "source_key": "satnogs.stations.json", "evidence_url": "https://network.satnogs.org/stations/3583/", "status": "Offline", "min_horizon_deg": null, "country": "Spain", "country_iso3": "ESP", "coastal_rescue": false, "region_class": "Spain" }, "geometry": { "type": "Point", "coordinates": [ 2.153578, 41.37894 ] } },
{ "type": "Feature", "properties": { "station_id": "SATNOGS:3585", "name": "neos", "network": "SatNOGS", "tier": "T2-open-registry", "operator": "neos", "purpose": "VHF/UHF/S-band reception", "lat_deg": -16.6274, "lon_deg": -49.3356, "height_m": 780.0, "height_known": true, "source_key": "satnogs.stations.json", "evidence_url": "https://network.satnogs.org/stations/3585/", "status": "Offline", "min_horizon_deg": null, "country": "Brazil", "country_iso3": "BRA", "coastal_rescue": false, "region_class": "Latin America" }, "geometry": { "type": "Point", "coordinates": [ -49.3356, -16.6274 ] } },
{ "type": "Feature", "properties": { "station_id": "SATNOGS:3590", "name": "EuroSpaceHub-UCM", "network": "SatNOGS", "tier": "T2-open-registry", "operator": "eurospacehubucm", "purpose": "VHF/UHF/S-band reception", "lat_deg": 39.569, "lon_deg": -3.186, "height_m": 668.0, "height_known": true, "source_key": "satnogs.stations.json", "evidence_url": "https://network.satnogs.org/stations/3590/", "status": "Online", "min_horizon_deg": null, "country": "Spain", "country_iso3": "ESP", "coastal_rescue": false, "region_class": "Spain" }, "geometry": { "type": "Point", "coordinates": [ -3.186, 39.569 ] } },
{ "type": "Feature", "properties": { "station_id": "SATNOGS:360", "name": "EA4BFK-SAT", "network": "SatNOGS", "tier": "T2-open-registry", "operator": "EA4BFK", "purpose": "VHF/UHF/S-band reception", "lat_deg": 40.517126, "lon_deg": -3.92045, "height_m": 695.0, "height_known": true, "source_key": "satnogs.stations.json", "evidence_url": "https://network.satnogs.org/stations/360/", "status": "Offline", "min_horizon_deg": null, "country": "Spain", "country_iso3": "ESP", "coastal_rescue": false, "region_class": "Spain" }, "geometry": { "type": "Point", "coordinates": [ -3.92045, 40.517126 ] } },
{ "type": "Feature", "properties": { "station_id": "SATNOGS:3609", "name": "PU2NZX", "network": "SatNOGS", "tier": "T2-open-registry", "operator": "silverhawks", "purpose": "VHF/UHF/S-band reception", "lat_deg": -23.550461489043034, "lon_deg": -46.303414599448729, "height_m": 749.0, "height_known": true, "source_key": "satnogs.stations.json", "evidence_url": "https://network.satnogs.org/stations/3609/", "status": "Offline", "min_horizon_deg": null, "country": "Brazil", "country_iso3": "BRA", "coastal_rescue": false, "region_class": "Latin America" }, "geometry": { "type": "Point", "coordinates": [ -46.303414599448729, -23.550461489043034 ] } },
{ "type": "Feature", "properties": { "station_id": "SATNOGS:3631", "name": "HI0SAT-1 VHF Experimental Station", "network": "SatNOGS", "tier": "T2-open-registry", "operator": "hi8d", "purpose": "VHF/UHF/S-band reception", "lat_deg": 18.4873448, "lon_deg": -69.9458082, "height_m": 10.0, "height_known": true, "source_key": "satnogs.stations.json", "evidence_url": "https://network.satnogs.org/stations/3631/", "status": "Offline", "min_horizon_deg": null, "country": "Dominican Republic", "country_iso3": "DOM", "coastal_rescue": false, "region_class": "Latin America" }, "geometry": { "type": "Point", "coordinates": [ -69.9458082, 18.4873448 ] } },
{ "type": "Feature", "properties": { "station_id": "SATNOGS:3641", "name": "HI0SAT-2 UHF Experimental Station", "network": "SatNOGS", "tier": "T2-open-registry", "operator": "hi8d", "purpose": "VHF/UHF/S-band reception", "lat_deg": 18.4873448, "lon_deg": -69.9458082, "height_m": 10.0, "height_known": true, "source_key": "satnogs.stations.json", "evidence_url": "https://network.satnogs.org/stations/3641/", "status": "Offline", "min_horizon_deg": null, "country": "Dominican Republic", "country_iso3": "DOM", "coastal_rescue": false, "region_class": "Latin America" }, "geometry": { "type": "Point", "coordinates": [ -69.9458082, 18.4873448 ] } },
{ "type": "Feature", "properties": { "station_id": "SATNOGS:3651", "name": "PU4RON", "network": "SatNOGS", "tier": "T2-open-registry", "operator": "pu4ron", "purpose": "VHF/UHF/S-band reception", "lat_deg": -15.8264449, "lon_deg": -43.314688, "height_m": 530.0, "height_known": true, "source_key": "satnogs.stations.json", "evidence_url": "https://network.satnogs.org/stations/3651/", "status": "Offline", "min_horizon_deg": null, "country": "Brazil", "country_iso3": "BRA", "coastal_rescue": false, "region_class": "Latin America" }, "geometry": { "type": "Point", "coordinates": [ -43.314688, -15.8264449 ] } },
{ "type": "Feature", "properties": { "station_id": "SATNOGS:3700", "name": "FAB24 - IDIT FabLab Puebla", "network": "SatNOGS", "tier": "T2-open-registry", "operator": "carlosperez", "purpose": "VHF/UHF/S-band reception", "lat_deg": 19.0716297, "lon_deg": -98.2340202, "height_m": 2135.0, "height_known": true, "source_key": "satnogs.stations.json", "evidence_url": "https://network.satnogs.org/stations/3700/", "status": "Offline", "min_horizon_deg": null, "country": "Mexico", "country_iso3": "MEX", "coastal_rescue": false, "region_class": "Latin America" }, "geometry": { "type": "Point", "coordinates": [ -98.2340202, 19.0716297 ] } },
{ "type": "Feature", "properties": { "station_id": "SATNOGS:372", "name": "ET UPB", "network": "SatNOGS", "tier": "T2-open-registry", "operator": "choco327", "purpose": "VHF/UHF/S-band reception", "lat_deg": -17.399306, "lon_deg": -66.21875, "height_m": 2555.0, "height_known": true, "source_key": "satnogs.stations.json", "evidence_url": "https://network.satnogs.org/stations/372/", "status": "Offline", "min_horizon_deg": null, "country": "Bolivia", "country_iso3": "BOL", "coastal_rescue": false, "region_class": "Latin America" }, "geometry": { "type": "Point", "coordinates": [ -66.21875, -17.399306 ] } },
{ "type": "Feature", "properties": { "station_id": "SATNOGS:3743", "name": "Ahmed Perez", "network": "SatNOGS", "tier": "T2-open-registry", "operator": "kd2zoe", "purpose": "VHF/UHF/S-band reception", "lat_deg": -2.377593, "lon_deg": -80.700033, "height_m": 0.0, "height_known": true, "source_key": "satnogs.stations.json", "evidence_url": "https://network.satnogs.org/stations/3743/", "status": "Offline", "min_horizon_deg": null, "country": "Ecuador", "country_iso3": "ECU", "coastal_rescue": false, "region_class": "Latin America" }, "geometry": { "type": "Point", "coordinates": [ -80.700033, -2.377593 ] } },
{ "type": "Feature", "properties": { "station_id": "SATNOGS:3761", "name": "XE3JCL", "network": "SatNOGS", "tier": "T2-open-registry", "operator": "xe3jcl", "purpose": "VHF/UHF/S-band reception", "lat_deg": 21.00589, "lon_deg": -89.562, "height_m": 0.0, "height_known": true, "source_key": "satnogs.stations.json", "evidence_url": "https://network.satnogs.org/stations/3761/", "status": "Offline", "min_horizon_deg": null, "country": "Mexico", "country_iso3": "MEX", "coastal_rescue": false, "region_class": "Latin America" }, "geometry": { "type": "Point", "coordinates": [ -89.562, 21.00589 ] } },
{ "type": "Feature", "properties": { "station_id": "SATNOGS:3795", "name": "IMT-NSEE", "network": "SatNOGS", "tier": "T2-open-registry", "operator": "fioruci", "purpose": "VHF/UHF/S-band reception", "lat_deg": -23.648713822779907, "lon_deg": -46.572080116999871, "height_m": 756.0, "height_known": true, "source_key": "satnogs.stations.json", "evidence_url": "https://network.satnogs.org/stations/3795/", "status": "Offline", "min_horizon_deg": null, "country": "Brazil", "country_iso3": "BRA", "coastal_rescue": false, "region_class": "Latin America" }, "geometry": { "type": "Point", "coordinates": [ -46.572080116999871, -23.648713822779907 ] } },
{ "type": "Feature", "properties": { "station_id": "SATNOGS:3796", "name": "Universidad Austral de Chile - station test", "network": "SatNOGS", "tier": "T2-open-registry", "operator": "peterblack", "purpose": "VHF/UHF/S-band reception", "lat_deg": -39.832, "lon_deg": -73.245, "height_m": 20.0, "height_known": true, "source_key": "satnogs.stations.json", "evidence_url": "https://network.satnogs.org/stations/3796/", "status": "Offline", "min_horizon_deg": null, "country": "Chile", "country_iso3": "CHL", "coastal_rescue": false, "region_class": "Latin America" }, "geometry": { "type": "Point", "coordinates": [ -73.245, -39.832 ] } },
{ "type": "Feature", "properties": { "station_id": "SATNOGS:3819", "name": "EA1FWI-UHF", "network": "SatNOGS", "tier": "T2-open-registry", "operator": "ea1fwi", "purpose": "VHF/UHF/S-band reception", "lat_deg": 42.6098, "lon_deg": -5.582, "height_m": 800.0, "height_known": true, "source_key": "satnogs.stations.json", "evidence_url": "https://network.satnogs.org/stations/3819/", "status": "Testing", "min_horizon_deg": null, "country": "Spain", "country_iso3": "ESP", "coastal_rescue": false, "region_class": "Spain" }, "geometry": { "type": "Point", "coordinates": [ -5.582, 42.6098 ] } },
{ "type": "Feature", "properties": { "station_id": "SATNOGS:382", "name": "Austral-CL", "network": "SatNOGS", "tier": "T2-open-registry", "operator": "mfrias", "purpose": "VHF/UHF/S-band reception", "lat_deg": -41.535856, "lon_deg": -73.049121, "height_m": 25.0, "height_known": true, "source_key": "satnogs.stations.json", "evidence_url": "https://network.satnogs.org/stations/382/", "status": "Offline", "min_horizon_deg": null, "country": "Chile", "country_iso3": "CHL", "coastal_rescue": false, "region_class": "Latin America" }, "geometry": { "type": "Point", "coordinates": [ -73.049121, -41.535856 ] } },
{ "type": "Feature", "properties": { "station_id": "SATNOGS:3821", "name": "Observatorio Espacial Ciudadano - LABNL MTY", "network": "SatNOGS", "tier": "T2-open-registry", "operator": "observatoriomty", "purpose": "VHF/UHF/S-band reception", "lat_deg": 25.673570232964533, "lon_deg": -100.30895986191263, "height_m": 552.0, "height_known": true, "source_key": "satnogs.stations.json", "evidence_url": "https://network.satnogs.org/stations/3821/", "status": "Offline", "min_horizon_deg": null, "country": "Mexico", "country_iso3": "MEX", "coastal_rescue": false, "region_class": "Latin America" }, "geometry": { "type": "Point", "coordinates": [ -100.308959861912626, 25.673570232964533 ] } },
{ "type": "Feature", "properties": { "station_id": "SATNOGS:3825", "name": "NPA-UFG", "network": "SatNOGS", "tier": "T2-open-registry", "operator": "npaufg", "purpose": "VHF/UHF/S-band reception", "lat_deg": -16.6779498, "lon_deg": -49.241591, "height_m": 720.0, "height_known": true, "source_key": "satnogs.stations.json", "evidence_url": "https://network.satnogs.org/stations/3825/", "status": "Offline", "min_horizon_deg": null, "country": "Brazil", "country_iso3": "BRA", "coastal_rescue": false, "region_class": "Latin America" }, "geometry": { "type": "Point", "coordinates": [ -49.241591, -16.6779498 ] } },
{ "type": "Feature", "properties": { "station_id": "SATNOGS:3829", "name": "UPrueba", "network": "SatNOGS", "tier": "T2-open-registry", "operator": "andr3xa", "purpose": "VHF/UHF/S-band reception", "lat_deg": 4.661113, "lon_deg": -74.059681, "height_m": 2566.0, "height_known": true, "source_key": "satnogs.stations.json", "evidence_url": "https://network.satnogs.org/stations/3829/", "status": "Offline", "min_horizon_deg": null, "country": "Colombia", "country_iso3": "COL", "coastal_rescue": false, "region_class": "Latin America" }, "geometry": { "type": "Point", "coordinates": [ -74.059681, 4.661113 ] } },
{ "type": "Feature", "properties": { "station_id": "SATNOGS:3830", "name": "UNSAM GSN - Miguelete", "network": "SatNOGS", "tier": "T2-open-registry", "operator": "lu2diu", "purpose": "VHF/UHF/S-band reception", "lat_deg": -34.581, "lon_deg": -58.523, "height_m": 15.0, "height_known": true, "source_key": "satnogs.stations.json", "evidence_url": "https://network.satnogs.org/stations/3830/", "status": "Offline", "min_horizon_deg": null, "country": "Argentina", "country_iso3": "ARG", "coastal_rescue": false, "region_class": "Latin America" }, "geometry": { "type": "Point", "coordinates": [ -58.523, -34.581 ] } },
{ "type": "Feature", "properties": { "station_id": "SATNOGS:3834", "name": "Olivos Ground Station - LU9DNA", "network": "SatNOGS", "tier": "T2-open-registry", "operator": "daranda", "purpose": "VHF/UHF/S-band reception", "lat_deg": -34.514382, "lon_deg": -58.476152, "height_m": 45.0, "height_known": true, "source_key": "satnogs.stations.json", "evidence_url": "https://network.satnogs.org/stations/3834/", "status": "Offline", "min_horizon_deg": null, "country": "Argentina", "country_iso3": "ARG", "coastal_rescue": false, "region_class": "Latin America" }, "geometry": { "type": "Point", "coordinates": [ -58.476152, -34.514382 ] } },
{ "type": "Feature", "properties": { "station_id": "SATNOGS:3836", "name": "QO-100 and Low orbit Statuon", "network": "SatNOGS", "tier": "T2-open-registry", "operator": "jabieraru", "purpose": "VHF/UHF/S-band reception", "lat_deg": 43.1, "lon_deg": -2.38, "height_m": 130.0, "height_known": true, "source_key": "satnogs.stations.json", "evidence_url": "https://network.satnogs.org/stations/3836/", "status": "Offline", "min_horizon_deg": null, "country": "Spain", "country_iso3": "ESP", "coastal_rescue": false, "region_class": "Spain" }, "geometry": { "type": "Point", "coordinates": [ -2.38, 43.1 ] } },
{ "type": "Feature", "properties": { "station_id": "SATNOGS:3841", "name": "EA7LKM Granada", "network": "SatNOGS", "tier": "T2-open-registry", "operator": "jarporto", "purpose": "VHF/UHF/S-band reception", "lat_deg": 37.2, "lon_deg": -3.7, "height_m": 640.0, "height_known": true, "source_key": "satnogs.stations.json", "evidence_url": "https://network.satnogs.org/stations/3841/", "status": "Offline", "min_horizon_deg": null, "country": "Spain", "country_iso3": "ESP", "coastal_rescue": false, "region_class": "Spain" }, "geometry": { "type": "Point", "coordinates": [ -3.7, 37.2 ] } },
{ "type": "Feature", "properties": { "station_id": "SATNOGS:3847", "name": "LW1EAA", "network": "SatNOGS", "tier": "T2-open-registry", "operator": "gs_facing", "purpose": "VHF/UHF/S-band reception", "lat_deg": -34.9072, "lon_deg": -57.945, "height_m": 30.0, "height_known": true, "source_key": "satnogs.stations.json", "evidence_url": "https://network.satnogs.org/stations/3847/", "status": "Offline", "min_horizon_deg": null, "country": "Argentina", "country_iso3": "ARG", "coastal_rescue": false, "region_class": "Latin America" }, "geometry": { "type": "Point", "coordinates": [ -57.945, -34.9072 ] } },
{ "type": "Feature", "properties": { "station_id": "SATNOGS:3871", "name": "MalvaRosa", "network": "SatNOGS", "tier": "T2-open-registry", "operator": "joanpao", "purpose": "VHF/UHF/S-band reception", "lat_deg": 39.48242, "lon_deg": -0.332931, "height_m": 15.0, "height_known": true, "source_key": "satnogs.stations.json", "evidence_url": "https://network.satnogs.org/stations/3871/", "status": "Offline", "min_horizon_deg": null, "country": "Spain", "country_iso3": "ESP", "coastal_rescue": false, "region_class": "Spain" }, "geometry": { "type": "Point", "coordinates": [ -0.332931, 39.48242 ] } },
{ "type": "Feature", "properties": { "station_id": "SATNOGS:388", "name": "INPE (Brasil - Natal/RN)", "network": "SatNOGS", "tier": "T2-open-registry", "operator": "ricardosousa", "purpose": "VHF/UHF/S-band reception", "lat_deg": -5.836134, "lon_deg": -35.2076041, "height_m": 55.0, "height_known": true, "source_key": "satnogs.stations.json", "evidence_url": "https://network.satnogs.org/stations/388/", "status": "Offline", "min_horizon_deg": null, "country": "Brazil", "country_iso3": "BRA", "coastal_rescue": false, "region_class": "Latin America" }, "geometry": { "type": "Point", "coordinates": [ -35.2076041, -5.836134 ] } },
{ "type": "Feature", "properties": { "station_id": "SATNOGS:3882", "name": "Instituto Argentino de radioastronomia-IAR", "network": "SatNOGS", "tier": "T2-open-registry", "operator": "iar-pet", "purpose": "VHF/UHF/S-band reception", "lat_deg": -34.866746881147705, "lon_deg": -58.13966634529433, "height_m": 28.0, "height_known": true, "source_key": "satnogs.stations.json", "evidence_url": "https://network.satnogs.org/stations/3882/", "status": "Offline", "min_horizon_deg": null, "country": "Argentina", "country_iso3": "ARG", "coastal_rescue": false, "region_class": "Latin America" }, "geometry": { "type": "Point", "coordinates": [ -58.13966634529433, -34.866746881147705 ] } },
{ "type": "Feature", "properties": { "station_id": "SATNOGS:389", "name": "IFSC", "network": "SatNOGS", "tier": "T2-open-registry", "operator": "ramon.mayor", "purpose": "VHF/UHF/S-band reception", "lat_deg": -27.608, "lon_deg": -48.633, "height_m": 47.0, "height_known": true, "source_key": "satnogs.stations.json", "evidence_url": "https://network.satnogs.org/stations/389/", "status": "Offline", "min_horizon_deg": null, "country": "Brazil", "country_iso3": "BRA", "coastal_rescue": true, "region_class": "Latin America" }, "geometry": { "type": "Point", "coordinates": [ -48.633, -27.608 ] } },
{ "type": "Feature", "properties": { "station_id": "SATNOGS:390", "name": "The_Hot_Spot", "network": "SatNOGS", "tier": "T2-open-registry", "operator": "proyecto.ets.uy", "purpose": "VHF/UHF/S-band reception", "lat_deg": -34.918, "lon_deg": -56.166, "height_m": 52.0, "height_known": true, "source_key": "satnogs.stations.json", "evidence_url": "https://network.satnogs.org/stations/390/", "status": "Offline", "min_horizon_deg": null, "country": "Uruguay", "country_iso3": "URY", "coastal_rescue": true, "region_class": "Latin America" }, "geometry": { "type": "Point", "coordinates": [ -56.166, -34.918 ] } },
{ "type": "Feature", "properties": { "station_id": "SATNOGS:3905", "name": "LW1EXU-GroundStation", "network": "SatNOGS", "tier": "T2-open-registry", "operator": "lw1exu", "purpose": "VHF/UHF/S-band reception", "lat_deg": -34.994505, "lon_deg": -57.851675, "height_m": 20.0, "height_known": true, "source_key": "satnogs.stations.json", "evidence_url": "https://network.satnogs.org/stations/3905/", "status": "Online", "min_horizon_deg": null, "country": "Argentina", "country_iso3": "ARG", "coastal_rescue": false, "region_class": "Latin America" }, "geometry": { "type": "Point", "coordinates": [ -57.851675, -34.994505 ] } },
{ "type": "Feature", "properties": { "station_id": "SATNOGS:3912", "name": "Astromiño - Core", "network": "SatNOGS", "tier": "T2-open-registry", "operator": "varo", "purpose": "VHF/UHF/S-band reception", "lat_deg": 42.134932, "lon_deg": -8.471386, "height_m": 0.0, "height_known": true, "source_key": "satnogs.stations.json", "evidence_url": "https://network.satnogs.org/stations/3912/", "status": "Offline", "min_horizon_deg": null, "country": "Spain", "country_iso3": "ESP", "coastal_rescue": false, "region_class": "Spain" }, "geometry": { "type": "Point", "coordinates": [ -8.471386, 42.134932 ] } },
{ "type": "Feature", "properties": { "station_id": "SATNOGS:3923", "name": "JAVIER GOMEZ", "network": "SatNOGS", "tier": "T2-open-registry", "operator": "ea7kgo", "purpose": "VHF/UHF/S-band reception", "lat_deg": 37.4086918, "lon_deg": -5.9836373, "height_m": 230.0, "height_known": true, "source_key": "satnogs.stations.json", "evidence_url": "https://network.satnogs.org/stations/3923/", "status": "Offline", "min_horizon_deg": null, "country": "Spain", "country_iso3": "ESP", "coastal_rescue": false, "region_class": "Spain" }, "geometry": { "type": "Point", "coordinates": [ -5.9836373, 37.4086918 ] } },
{ "type": "Feature", "properties": { "station_id": "SATNOGS:3929", "name": "Facultad de Ingeniería 1 y 47 - UNLP", "network": "SatNOGS", "tier": "T2-open-registry", "operator": "terrena47", "purpose": "VHF/UHF/S-band reception", "lat_deg": -34.9072, "lon_deg": -57.945, "height_m": 30.0, "height_known": true, "source_key": "satnogs.stations.json", "evidence_url": "https://network.satnogs.org/stations/3929/", "status": "Online", "min_horizon_deg": null, "country": "Argentina", "country_iso3": "ARG", "coastal_rescue": false, "region_class": "Latin America" }, "geometry": { "type": "Point", "coordinates": [ -57.945, -34.9072 ] } },
{ "type": "Feature", "properties": { "station_id": "SATNOGS:3932", "name": "EA4HXE", "network": "SatNOGS", "tier": "T2-open-registry", "operator": "ea4hxe", "purpose": "VHF/UHF/S-band reception", "lat_deg": 40.45535, "lon_deg": -3.46973, "height_m": 568.0, "height_known": true, "source_key": "satnogs.stations.json", "evidence_url": "https://network.satnogs.org/stations/3932/", "status": "Offline", "min_horizon_deg": null, "country": "Spain", "country_iso3": "ESP", "coastal_rescue": false, "region_class": "Spain" }, "geometry": { "type": "Point", "coordinates": [ -3.46973, 40.45535 ] } },
{ "type": "Feature", "properties": { "station_id": "SATNOGS:3938", "name": "EA6AMR", "network": "SatNOGS", "tier": "T2-open-registry", "operator": "ea6amr", "purpose": "VHF/UHF/S-band reception", "lat_deg": 39.525062, "lon_deg": 2.498995, "height_m": 50.0, "height_known": true, "source_key": "satnogs.stations.json", "evidence_url": "https://network.satnogs.org/stations/3938/", "status": "Offline", "min_horizon_deg": null, "country": "Spain", "country_iso3": "ESP", "coastal_rescue": false, "region_class": "Spain" }, "geometry": { "type": "Point", "coordinates": [ 2.498995, 39.525062 ] } },
{ "type": "Feature", "properties": { "station_id": "SATNOGS:3948", "name": "GS-ATRG-INOU-400-470Mhz", "network": "SatNOGS", "tier": "T2-open-registry", "operator": "atrg", "purpose": "VHF/UHF/S-band reception", "lat_deg": 42.344, "lon_deg": -7.851, "height_m": 150.0, "height_known": true, "source_key": "satnogs.stations.json", "evidence_url": "https://network.satnogs.org/stations/3948/", "status": "Offline", "min_horizon_deg": null, "country": "Spain", "country_iso3": "ESP", "coastal_rescue": false, "region_class": "Spain" }, "geometry": { "type": "Point", "coordinates": [ -7.851, 42.344 ] } },
{ "type": "Feature", "properties": { "station_id": "SATNOGS:3954", "name": "oa4dex", "network": "SatNOGS", "tier": "T2-open-registry", "operator": "oa4dex", "purpose": "VHF/UHF/S-band reception", "lat_deg": -11.5345, "lon_deg": -77.023, "height_m": 240.0, "height_known": true, "source_key": "satnogs.stations.json", "evidence_url": "https://network.satnogs.org/stations/3954/", "status": "Offline", "min_horizon_deg": null, "country": "Peru", "country_iso3": "PER", "coastal_rescue": false, "region_class": "Latin America" }, "geometry": { "type": "Point", "coordinates": [ -77.023, -11.5345 ] } },
{ "type": "Feature", "properties": { "station_id": "SATNOGS:3964", "name": "EA2NN", "network": "SatNOGS", "tier": "T2-open-registry", "operator": "ea2nn", "purpose": "VHF/UHF/S-band reception", "lat_deg": 39.9672538, "lon_deg": -6.6632405, "height_m": 245.0, "height_known": true, "source_key": "satnogs.stations.json", "evidence_url": "https://network.satnogs.org/stations/3964/", "status": "Offline", "min_horizon_deg": null, "country": "Spain", "country_iso3": "ESP", "coastal_rescue": false, "region_class": "Spain" }, "geometry": { "type": "Point", "coordinates": [ -6.6632405, 39.9672538 ] } },
{ "type": "Feature", "properties": { "station_id": "SATNOGS:3972", "name": "EA1FWG", "network": "SatNOGS", "tier": "T2-open-registry", "operator": "ea1fwg", "purpose": "VHF/UHF/S-band reception", "lat_deg": 43.5375841, "lon_deg": -5.6469897, "height_m": 25.0, "height_known": true, "source_key": "satnogs.stations.json", "evidence_url": "https://network.satnogs.org/stations/3972/", "status": "Offline", "min_horizon_deg": null, "country": "Spain", "country_iso3": "ESP", "coastal_rescue": false, "region_class": "Spain" }, "geometry": { "type": "Point", "coordinates": [ -5.6469897, 43.5375841 ] } },
{ "type": "Feature", "properties": { "station_id": "SATNOGS:398", "name": "Bolivia", "network": "SatNOGS", "tier": "T2-open-registry", "operator": "monillo", "purpose": "VHF/UHF/S-band reception", "lat_deg": -17.4, "lon_deg": -63.3, "height_m": 420.0, "height_known": true, "source_key": "satnogs.stations.json", "evidence_url": "https://network.satnogs.org/stations/398/", "status": "Offline", "min_horizon_deg": null, "country": "Bolivia", "country_iso3": "BOL", "coastal_rescue": false, "region_class": "Latin America" }, "geometry": { "type": "Point", "coordinates": [ -63.3, -17.4 ] } },
{ "type": "Feature", "properties": { "station_id": "SATNOGS:3984", "name": "Universidad UTE", "network": "SatNOGS", "tier": "T2-open-registry", "operator": "ffreire", "purpose": "VHF/UHF/S-band reception", "lat_deg": -1.0351900161431469, "lon_deg": -80.662613118141593, "height_m": 140.0, "height_known": true, "source_key": "satnogs.stations.json", "evidence_url": "https://network.satnogs.org/stations/3984/", "status": "Testing", "min_horizon_deg": null, "country": "Ecuador", "country_iso3": "ECU", "coastal_rescue": false, "region_class": "Latin America" }, "geometry": { "type": "Point", "coordinates": [ -80.662613118141593, -1.035190016143147 ] } },
{ "type": "Feature", "properties": { "station_id": "SATNOGS:3995", "name": "oa4dex", "network": "SatNOGS", "tier": "T2-open-registry", "operator": "oa4dex", "purpose": "VHF/UHF/S-band reception", "lat_deg": -11.88747, "lon_deg": -77.0222, "height_m": 240.0, "height_known": true, "source_key": "satnogs.stations.json", "evidence_url": "https://network.satnogs.org/stations/3995/", "status": "Offline", "min_horizon_deg": null, "country": "Peru", "country_iso3": "PER", "coastal_rescue": false, "region_class": "Latin America" }, "geometry": { "type": "Point", "coordinates": [ -77.0222, -11.88747 ] } },
{ "type": "Feature", "properties": { "station_id": "SATNOGS:400", "name": "Alguer", "network": "SatNOGS", "tier": "T2-open-registry", "operator": "f4bug", "purpose": "VHF/UHF/S-band reception", "lat_deg": 41.4211, "lon_deg": 2.1541, "height_m": 192.0, "height_known": true, "source_key": "satnogs.stations.json", "evidence_url": "https://network.satnogs.org/stations/400/", "status": "Offline", "min_horizon_deg": null, "country": "Spain", "country_iso3": "ESP", "coastal_rescue": false, "region_class": "Spain" }, "geometry": { "type": "Point", "coordinates": [ 2.1541, 41.4211 ] } },
{ "type": "Feature", "properties": { "station_id": "SATNOGS:4002", "name": "Limonero", "network": "SatNOGS", "tier": "T2-open-registry", "operator": "wargrave", "purpose": "VHF/UHF/S-band reception", "lat_deg": 39.466667, "lon_deg": -0.375, "height_m": 10.0, "height_known": true, "source_key": "satnogs.stations.json", "evidence_url": "https://network.satnogs.org/stations/4002/", "status": "Offline", "min_horizon_deg": null, "country": "Spain", "country_iso3": "ESP", "coastal_rescue": false, "region_class": "Spain" }, "geometry": { "type": "Point", "coordinates": [ -0.375, 39.466667 ] } },
{ "type": "Feature", "properties": { "station_id": "SATNOGS:4014", "name": "Ricardo Lucas", "network": "SatNOGS", "tier": "T2-open-registry", "operator": "pu5tig", "purpose": "VHF/UHF/S-band reception", "lat_deg": -24.180814, "lon_deg": -53.015251, "height_m": 498.0, "height_known": true, "source_key": "satnogs.stations.json", "evidence_url": "https://network.satnogs.org/stations/4014/", "status": "Offline", "min_horizon_deg": null, "country": "Brazil", "country_iso3": "BRA", "coastal_rescue": false, "region_class": "Latin America" }, "geometry": { "type": "Point", "coordinates": [ -53.015251, -24.180814 ] } },
{ "type": "Feature", "properties": { "station_id": "SATNOGS:4091", "name": "lu4ba", "network": "SatNOGS", "tier": "T2-open-registry", "operator": "lu4ba", "purpose": "VHF/UHF/S-band reception", "lat_deg": -34.50852, "lon_deg": -58.51026, "height_m": 10.0, "height_known": true, "source_key": "satnogs.stations.json", "evidence_url": "https://network.satnogs.org/stations/4091/", "status": "Offline", "min_horizon_deg": null, "country": "Argentina", "country_iso3": "ARG", "coastal_rescue": false, "region_class": "Latin America" }, "geometry": { "type": "Point", "coordinates": [ -58.51026, -34.50852 ] } },
{ "type": "Feature", "properties": { "station_id": "SATNOGS:4121", "name": "Lima Node", "network": "SatNOGS", "tier": "T2-open-registry", "operator": "joelibaceta", "purpose": "VHF/UHF/S-band reception", "lat_deg": -11.9486824, "lon_deg": -76.9794288, "height_m": 360.0, "height_known": true, "source_key": "satnogs.stations.json", "evidence_url": "https://network.satnogs.org/stations/4121/", "status": "Offline", "min_horizon_deg": null, "country": "Peru", "country_iso3": "PER", "coastal_rescue": false, "region_class": "Latin America" }, "geometry": { "type": "Point", "coordinates": [ -76.9794288, -11.9486824 ] } },
{ "type": "Feature", "properties": { "station_id": "SATNOGS:4123", "name": "Groundstation ST", "network": "SatNOGS", "tier": "T2-open-registry", "operator": "danik122", "purpose": "VHF/UHF/S-band reception", "lat_deg": 39.864101, "lon_deg": -4.3496, "height_m": 494.0, "height_known": true, "source_key": "satnogs.stations.json", "evidence_url": "https://network.satnogs.org/stations/4123/", "status": "Offline", "min_horizon_deg": null, "country": "Spain", "country_iso3": "ESP", "coastal_rescue": false, "region_class": "Spain" }, "geometry": { "type": "Point", "coordinates": [ -4.3496, 39.864101 ] } },
{ "type": "Feature", "properties": { "station_id": "SATNOGS:4140", "name": "Málaga", "network": "SatNOGS", "tier": "T2-open-registry", "operator": "frasco", "purpose": "VHF/UHF/S-band reception", "lat_deg": 36.72016, "lon_deg": -4.42034, "height_m": 15.0, "height_known": true, "source_key": "satnogs.stations.json", "evidence_url": "https://network.satnogs.org/stations/4140/", "status": "Offline", "min_horizon_deg": null, "country": "Spain", "country_iso3": "ESP", "coastal_rescue": false, "region_class": "Spain" }, "geometry": { "type": "Point", "coordinates": [ -4.42034, 36.72016 ] } },
{ "type": "Feature", "properties": { "station_id": "SATNOGS:4154", "name": "Rasperry USA", "network": "SatNOGS", "tier": "T2-open-registry", "operator": "gothres", "purpose": "VHF/UHF/S-band reception", "lat_deg": 4.661177, "lon_deg": -74.059729, "height_m": 2563.0, "height_known": true, "source_key": "satnogs.stations.json", "evidence_url": "https://network.satnogs.org/stations/4154/", "status": "Offline", "min_horizon_deg": null, "country": "Colombia", "country_iso3": "COL", "coastal_rescue": false, "region_class": "Latin America" }, "geometry": { "type": "Point", "coordinates": [ -74.059729, 4.661177 ] } },
{ "type": "Feature", "properties": { "station_id": "SATNOGS:4169", "name": "Estación USA - Gabriel Montiel", "network": "SatNOGS", "tier": "T2-open-registry", "operator": "gabomon", "purpose": "VHF/UHF/S-band reception", "lat_deg": 4.6584, "lon_deg": -74.059, "height_m": 2640.0, "height_known": true, "source_key": "satnogs.stations.json", "evidence_url": "https://network.satnogs.org/stations/4169/", "status": "Offline", "min_horizon_deg": null, "country": "Colombia", "country_iso3": "COL", "coastal_rescue": false, "region_class": "Latin America" }, "geometry": { "type": "Point", "coordinates": [ -74.059, 4.6584 ] } },
{ "type": "Feature", "properties": { "station_id": "SATNOGS:4186", "name": "IAR-GS", "network": "SatNOGS", "tier": "T2-open-registry", "operator": "guillermo", "purpose": "VHF/UHF/S-band reception", "lat_deg": -34.8663, "lon_deg": -58.139, "height_m": 10.0, "height_known": true, "source_key": "satnogs.stations.json", "evidence_url": "https://network.satnogs.org/stations/4186/", "status": "Online", "min_horizon_deg": null, "country": "Argentina", "country_iso3": "ARG", "coastal_rescue": false, "region_class": "Latin America" }, "geometry": { "type": "Point", "coordinates": [ -58.139, -34.8663 ] } },
{ "type": "Feature", "properties": { "station_id": "SATNOGS:4190", "name": "EA3GIZ", "network": "SatNOGS", "tier": "T2-open-registry", "operator": "rsort1", "purpose": "VHF/UHF/S-band reception", "lat_deg": 41.8542, "lon_deg": 1.7917, "height_m": 330.0, "height_known": true, "source_key": "satnogs.stations.json", "evidence_url": "https://network.satnogs.org/stations/4190/", "status": "Offline", "min_horizon_deg": null, "country": "Spain", "country_iso3": "ESP", "coastal_rescue": false, "region_class": "Spain" }, "geometry": { "type": "Point", "coordinates": [ 1.7917, 41.8542 ] } },
{ "type": "Feature", "properties": { "station_id": "SATNOGS:4193", "name": "EA3IEG", "network": "SatNOGS", "tier": "T2-open-registry", "operator": "ea3ieg", "purpose": "VHF/UHF/S-band reception", "lat_deg": 41.382261, "lon_deg": 2.068992, "height_m": 92.0, "height_known": true, "source_key": "satnogs.stations.json", "evidence_url": "https://network.satnogs.org/stations/4193/", "status": "Offline", "min_horizon_deg": null, "country": "Spain", "country_iso3": "ESP", "coastal_rescue": false, "region_class": "Spain" }, "geometry": { "type": "Point", "coordinates": [ 2.068992, 41.382261 ] } },
{ "type": "Feature", "properties": { "station_id": "SATNOGS:4217", "name": "EB1GER", "network": "SatNOGS", "tier": "T2-open-registry", "operator": "eb1ger", "purpose": "VHF/UHF/S-band reception", "lat_deg": 42.39, "lon_deg": -8.7, "height_m": 25.0, "height_known": true, "source_key": "satnogs.stations.json", "evidence_url": "https://network.satnogs.org/stations/4217/", "status": "Offline", "min_horizon_deg": null, "country": "Spain", "country_iso3": "ESP", "coastal_rescue": false, "region_class": "Spain" }, "geometry": { "type": "Point", "coordinates": [ -8.7, 42.39 ] } },
{ "type": "Feature", "properties": { "station_id": "SATNOGS:4230", "name": "PP2LA", "network": "SatNOGS", "tier": "T2-open-registry", "operator": "lualcorreia", "purpose": "VHF/UHF/S-band reception", "lat_deg": -16.004, "lon_deg": -48.054, "height_m": 1100.0, "height_known": true, "source_key": "satnogs.stations.json", "evidence_url": "https://network.satnogs.org/stations/4230/", "status": "Offline", "min_horizon_deg": null, "country": "Brazil", "country_iso3": "BRA", "coastal_rescue": false, "region_class": "Latin America" }, "geometry": { "type": "Point", "coordinates": [ -48.054, -16.004 ] } },
{ "type": "Feature", "properties": { "station_id": "SATNOGS:4237", "name": "Carlos", "network": "SatNOGS", "tier": "T2-open-registry", "operator": "py4xx", "purpose": "VHF/UHF/S-band reception", "lat_deg": -21.44, "lon_deg": -43.22, "height_m": 800.0, "height_known": true, "source_key": "satnogs.stations.json", "evidence_url": "https://network.satnogs.org/stations/4237/", "status": "Offline", "min_horizon_deg": null, "country": "Brazil", "country_iso3": "BRA", "coastal_rescue": false, "region_class": "Latin America" }, "geometry": { "type": "Point", "coordinates": [ -43.22, -21.44 ] } },
{ "type": "Feature", "properties": { "station_id": "SATNOGS:4247", "name": "Miguel Alejandro Cortez", "network": "SatNOGS", "tier": "T2-open-registry", "operator": "miche", "purpose": "VHF/UHF/S-band reception", "lat_deg": -24.792748902486121, "lon_deg": -65.429244071830851, "height_m": 1200.0, "height_known": true, "source_key": "satnogs.stations.json", "evidence_url": "https://network.satnogs.org/stations/4247/", "status": "Offline", "min_horizon_deg": null, "country": "Argentina", "country_iso3": "ARG", "coastal_rescue": false, "region_class": "Latin America" }, "geometry": { "type": "Point", "coordinates": [ -65.429244071830851, -24.792748902486121 ] } },
{ "type": "Feature", "properties": { "station_id": "SATNOGS:4275", "name": "Paul", "network": "SatNOGS", "tier": "T2-open-registry", "operator": "ea7hpb", "purpose": "VHF/UHF/S-band reception", "lat_deg": 38.24943, "lon_deg": -6.30288, "height_m": 610.0, "height_known": true, "source_key": "satnogs.stations.json", "evidence_url": "https://network.satnogs.org/stations/4275/", "status": "Offline", "min_horizon_deg": null, "country": "Spain", "country_iso3": "ESP", "coastal_rescue": false, "region_class": "Spain" }, "geometry": { "type": "Point", "coordinates": [ -6.30288, 38.24943 ] } },
{ "type": "Feature", "properties": { "station_id": "SATNOGS:4276", "name": "LU4FQ", "network": "SatNOGS", "tier": "T2-open-registry", "operator": "richsat", "purpose": "VHF/UHF/S-band reception", "lat_deg": -32.91, "lon_deg": -60.68, "height_m": 18.0, "height_known": true, "source_key": "satnogs.stations.json", "evidence_url": "https://network.satnogs.org/stations/4276/", "status": "Offline", "min_horizon_deg": null, "country": "Argentina", "country_iso3": "ARG", "coastal_rescue": false, "region_class": "Latin America" }, "geometry": { "type": "Point", "coordinates": [ -60.68, -32.91 ] } },
{ "type": "Feature", "properties": { "station_id": "SATNOGS:4287", "name": "PU4FAR", "network": "SatNOGS", "tier": "T2-open-registry", "operator": "pu4far", "purpose": "VHF/UHF/S-band reception", "lat_deg": -16.68454, "lon_deg": -43.80599, "height_m": 660.0, "height_known": true, "source_key": "satnogs.stations.json", "evidence_url": "https://network.satnogs.org/stations/4287/", "status": "Offline", "min_horizon_deg": null, "country": "Brazil", "country_iso3": "BRA", "coastal_rescue": false, "region_class": "Latin America" }, "geometry": { "type": "Point", "coordinates": [ -43.80599, -16.68454 ] } },
{ "type": "Feature", "properties": { "station_id": "SATNOGS:4298", "name": "qstation", "network": "SatNOGS", "tier": "T2-open-registry", "operator": "danielqb", "purpose": "VHF/UHF/S-band reception", "lat_deg": 4.891163, "lon_deg": -74.053792, "height_m": 2564.0, "height_known": true, "source_key": "satnogs.stations.json", "evidence_url": "https://network.satnogs.org/stations/4298/", "status": "Offline", "min_horizon_deg": null, "country": "Colombia", "country_iso3": "COL", "coastal_rescue": false, "region_class": "Latin America" }, "geometry": { "type": "Point", "coordinates": [ -74.053792, 4.891163 ] } },
{ "type": "Feature", "properties": { "station_id": "SATNOGS:4331", "name": "SAMAUNI_Test_UHF", "network": "SatNOGS", "tier": "T2-open-registry", "operator": "salvadorromero", "purpose": "VHF/UHF/S-band reception", "lat_deg": -12.01733, "lon_deg": -77.05014, "height_m": 154.0, "height_known": true, "source_key": "satnogs.stations.json", "evidence_url": "https://network.satnogs.org/stations/4331/", "status": "Offline", "min_horizon_deg": null, "country": "Peru", "country_iso3": "PER", "coastal_rescue": false, "region_class": "Latin America" }, "geometry": { "type": "Point", "coordinates": [ -77.05014, -12.01733 ] } },
{ "type": "Feature", "properties": { "station_id": "SATNOGS:4375", "name": "La Caseta", "network": "SatNOGS", "tier": "T2-open-registry", "operator": "pfvidal", "purpose": "VHF/UHF/S-band reception", "lat_deg": 40.485816, "lon_deg": -3.390546, "height_m": 588.0, "height_known": true, "source_key": "satnogs.stations.json", "evidence_url": "https://network.satnogs.org/stations/4375/", "status": "Offline", "min_horizon_deg": null, "country": "Spain", "country_iso3": "ESP", "coastal_rescue": false, "region_class": "Spain" }, "geometry": { "type": "Point", "coordinates": [ -3.390546, 40.485816 ] } },
{ "type": "Feature", "properties": { "station_id": "SATNOGS:439", "name": "EB1AO - UHF IN TEST", "network": "SatNOGS", "tier": "T2-open-registry", "operator": "eb1ao", "purpose": "VHF/UHF/S-band reception", "lat_deg": 42.201, "lon_deg": -8.731, "height_m": 20.0, "height_known": true, "source_key": "satnogs.stations.json", "evidence_url": "https://network.satnogs.org/stations/439/", "status": "Offline", "min_horizon_deg": null, "country": "Spain", "country_iso3": "ESP", "coastal_rescue": false, "region_class": "Spain" }, "geometry": { "type": "Point", "coordinates": [ -8.731, 42.201 ] } },
{ "type": "Feature", "properties": { "station_id": "SATNOGS:4395", "name": "EA4IQL", "network": "SatNOGS", "tier": "T2-open-registry", "operator": "ea4iql", "purpose": "VHF/UHF/S-band reception", "lat_deg": 40.428, "lon_deg": -3.707, "height_m": 678.0, "height_known": true, "source_key": "satnogs.stations.json", "evidence_url": "https://network.satnogs.org/stations/4395/", "status": "Offline", "min_horizon_deg": null, "country": "Spain", "country_iso3": "ESP", "coastal_rescue": false, "region_class": "Spain" }, "geometry": { "type": "Point", "coordinates": [ -3.707, 40.428 ] } },
{ "type": "Feature", "properties": { "station_id": "SATNOGS:44", "name": "IAC Testing", "network": "SatNOGS", "tier": "T2-open-registry", "operator": "Borlaff", "purpose": "VHF/UHF/S-band reception", "lat_deg": 28.463938, "lon_deg": -16.262598, "height_m": 543.0, "height_known": true, "source_key": "satnogs.stations.json", "evidence_url": "https://network.satnogs.org/stations/44/", "status": "Offline", "min_horizon_deg": null, "country": "Spain", "country_iso3": "ESP", "coastal_rescue": false, "region_class": "Spain" }, "geometry": { "type": "Point", "coordinates": [ -16.262598, 28.463938 ] } },
{ "type": "Feature", "properties": { "station_id": "SATNOGS:4428", "name": "Estación Terrena Universidad Sergio Arboleda", "network": "SatNOGS", "tier": "T2-open-registry", "operator": "mike314", "purpose": "VHF/UHF/S-band reception", "lat_deg": 4.6611111, "lon_deg": -74.059444444444438, "height_m": 2563.0, "height_known": true, "source_key": "satnogs.stations.json", "evidence_url": "https://network.satnogs.org/stations/4428/", "status": "Offline", "min_horizon_deg": null, "country": "Colombia", "country_iso3": "COL", "coastal_rescue": false, "region_class": "Latin America" }, "geometry": { "type": "Point", "coordinates": [ -74.059444444444438, 4.6611111 ] } },
{ "type": "Feature", "properties": { "station_id": "SATNOGS:443", "name": "EA4UC", "network": "SatNOGS", "tier": "T2-open-registry", "operator": "ea4uc", "purpose": "VHF/UHF/S-band reception", "lat_deg": 40.447022, "lon_deg": -3.59923, "height_m": 650.0, "height_known": true, "source_key": "satnogs.stations.json", "evidence_url": "https://network.satnogs.org/stations/443/", "status": "Offline", "min_horizon_deg": null, "country": "Spain", "country_iso3": "ESP", "coastal_rescue": false, "region_class": "Spain" }, "geometry": { "type": "Point", "coordinates": [ -3.59923, 40.447022 ] } },
{ "type": "Feature", "properties": { "station_id": "SATNOGS:4439", "name": "Sergio_Arboleda", "network": "SatNOGS", "tier": "T2-open-registry", "operator": "sergio_koda", "purpose": "VHF/UHF/S-band reception", "lat_deg": 4.6613322, "lon_deg": -74.0593028, "height_m": 30.0, "height_known": true, "source_key": "satnogs.stations.json", "evidence_url": "https://network.satnogs.org/stations/4439/", "status": "Offline", "min_horizon_deg": null, "country": "Colombia", "country_iso3": "COL", "coastal_rescue": false, "region_class": "Latin America" }, "geometry": { "type": "Point", "coordinates": [ -74.0593028, 4.6613322 ] } },
{ "type": "Feature", "properties": { "station_id": "SATNOGS:450", "name": "Ground Station IFSC", "network": "SatNOGS", "tier": "T2-open-registry", "operator": "nelson", "purpose": "VHF/UHF/S-band reception", "lat_deg": -27.673417, "lon_deg": -48.646167, "height_m": 3.0, "height_known": true, "source_key": "satnogs.stations.json", "evidence_url": "https://network.satnogs.org/stations/450/", "status": "Offline", "min_horizon_deg": null, "country": "Brazil", "country_iso3": "BRA", "coastal_rescue": false, "region_class": "Latin America" }, "geometry": { "type": "Point", "coordinates": [ -48.646167, -27.673417 ] } },
{ "type": "Feature", "properties": { "station_id": "SATNOGS:4503", "name": "Emporiae1", "network": "SatNOGS", "tier": "T2-open-registry", "operator": "isv", "purpose": "VHF/UHF/S-band reception", "lat_deg": 42.1241667, "lon_deg": 3.1336111, "height_m": 30.0, "height_known": true, "source_key": "satnogs.stations.json", "evidence_url": "https://network.satnogs.org/stations/4503/", "status": "Offline", "min_horizon_deg": null, "country": "Spain", "country_iso3": "ESP", "coastal_rescue": false, "region_class": "Spain" }, "geometry": { "type": "Point", "coordinates": [ 3.1336111, 42.1241667 ] } },
{ "type": "Feature", "properties": { "station_id": "SATNOGS:4505", "name": "ITAQFH", "network": "SatNOGS", "tier": "T2-open-registry", "operator": "48120543rr", "purpose": "VHF/UHF/S-band reception", "lat_deg": -27.434, "lon_deg": -65.625, "height_m": 376.0, "height_known": true, "source_key": "satnogs.stations.json", "evidence_url": "https://network.satnogs.org/stations/4505/", "status": "Offline", "min_horizon_deg": null, "country": "Argentina", "country_iso3": "ARG", "coastal_rescue": false, "region_class": "Latin America" }, "geometry": { "type": "Point", "coordinates": [ -65.625, -27.434 ] } },
{ "type": "Feature", "properties": { "station_id": "SATNOGS:4512", "name": "PU2OZH", "network": "SatNOGS", "tier": "T2-open-registry", "operator": "durrer", "purpose": "VHF/UHF/S-band reception", "lat_deg": -23.228, "lon_deg": -45.924, "height_m": 610.0, "height_known": true, "source_key": "satnogs.stations.json", "evidence_url": "https://network.satnogs.org/stations/4512/", "status": "Offline", "min_horizon_deg": null, "country": "Brazil", "country_iso3": "BRA", "coastal_rescue": false, "region_class": "Latin America" }, "geometry": { "type": "Point", "coordinates": [ -45.924, -23.228 ] } },
{ "type": "Feature", "properties": { "station_id": "SATNOGS:4526", "name": "EA3GKP Bellaterra", "network": "SatNOGS", "tier": "T2-open-registry", "operator": "ea3gkp", "purpose": "VHF/UHF/S-band reception", "lat_deg": 41.496203, "lon_deg": 2.080809, "height_m": 210.0, "height_known": true, "source_key": "satnogs.stations.json", "evidence_url": "https://network.satnogs.org/stations/4526/", "status": "Online", "min_horizon_deg": null, "country": "Spain", "country_iso3": "ESP", "coastal_rescue": false, "region_class": "Spain" }, "geometry": { "type": "Point", "coordinates": [ 2.080809, 41.496203 ] } },
{ "type": "Feature", "properties": { "station_id": "SATNOGS:453", "name": "IFSC-SJ", "network": "SatNOGS", "tier": "T2-open-registry", "operator": "nelson", "purpose": "VHF/UHF/S-band reception", "lat_deg": -27.6085244, "lon_deg": -48.6334304, "height_m": 30.0, "height_known": true, "source_key": "satnogs.stations.json", "evidence_url": "https://network.satnogs.org/stations/453/", "status": "Offline", "min_horizon_deg": null, "country": "Brazil", "country_iso3": "BRA", "coastal_rescue": true, "region_class": "Latin America" }, "geometry": { "type": "Point", "coordinates": [ -48.6334304, -27.6085244 ] } },
{ "type": "Feature", "properties": { "station_id": "SATNOGS:4544", "name": "Bernardo", "network": "SatNOGS", "tier": "T2-open-registry", "operator": "alan44", "purpose": "VHF/UHF/S-band reception", "lat_deg": 37.310989644260957, "lon_deg": -6.3073306650944971, "height_m": 60.0, "height_known": true, "source_key": "satnogs.stations.json", "evidence_url": "https://network.satnogs.org/stations/4544/", "status": "Offline", "min_horizon_deg": null, "country": "Spain", "country_iso3": "ESP", "coastal_rescue": false, "region_class": "Spain" }, "geometry": { "type": "Point", "coordinates": [ -6.307330665094497, 37.310989644260957 ] } },
{ "type": "Feature", "properties": { "station_id": "SATNOGS:4551", "name": "SGS-Athenas_INSPER_BR_AVDB", "network": "SatNOGS", "tier": "T2-open-registry", "operator": "antonio_victor", "purpose": "VHF/UHF/S-band reception", "lat_deg": -3.736464, "lon_deg": -38.4884, "height_m": 744.0, "height_known": true, "source_key": "satnogs.stations.json", "evidence_url": "https://network.satnogs.org/stations/4551/", "status": "Offline", "min_horizon_deg": null, "country": "Brazil", "country_iso3": "BRA", "coastal_rescue": false, "region_class": "Latin America" }, "geometry": { "type": "Point", "coordinates": [ -38.4884, -3.736464 ] } },
{ "type": "Feature", "properties": { "station_id": "SATNOGS:4552", "name": "satnogs-insper-air", "network": "SatNOGS", "tier": "T2-open-registry", "operator": "danielmpinto", "purpose": "VHF/UHF/S-band reception", "lat_deg": -23.598, "lon_deg": -46.687, "height_m": 750.0, "height_known": true, "source_key": "satnogs.stations.json", "evidence_url": "https://network.satnogs.org/stations/4552/", "status": "Offline", "min_horizon_deg": null, "country": "Brazil", "country_iso3": "BRA", "coastal_rescue": false, "region_class": "Latin America" }, "geometry": { "type": "Point", "coordinates": [ -46.687, -23.598 ] } },
{ "type": "Feature", "properties": { "station_id": "SATNOGS:4562", "name": "AssasiNzRD", "network": "SatNOGS", "tier": "T2-open-registry", "operator": "assasinzrd", "purpose": "VHF/UHF/S-band reception", "lat_deg": 18.4888702, "lon_deg": -69.8739354, "height_m": 25.0, "height_known": true, "source_key": "satnogs.stations.json", "evidence_url": "https://network.satnogs.org/stations/4562/", "status": "Offline", "min_horizon_deg": null, "country": "Dominican Republic", "country_iso3": "DOM", "coastal_rescue": false, "region_class": "Latin America" }, "geometry": { "type": "Point", "coordinates": [ -69.8739354, 18.4888702 ] } },
{ "type": "Feature", "properties": { "station_id": "SATNOGS:4590", "name": "Carlos", "network": "SatNOGS", "tier": "T2-open-registry", "operator": "ea4imq", "purpose": "VHF/UHF/S-band reception", "lat_deg": 40.4, "lon_deg": -3.7, "height_m": 700.0, "height_known": true, "source_key": "satnogs.stations.json", "evidence_url": "https://network.satnogs.org/stations/4590/", "status": "Offline", "min_horizon_deg": null, "country": "Spain", "country_iso3": "ESP", "coastal_rescue": false, "region_class": "Spain" }, "geometry": { "type": "Point", "coordinates": [ -3.7, 40.4 ] } },
{ "type": "Feature", "properties": { "station_id": "SATNOGS:4595", "name": "EA4TA", "network": "SatNOGS", "tier": "T2-open-registry", "operator": "chapulin", "purpose": "VHF/UHF/S-band reception", "lat_deg": 40.44, "lon_deg": -3.8, "height_m": 700.0, "height_known": true, "source_key": "satnogs.stations.json", "evidence_url": "https://network.satnogs.org/stations/4595/", "status": "Online", "min_horizon_deg": null, "country": "Spain", "country_iso3": "ESP", "coastal_rescue": false, "region_class": "Spain" }, "geometry": { "type": "Point", "coordinates": [ -3.8, 40.44 ] } },
{ "type": "Feature", "properties": { "station_id": "SATNOGS:4600", "name": "EA4RKU", "network": "SatNOGS", "tier": "T2-open-registry", "operator": "ea4rku", "purpose": "VHF/UHF/S-band reception", "lat_deg": 40.513, "lon_deg": -3.35, "height_m": 628.0, "height_known": true, "source_key": "satnogs.stations.json", "evidence_url": "https://network.satnogs.org/stations/4600/", "status": "Offline", "min_horizon_deg": null, "country": "Spain", "country_iso3": "ESP", "coastal_rescue": false, "region_class": "Spain" }, "geometry": { "type": "Point", "coordinates": [ -3.35, 40.513 ] } },
{ "type": "Feature", "properties": { "station_id": "SATNOGS:4619", "name": "EA7ADI Estación Sevilla", "network": "SatNOGS", "tier": "T2-open-registry", "operator": "ea7adi", "purpose": "VHF/UHF/S-band reception", "lat_deg": 37.347817822001929, "lon_deg": -5.9834637270260203, "height_m": 10.0, "height_known": true, "source_key": "satnogs.stations.json", "evidence_url": "https://network.satnogs.org/stations/4619/", "status": "Offline", "min_horizon_deg": null, "country": "Spain", "country_iso3": "ESP", "coastal_rescue": false, "region_class": "Spain" }, "geometry": { "type": "Point", "coordinates": [ -5.98346372702602, 37.347817822001929 ] } },
{ "type": "Feature", "properties": { "station_id": "SATNOGS:462", "name": "Universidad UTE", "network": "SatNOGS", "tier": "T2-open-registry", "operator": "ffreire", "purpose": "VHF/UHF/S-band reception", "lat_deg": -0.183, "lon_deg": -78.493, "height_m": 2850.0, "height_known": true, "source_key": "satnogs.stations.json", "evidence_url": "https://network.satnogs.org/stations/462/", "status": "Testing", "min_horizon_deg": null, "country": "Ecuador", "country_iso3": "ECU", "coastal_rescue": false, "region_class": "Latin America" }, "geometry": { "type": "Point", "coordinates": [ -78.493, -0.183 ] } },
{ "type": "Feature", "properties": { "station_id": "SATNOGS:4624", "name": "EA4TA-3", "network": "SatNOGS", "tier": "T2-open-registry", "operator": "chapulin", "purpose": "VHF/UHF/S-band reception", "lat_deg": 40.44, "lon_deg": -3.8, "height_m": 700.0, "height_known": true, "source_key": "satnogs.stations.json", "evidence_url": "https://network.satnogs.org/stations/4624/", "status": "Offline", "min_horizon_deg": null, "country": "Spain", "country_iso3": "ESP", "coastal_rescue": false, "region_class": "Spain" }, "geometry": { "type": "Point", "coordinates": [ -3.8, 40.44 ] } },
{ "type": "Feature", "properties": { "station_id": "SATNOGS:4626", "name": "Facundo", "network": "SatNOGS", "tier": "T2-open-registry", "operator": "lu6fpj", "purpose": "VHF/UHF/S-band reception", "lat_deg": -32.9587, "lon_deg": -60.693, "height_m": 25.0, "height_known": true, "source_key": "satnogs.stations.json", "evidence_url": "https://network.satnogs.org/stations/4626/", "status": "Offline", "min_horizon_deg": null, "country": "Argentina", "country_iso3": "ARG", "coastal_rescue": false, "region_class": "Latin America" }, "geometry": { "type": "Point", "coordinates": [ -60.693, -32.9587 ] } },
{ "type": "Feature", "properties": { "station_id": "SATNOGS:4628", "name": "GND_TEST", "network": "SatNOGS", "tier": "T2-open-registry", "operator": "aroman", "purpose": "VHF/UHF/S-band reception", "lat_deg": 42.22356, "lon_deg": -8.73064, "height_m": 91.0, "height_known": true, "source_key": "satnogs.stations.json", "evidence_url": "https://network.satnogs.org/stations/4628/", "status": "Offline", "min_horizon_deg": null, "country": "Spain", "country_iso3": "ESP", "coastal_rescue": false, "region_class": "Spain" }, "geometry": { "type": "Point", "coordinates": [ -8.73064, 42.22356 ] } },
{ "type": "Feature", "properties": { "station_id": "SATNOGS:4640", "name": "nexus", "network": "SatNOGS", "tier": "T2-open-registry", "operator": "neos", "purpose": "VHF/UHF/S-band reception", "lat_deg": -16.62736, "lon_deg": -49.33564, "height_m": 788.0, "height_known": true, "source_key": "satnogs.stations.json", "evidence_url": "https://network.satnogs.org/stations/4640/", "status": "Offline", "min_horizon_deg": null, "country": "Brazil", "country_iso3": "BRA", "coastal_rescue": false, "region_class": "Latin America" }, "geometry": { "type": "Point", "coordinates": [ -49.33564, -16.62736 ] } },
{ "type": "Feature", "properties": { "station_id": "SATNOGS:4642", "name": "pruebaSat", "network": "SatNOGS", "tier": "T2-open-registry", "operator": "pruebasat", "purpose": "VHF/UHF/S-band reception", "lat_deg": -0.183652, "lon_deg": -78.493212, "height_m": 2800.0, "height_known": true, "source_key": "satnogs.stations.json", "evidence_url": "https://network.satnogs.org/stations/4642/", "status": "Offline", "min_horizon_deg": null, "country": "Ecuador", "country_iso3": "ECU", "coastal_rescue": false, "region_class": "Latin America" }, "geometry": { "type": "Point", "coordinates": [ -78.493212, -0.183652 ] } },
{ "type": "Feature", "properties": { "station_id": "SATNOGS:4644", "name": "UPAEP GS", "network": "SatNOGS", "tier": "T2-open-registry", "operator": "emiliodgz", "purpose": "VHF/UHF/S-band reception", "lat_deg": 19.049166, "lon_deg": -98.217223, "height_m": 2152.0, "height_known": true, "source_key": "satnogs.stations.json", "evidence_url": "https://network.satnogs.org/stations/4644/", "status": "Offline", "min_horizon_deg": null, "country": "Mexico", "country_iso3": "MEX", "coastal_rescue": false, "region_class": "Latin America" }, "geometry": { "type": "Point", "coordinates": [ -98.217223, 19.049166 ] } },
{ "type": "Feature", "properties": { "station_id": "SATNOGS:4648", "name": "UTE_SAT3", "network": "SatNOGS", "tier": "T2-open-registry", "operator": "emilioe", "purpose": "VHF/UHF/S-band reception", "lat_deg": -0.184, "lon_deg": -78.493, "height_m": 2830.0, "height_known": true, "source_key": "satnogs.stations.json", "evidence_url": "https://network.satnogs.org/stations/4648/", "status": "Offline", "min_horizon_deg": null, "country": "Ecuador", "country_iso3": "ECU", "coastal_rescue": false, "region_class": "Latin America" }, "geometry": { "type": "Point", "coordinates": [ -78.493, -0.184 ] } },
{ "type": "Feature", "properties": { "station_id": "SATNOGS:465", "name": "Makers of murcia - UHF", "network": "SatNOGS", "tier": "T2-open-registry", "operator": "ea5idn", "purpose": "VHF/UHF/S-band reception", "lat_deg": 38.013, "lon_deg": -1.173, "height_m": 42.0, "height_known": true, "source_key": "satnogs.stations.json", "evidence_url": "https://network.satnogs.org/stations/465/", "status": "Offline", "min_horizon_deg": null, "country": "Spain", "country_iso3": "ESP", "coastal_rescue": false, "region_class": "Spain" }, "geometry": { "type": "Point", "coordinates": [ -1.173, 38.013 ] } },
{ "type": "Feature", "properties": { "station_id": "SATNOGS:4673", "name": "Diaz-Navarrete", "network": "SatNOGS", "tier": "T2-open-registry", "operator": "jostyn-eduardo", "purpose": "VHF/UHF/S-band reception", "lat_deg": -2.1047, "lon_deg": -79.5909, "height_m": 11.0, "height_known": true, "source_key": "satnogs.stations.json", "evidence_url": "https://network.satnogs.org/stations/4673/", "status": "Online", "min_horizon_deg": null, "country": "Ecuador", "country_iso3": "ECU", "coastal_rescue": false, "region_class": "Latin America" }, "geometry": { "type": "Point", "coordinates": [ -79.5909, -2.1047 ] } },
{ "type": "Feature", "properties": { "station_id": "SATNOGS:4680", "name": "MAJESAT", "network": "SatNOGS", "tier": "T2-open-registry", "operator": "majesat", "purpose": "VHF/UHF/S-band reception", "lat_deg": 36.717165, "lon_deg": -4.464836, "height_m": 95.0, "height_known": true, "source_key": "satnogs.stations.json", "evidence_url": "https://network.satnogs.org/stations/4680/", "status": "Online", "min_horizon_deg": null, "country": "Spain", "country_iso3": "ESP", "coastal_rescue": false, "region_class": "Spain" }, "geometry": { "type": "Point", "coordinates": [ -4.464836, 36.717165 ] } },
{ "type": "Feature", "properties": { "station_id": "SATNOGS:4697", "name": "TestTelecomMX", "network": "SatNOGS", "tier": "T2-open-registry", "operator": "andresdavf", "purpose": "VHF/UHF/S-band reception", "lat_deg": 20.70501, "lon_deg": -100.45086, "height_m": 1950.0, "height_known": true, "source_key": "satnogs.stations.json", "evidence_url": "https://network.satnogs.org/stations/4697/", "status": "Offline", "min_horizon_deg": null, "country": "Mexico", "country_iso3": "MEX", "coastal_rescue": false, "region_class": "Latin America" }, "geometry": { "type": "Point", "coordinates": [ -100.45086, 20.70501 ] } },
{ "type": "Feature", "properties": { "station_id": "SATNOGS:4732", "name": "AstroAger", "network": "SatNOGS", "tier": "T2-open-registry", "operator": "ager", "purpose": "VHF/UHF/S-band reception", "lat_deg": 42.0, "lon_deg": 0.75999999999999091, "height_m": 600.0, "height_known": true, "source_key": "satnogs.stations.json", "evidence_url": "https://network.satnogs.org/stations/4732/", "status": "Offline", "min_horizon_deg": null, "country": "Spain", "country_iso3": "ESP", "coastal_rescue": false, "region_class": "Spain" }, "geometry": { "type": "Point", "coordinates": [ 0.76, 42.0 ] } },
{ "type": "Feature", "properties": { "station_id": "SATNOGS:4762", "name": "SatNogs CNLP", "network": "SatNOGS", "tier": "T2-open-registry", "operator": "lw1exu", "purpose": "VHF/UHF/S-band reception", "lat_deg": -34.908, "lon_deg": -57.944, "height_m": 19.0, "height_known": true, "source_key": "satnogs.stations.json", "evidence_url": "https://network.satnogs.org/stations/4762/", "status": "Online", "min_horizon_deg": null, "country": "Argentina", "country_iso3": "ARG", "coastal_rescue": false, "region_class": "Latin America" }, "geometry": { "type": "Point", "coordinates": [ -57.944, -34.908 ] } },
{ "type": "Feature", "properties": { "station_id": "SATNOGS:4769", "name": "GSRDGO-01", "network": "SatNOGS", "tier": "T2-open-registry", "operator": "rene_casas", "purpose": "VHF/UHF/S-band reception", "lat_deg": 24.044, "lon_deg": -104.661, "height_m": 1900.0, "height_known": true, "source_key": "satnogs.stations.json", "evidence_url": "https://network.satnogs.org/stations/4769/", "status": "Offline", "min_horizon_deg": null, "country": "Mexico", "country_iso3": "MEX", "coastal_rescue": false, "region_class": "Latin America" }, "geometry": { "type": "Point", "coordinates": [ -104.661, 24.044 ] } },
{ "type": "Feature", "properties": { "station_id": "SATNOGS:4785", "name": "NOGS-BAQ-STATION", "network": "SatNOGS", "tier": "T2-open-registry", "operator": "wpadillav", "purpose": "VHF/UHF/S-band reception", "lat_deg": 10.962993, "lon_deg": -74.859032, "height_m": 0.0, "height_known": true, "source_key": "satnogs.stations.json", "evidence_url": "https://network.satnogs.org/stations/4785/", "status": "Offline", "min_horizon_deg": null, "country": "Colombia", "country_iso3": "COL", "coastal_rescue": false, "region_class": "Latin America" }, "geometry": { "type": "Point", "coordinates": [ -74.859032, 10.962993 ] } },
{ "type": "Feature", "properties": { "station_id": "SATNOGS:4796", "name": "EA1HET", "network": "SatNOGS", "tier": "T2-open-registry", "operator": "ea1het", "purpose": "VHF/UHF/S-band reception", "lat_deg": 43.523635, "lon_deg": -5.676153, "height_m": 45.0, "height_known": true, "source_key": "satnogs.stations.json", "evidence_url": "https://network.satnogs.org/stations/4796/", "status": "Offline", "min_horizon_deg": null, "country": "Spain", "country_iso3": "ESP", "coastal_rescue": false, "region_class": "Spain" }, "geometry": { "type": "Point", "coordinates": [ -5.676153, 43.523635 ] } },
{ "type": "Feature", "properties": { "station_id": "SATNOGS:4797", "name": "EA1HET/p", "network": "SatNOGS", "tier": "T2-open-registry", "operator": "ea1het", "purpose": "VHF/UHF/S-band reception", "lat_deg": 43.396298, "lon_deg": -5.805657, "height_m": 200.0, "height_known": true, "source_key": "satnogs.stations.json", "evidence_url": "https://network.satnogs.org/stations/4797/", "status": "Offline", "min_horizon_deg": null, "country": "Spain", "country_iso3": "ESP", "coastal_rescue": false, "region_class": "Spain" }, "geometry": { "type": "Point", "coordinates": [ -5.805657, 43.396298 ] } },
{ "type": "Feature", "properties": { "station_id": "SATNOGS:4798", "name": "rcl-satgnos-1", "network": "SatNOGS", "tier": "T2-open-registry", "operator": "secretariorcl", "purpose": "VHF/UHF/S-band reception", "lat_deg": 43.396, "lon_deg": -5.806, "height_m": 200.0, "height_known": true, "source_key": "satnogs.stations.json", "evidence_url": "https://network.satnogs.org/stations/4798/", "status": "Offline", "min_horizon_deg": null, "country": "Spain", "country_iso3": "ESP", "coastal_rescue": false, "region_class": "Spain" }, "geometry": { "type": "Point", "coordinates": [ -5.806, 43.396 ] } },
{ "type": "Feature", "properties": { "station_id": "SATNOGS:48", "name": "ESAC Ground Station", "network": "SatNOGS", "tier": "T2-open-registry", "operator": "ESAC-GS", "purpose": "VHF/UHF/S-band reception", "lat_deg": 40.4442, "lon_deg": -3.9527, "height_m": 655.0, "height_known": true, "source_key": "satnogs.stations.json", "evidence_url": "https://network.satnogs.org/stations/48/", "status": "Offline", "min_horizon_deg": null, "country": "Spain", "country_iso3": "ESP", "coastal_rescue": false, "region_class": "Spain" }, "geometry": { "type": "Point", "coordinates": [ -3.9527, 40.4442 ] } },
{ "type": "Feature", "properties": { "station_id": "SATNOGS:4805", "name": "VillaSimonaNOGS", "network": "SatNOGS", "tier": "T2-open-registry", "operator": "telmomm", "purpose": "VHF/UHF/S-band reception", "lat_deg": 42.349, "lon_deg": -3.744, "height_m": 610.0, "height_known": true, "source_key": "satnogs.stations.json", "evidence_url": "https://network.satnogs.org/stations/4805/", "status": "Offline", "min_horizon_deg": null, "country": "Spain", "country_iso3": "ESP", "coastal_rescue": false, "region_class": "Spain" }, "geometry": { "type": "Point", "coordinates": [ -3.744, 42.349 ] } },
{ "type": "Feature", "properties": { "station_id": "SATNOGS:4820", "name": "DFrederico1", "network": "SatNOGS", "tier": "T2-open-registry", "operator": "deividfrederico", "purpose": "VHF/UHF/S-band reception", "lat_deg": -27.612245103866343, "lon_deg": -48.629876008483819, "height_m": 36.0, "height_known": true, "source_key": "satnogs.stations.json", "evidence_url": "https://network.satnogs.org/stations/4820/", "status": "Online", "min_horizon_deg": null, "country": "Brazil", "country_iso3": "BRA", "coastal_rescue": true, "region_class": "Latin America" }, "geometry": { "type": "Point", "coordinates": [ -48.629876008483819, -27.612245103866343 ] } },
{ "type": "Feature", "properties": { "station_id": "SATNOGS:4832", "name": "Raspberry pi 5", "network": "SatNOGS", "tier": "T2-open-registry", "operator": "jleonvb", "purpose": "VHF/UHF/S-band reception", "lat_deg": -33.448096, "lon_deg": -70.552977, "height_m": 3.0, "height_known": true, "source_key": "satnogs.stations.json", "evidence_url": "https://network.satnogs.org/stations/4832/", "status": "Offline", "min_horizon_deg": null, "country": "Chile", "country_iso3": "CHL", "coastal_rescue": false, "region_class": "Latin America" }, "geometry": { "type": "Point", "coordinates": [ -70.552977, -33.448096 ] } },
{ "type": "Feature", "properties": { "station_id": "SATNOGS:4842", "name": "SENA Metalmechanic Center Ground Station", "network": "SatNOGS", "tier": "T2-open-registry", "operator": "senacolombia", "purpose": "VHF/UHF/S-band reception", "lat_deg": 4.596, "lon_deg": -74.111, "height_m": 2600.0, "height_known": true, "source_key": "satnogs.stations.json", "evidence_url": "https://network.satnogs.org/stations/4842/", "status": "Offline", "min_horizon_deg": null, "country": "Colombia", "country_iso3": "COL", "coastal_rescue": false, "region_class": "Latin America" }, "geometry": { "type": "Point", "coordinates": [ -74.111, 4.596 ] } },
{ "type": "Feature", "properties": { "station_id": "SATNOGS:4867", "name": "ifsc sj", "network": "SatNOGS", "tier": "T2-open-registry", "operator": "ifscsj", "purpose": "VHF/UHF/S-band reception", "lat_deg": -28.647, "lon_deg": -49.417, "height_m": 65.0, "height_known": true, "source_key": "satnogs.stations.json", "evidence_url": "https://network.satnogs.org/stations/4867/", "status": "Offline", "min_horizon_deg": null, "country": "Brazil", "country_iso3": "BRA", "coastal_rescue": false, "region_class": "Latin America" }, "geometry": { "type": "Point", "coordinates": [ -49.417, -28.647 ] } },
{ "type": "Feature", "properties": { "station_id": "SATNOGS:4892", "name": "DFrederico2", "network": "SatNOGS", "tier": "T2-open-registry", "operator": "deividfrederico", "purpose": "VHF/UHF/S-band reception", "lat_deg": -27.612245103866343, "lon_deg": -48.629876008483819, "height_m": 36.0, "height_known": true, "source_key": "satnogs.stations.json", "evidence_url": "https://network.satnogs.org/stations/4892/", "status": "Offline", "min_horizon_deg": null, "country": "Brazil", "country_iso3": "BRA", "coastal_rescue": true, "region_class": "Latin America" }, "geometry": { "type": "Point", "coordinates": [ -48.629876008483819, -27.612245103866343 ] } },
{ "type": "Feature", "properties": { "station_id": "SATNOGS:4895", "name": "LU1GAS", "network": "SatNOGS", "tier": "T2-open-registry", "operator": "lu1gas_chaco", "purpose": "VHF/UHF/S-band reception", "lat_deg": -27.45, "lon_deg": -58.98, "height_m": 52.0, "height_known": true, "source_key": "satnogs.stations.json", "evidence_url": "https://network.satnogs.org/stations/4895/", "status": "Offline", "min_horizon_deg": null, "country": "Argentina", "country_iso3": "ARG", "coastal_rescue": false, "region_class": "Latin America" }, "geometry": { "type": "Point", "coordinates": [ -58.98, -27.45 ] } },
{ "type": "Feature", "properties": { "station_id": "SATNOGS:4916", "name": "EA8DJR", "network": "SatNOGS", "tier": "T2-open-registry", "operator": "ea8djr", "purpose": "VHF/UHF/S-band reception", "lat_deg": 28.114, "lon_deg": -15.626, "height_m": 547.0, "height_known": true, "source_key": "satnogs.stations.json", "evidence_url": "https://network.satnogs.org/stations/4916/", "status": "Offline", "min_horizon_deg": null, "country": "Spain", "country_iso3": "ESP", "coastal_rescue": false, "region_class": "Spain" }, "geometry": { "type": "Point", "coordinates": [ -15.626, 28.114 ] } },
{ "type": "Feature", "properties": { "station_id": "SATNOGS:4947", "name": "DIYSATELLITE_LoRa", "network": "SatNOGS", "tier": "T2-open-registry", "operator": "lw2dtz", "purpose": "VHF/UHF/S-band reception", "lat_deg": -34.3, "lon_deg": -58.3, "height_m": 30.0, "height_known": true, "source_key": "satnogs.stations.json", "evidence_url": "https://network.satnogs.org/stations/4947/", "status": "Testing", "min_horizon_deg": null, "country": "Argentina", "country_iso3": "ARG", "coastal_rescue": true, "region_class": "Latin America" }, "geometry": { "type": "Point", "coordinates": [ -58.3, -34.3 ] } },
{ "type": "Feature", "properties": { "station_id": "SATNOGS:4954", "name": "EA1JAO", "network": "SatNOGS", "tier": "T2-open-registry", "operator": "ea1jao", "purpose": "VHF/UHF/S-band reception", "lat_deg": 43.70968, "lon_deg": -7.87833, "height_m": 35.0, "height_known": true, "source_key": "satnogs.stations.json", "evidence_url": "https://network.satnogs.org/stations/4954/", "status": "Offline", "min_horizon_deg": null, "country": "Spain", "country_iso3": "ESP", "coastal_rescue": true, "region_class": "Spain" }, "geometry": { "type": "Point", "coordinates": [ -7.87833, 43.70968 ] } },
{ "type": "Feature", "properties": { "station_id": "SATNOGS:499", "name": "LU7DZ", "network": "SatNOGS", "tier": "T2-open-registry", "operator": "lu7did", "purpose": "VHF/UHF/S-band reception", "lat_deg": -34.804549, "lon_deg": -58.387876, "height_m": 44.0, "height_known": true, "source_key": "satnogs.stations.json", "evidence_url": "https://network.satnogs.org/stations/499/", "status": "Offline", "min_horizon_deg": null, "country": "Argentina", "country_iso3": "ARG", "coastal_rescue": false, "region_class": "Latin America" }, "geometry": { "type": "Point", "coordinates": [ -58.387876, -34.804549 ] } },
{ "type": "Feature", "properties": { "station_id": "SATNOGS:5011", "name": "PU2PTU", "network": "SatNOGS", "tier": "T2-open-registry", "operator": "mariopin", "purpose": "VHF/UHF/S-band reception", "lat_deg": -23.278849714341955, "lon_deg": -47.677076299577948, "height_m": 640.0, "height_known": true, "source_key": "satnogs.stations.json", "evidence_url": "https://network.satnogs.org/stations/5011/", "status": "Offline", "min_horizon_deg": null, "country": "Brazil", "country_iso3": "BRA", "coastal_rescue": false, "region_class": "Latin America" }, "geometry": { "type": "Point", "coordinates": [ -47.677076299577948, -23.278849714341955 ] } },
{ "type": "Feature", "properties": { "station_id": "SATNOGS:5034", "name": "UAI_GS", "network": "SatNOGS", "tier": "T2-open-registry", "operator": "jp_polito", "purpose": "VHF/UHF/S-band reception", "lat_deg": -20.5117274, "lon_deg": -43.7162927, "height_m": 0.0, "height_known": true, "source_key": "satnogs.stations.json", "evidence_url": "https://network.satnogs.org/stations/5034/", "status": "Offline", "min_horizon_deg": null, "country": "Brazil", "country_iso3": "BRA", "coastal_rescue": false, "region_class": "Latin America" }, "geometry": { "type": "Point", "coordinates": [ -43.7162927, -20.5117274 ] } },
{ "type": "Feature", "properties": { "station_id": "SATNOGS:5035", "name": "Test-GS", "network": "SatNOGS", "tier": "T2-open-registry", "operator": "paulo.dutra", "purpose": "VHF/UHF/S-band reception", "lat_deg": -20.5144677, "lon_deg": -43.7027401, "height_m": 1000.0, "height_known": true, "source_key": "satnogs.stations.json", "evidence_url": "https://network.satnogs.org/stations/5035/", "status": "Offline", "min_horizon_deg": null, "country": "Brazil", "country_iso3": "BRA", "coastal_rescue": false, "region_class": "Latin America" }, "geometry": { "type": "Point", "coordinates": [ -43.7027401, -20.5144677 ] } },
{ "type": "Feature", "properties": { "station_id": "SATNOGS:5038", "name": "DIAZ-NAVARRETE2", "network": "SatNOGS", "tier": "T2-open-registry", "operator": "jostyn-eduardo", "purpose": "VHF/UHF/S-band reception", "lat_deg": -2.179756, "lon_deg": -79.985847, "height_m": 10.0, "height_known": true, "source_key": "satnogs.stations.json", "evidence_url": "https://network.satnogs.org/stations/5038/", "status": "Offline", "min_horizon_deg": null, "country": "Ecuador", "country_iso3": "ECU", "coastal_rescue": false, "region_class": "Latin America" }, "geometry": { "type": "Point", "coordinates": [ -79.985847, -2.179756 ] } },
{ "type": "Feature", "properties": { "station_id": "SATNOGS:5039", "name": "Bayona V-dipolo", "network": "SatNOGS", "tier": "T2-open-registry", "operator": "javititul", "purpose": "VHF/UHF/S-band reception", "lat_deg": 40.13, "lon_deg": -3.57, "height_m": 512.0, "height_known": true, "source_key": "satnogs.stations.json", "evidence_url": "https://network.satnogs.org/stations/5039/", "status": "Offline", "min_horizon_deg": null, "country": "Spain", "country_iso3": "ESP", "coastal_rescue": false, "region_class": "Spain" }, "geometry": { "type": "Point", "coordinates": [ -3.57, 40.13 ] } },
{ "type": "Feature", "properties": { "station_id": "SATNOGS:5042", "name": "LU3ARN", "network": "SatNOGS", "tier": "T2-open-registry", "operator": "reynico", "purpose": "VHF/UHF/S-band reception", "lat_deg": -34.572421, "lon_deg": -58.47602, "height_m": 50.0, "height_known": true, "source_key": "satnogs.stations.json", "evidence_url": "https://network.satnogs.org/stations/5042/", "status": "Online", "min_horizon_deg": null, "country": "Argentina", "country_iso3": "ARG", "coastal_rescue": false, "region_class": "Latin America" }, "geometry": { "type": "Point", "coordinates": [ -58.47602, -34.572421 ] } },
{ "type": "Feature", "properties": { "station_id": "SATNOGS:5047", "name": "EC-1", "network": "SatNOGS", "tier": "T2-open-registry", "operator": "sebasastra", "purpose": "VHF/UHF/S-band reception", "lat_deg": -0.195, "lon_deg": -78.459, "height_m": 2540.0, "height_known": true, "source_key": "satnogs.stations.json", "evidence_url": "https://network.satnogs.org/stations/5047/", "status": "Offline", "min_horizon_deg": null, "country": "Ecuador", "country_iso3": "ECU", "coastal_rescue": false, "region_class": "Latin America" }, "geometry": { "type": "Point", "coordinates": [ -78.459, -0.195 ] } },
{ "type": "Feature", "properties": { "station_id": "SATNOGS:5056", "name": "DIINF-SCY", "network": "SatNOGS", "tier": "T2-open-registry", "operator": "claubells", "purpose": "VHF/UHF/S-band reception", "lat_deg": -33.449615, "lon_deg": -70.686993, "height_m": 515.0, "height_known": true, "source_key": "satnogs.stations.json", "evidence_url": "https://network.satnogs.org/stations/5056/", "status": "Offline", "min_horizon_deg": null, "country": "Chile", "country_iso3": "CHL", "coastal_rescue": false, "region_class": "Latin America" }, "geometry": { "type": "Point", "coordinates": [ -70.686993, -33.449615 ] } },
{ "type": "Feature", "properties": { "station_id": "SATNOGS:5071", "name": "IAAPP", "network": "SatNOGS", "tier": "T2-open-registry", "operator": "jhon", "purpose": "VHF/UHF/S-band reception", "lat_deg": -16.465521, "lon_deg": -71.493137, "height_m": 2450.0, "height_known": true, "source_key": "satnogs.stations.json", "evidence_url": "https://network.satnogs.org/stations/5071/", "status": "Offline", "min_horizon_deg": null, "country": "Peru", "country_iso3": "PER", "coastal_rescue": false, "region_class": "Latin America" }, "geometry": { "type": "Point", "coordinates": [ -71.493137, -16.465521 ] } },
{ "type": "Feature", "properties": { "station_id": "SATNOGS:5075", "name": "EB1EWE Cerceda VHF-UHF", "network": "SatNOGS", "tier": "T2-open-registry", "operator": "eb1ewe", "purpose": "VHF/UHF/S-band reception", "lat_deg": 43.1214432, "lon_deg": -8.4889091, "height_m": 273.0, "height_known": true, "source_key": "satnogs.stations.json", "evidence_url": "https://network.satnogs.org/stations/5075/", "status": "Online", "min_horizon_deg": null, "country": "Spain", "country_iso3": "ESP", "coastal_rescue": false, "region_class": "Spain" }, "geometry": { "type": "Point", "coordinates": [ -8.4889091, 43.1214432 ] } },
{ "type": "Feature", "properties": { "station_id": "SATNOGS:5076", "name": "Tac-Satnogs", "network": "SatNOGS", "tier": "T2-open-registry", "operator": "jcdlp73", "purpose": "VHF/UHF/S-band reception", "lat_deg": 28.514, "lon_deg": -16.41, "height_m": 240.0, "height_known": true, "source_key": "satnogs.stations.json", "evidence_url": "https://network.satnogs.org/stations/5076/", "status": "Testing", "min_horizon_deg": null, "country": "Spain", "country_iso3": "ESP", "coastal_rescue": true, "region_class": "Spain" }, "geometry": { "type": "Point", "coordinates": [ -16.41, 28.514 ] } },
{ "type": "Feature", "properties": { "station_id": "SATNOGS:516", "name": "FY/LamaBleu", "network": "SatNOGS", "tier": "T2-open-registry", "operator": "LamaBleu", "purpose": "VHF/UHF/S-band reception", "lat_deg": 4.9, "lon_deg": -52.5, "height_m": 30.0, "height_known": true, "source_key": "satnogs.stations.json", "evidence_url": "https://network.satnogs.org/stations/516/", "status": "Offline", "min_horizon_deg": null, "country": "French Guiana (FRA)", "country_iso3": "GUF", "coastal_rescue": false, "region_class": "Latin America" }, "geometry": { "type": "Point", "coordinates": [ -52.5, 4.9 ] } },
{ "type": "Feature", "properties": { "station_id": "SATNOGS:524", "name": "TEC-CA", "network": "SatNOGS", "tier": "T2-open-registry", "operator": "esteban88", "purpose": "VHF/UHF/S-band reception", "lat_deg": 9.8532, "lon_deg": -83.9059, "height_m": 1338.0, "height_known": true, "source_key": "satnogs.stations.json", "evidence_url": "https://network.satnogs.org/stations/524/", "status": "Offline", "min_horizon_deg": null, "country": "Costa Rica", "country_iso3": "CRI", "coastal_rescue": false, "region_class": "Latin America" }, "geometry": { "type": "Point", "coordinates": [ -83.9059, 9.8532 ] } },
{ "type": "Feature", "properties": { "station_id": "SATNOGS:550", "name": "LU1DCX", "network": "SatNOGS", "tier": "T2-open-registry", "operator": "lu1dcx", "purpose": "VHF/UHF/S-band reception", "lat_deg": -34.6526, "lon_deg": -58.577663, "height_m": 32.0, "height_known": true, "source_key": "satnogs.stations.json", "evidence_url": "https://network.satnogs.org/stations/550/", "status": "Offline", "min_horizon_deg": null, "country": "Argentina", "country_iso3": "ARG", "coastal_rescue": false, "region_class": "Latin America" }, "geometry": { "type": "Point", "coordinates": [ -58.577663, -34.6526 ] } },
{ "type": "Feature", "properties": { "station_id": "SATNOGS:551", "name": "lu1esy", "network": "SatNOGS", "tier": "T2-open-registry", "operator": "lu1esy", "purpose": "VHF/UHF/S-band reception", "lat_deg": -34.650915, "lon_deg": -58.64452, "height_m": 30.0, "height_known": true, "source_key": "satnogs.stations.json", "evidence_url": "https://network.satnogs.org/stations/551/", "status": "Offline", "min_horizon_deg": null, "country": "Argentina", "country_iso3": "ARG", "coastal_rescue": false, "region_class": "Latin America" }, "geometry": { "type": "Point", "coordinates": [ -58.64452, -34.650915 ] } },
{ "type": "Feature", "properties": { "station_id": "SATNOGS:557", "name": "LU4BMG", "network": "SatNOGS", "tier": "T2-open-registry", "operator": "lu4bmg", "purpose": "VHF/UHF/S-band reception", "lat_deg": -34.588339, "lon_deg": -58.516197, "height_m": 22.0, "height_known": true, "source_key": "satnogs.stations.json", "evidence_url": "https://network.satnogs.org/stations/557/", "status": "Offline", "min_horizon_deg": null, "country": "Argentina", "country_iso3": "ARG", "coastal_rescue": false, "region_class": "Latin America" }, "geometry": { "type": "Point", "coordinates": [ -58.516197, -34.588339 ] } },
{ "type": "Feature", "properties": { "station_id": "SATNOGS:576", "name": "EA8AIH", "network": "SatNOGS", "tier": "T2-open-registry", "operator": "ea8aih", "purpose": "VHF/UHF/S-band reception", "lat_deg": 28.429, "lon_deg": -16.4837, "height_m": 282.0, "height_known": true, "source_key": "satnogs.stations.json", "evidence_url": "https://network.satnogs.org/stations/576/", "status": "Offline", "min_horizon_deg": null, "country": "Spain", "country_iso3": "ESP", "coastal_rescue": false, "region_class": "Spain" }, "geometry": { "type": "Point", "coordinates": [ -16.4837, 28.429 ] } },
{ "type": "Feature", "properties": { "station_id": "SATNOGS:589", "name": "Las Victorias", "network": "SatNOGS", "tier": "T2-open-registry", "operator": "edufortes", "purpose": "VHF/UHF/S-band reception", "lat_deg": -41.130785, "lon_deg": -71.263102, "height_m": 820.0, "height_known": true, "source_key": "satnogs.stations.json", "evidence_url": "https://network.satnogs.org/stations/589/", "status": "Offline", "min_horizon_deg": null, "country": "Argentina", "country_iso3": "ARG", "coastal_rescue": false, "region_class": "Latin America" }, "geometry": { "type": "Point", "coordinates": [ -71.263102, -41.130785 ] } },
{ "type": "Feature", "properties": { "station_id": "SATNOGS:605", "name": "Depto", "network": "SatNOGS", "tier": "T2-open-registry", "operator": "kirovoleg", "purpose": "VHF/UHF/S-band reception", "lat_deg": -34.5348, "lon_deg": -58.4868, "height_m": 45.0, "height_known": true, "source_key": "satnogs.stations.json", "evidence_url": "https://network.satnogs.org/stations/605/", "status": "Offline", "min_horizon_deg": null, "country": "Argentina", "country_iso3": "ARG", "coastal_rescue": false, "region_class": "Latin America" }, "geometry": { "type": "Point", "coordinates": [ -58.4868, -34.5348 ] } },
{ "type": "Feature", "properties": { "station_id": "SATNOGS:624", "name": "LU1EPC - Pablo Cattaneo", "network": "SatNOGS", "tier": "T2-open-registry", "operator": "luepc", "purpose": "VHF/UHF/S-band reception", "lat_deg": -38.0033, "lon_deg": -57.5528, "height_m": 10.0, "height_known": true, "source_key": "satnogs.stations.json", "evidence_url": "https://network.satnogs.org/stations/624/", "status": "Offline", "min_horizon_deg": null, "country": "Argentina", "country_iso3": "ARG", "coastal_rescue": false, "region_class": "Latin America" }, "geometry": { "type": "Point", "coordinates": [ -57.5528, -38.0033 ] } },
{ "type": "Feature", "properties": { "station_id": "SATNOGS:672", "name": "Echeandia", "network": "SatNOGS", "tier": "T2-open-registry", "operator": "lu4cmf", "purpose": "VHF/UHF/S-band reception", "lat_deg": -34.64539, "lon_deg": -58.46166, "height_m": 10.0, "height_known": true, "source_key": "satnogs.stations.json", "evidence_url": "https://network.satnogs.org/stations/672/", "status": "Offline", "min_horizon_deg": null, "country": "Argentina", "country_iso3": "ARG", "coastal_rescue": false, "region_class": "Latin America" }, "geometry": { "type": "Point", "coordinates": [ -58.46166, -34.64539 ] } },
{ "type": "Feature", "properties": { "station_id": "SATNOGS:71", "name": "PV8DX", "network": "SatNOGS", "tier": "T2-open-registry", "operator": "PAULO", "purpose": "VHF/UHF/S-band reception", "lat_deg": 2.811185, "lon_deg": -60.680964, "height_m": 9.0, "height_known": true, "source_key": "satnogs.stations.json", "evidence_url": "https://network.satnogs.org/stations/71/", "status": "Testing", "min_horizon_deg": null, "country": "Brazil", "country_iso3": "BRA", "coastal_rescue": false, "region_class": "Latin America" }, "geometry": { "type": "Point", "coordinates": [ -60.680964, 2.811185 ] } },
{ "type": "Feature", "properties": { "station_id": "SATNOGS:710", "name": "Colme", "network": "SatNOGS", "tier": "T2-open-registry", "operator": "donosor00", "purpose": "VHF/UHF/S-band reception", "lat_deg": 40.55689, "lon_deg": -4.01396, "height_m": 869.0, "height_known": true, "source_key": "satnogs.stations.json", "evidence_url": "https://network.satnogs.org/stations/710/", "status": "Offline", "min_horizon_deg": null, "country": "Spain", "country_iso3": "ESP", "coastal_rescue": false, "region_class": "Spain" }, "geometry": { "type": "Point", "coordinates": [ -4.01396, 40.55689 ] } },
{ "type": "Feature", "properties": { "station_id": "SATNOGS:718", "name": "URE CHASNA EA8URE", "network": "SatNOGS", "tier": "T2-open-registry", "operator": "ea8ure", "purpose": "VHF/UHF/S-band reception", "lat_deg": 28.07965, "lon_deg": -16.681799, "height_m": 356.0, "height_known": true, "source_key": "satnogs.stations.json", "evidence_url": "https://network.satnogs.org/stations/718/", "status": "Offline", "min_horizon_deg": null, "country": "Spain", "country_iso3": "ESP", "coastal_rescue": false, "region_class": "Spain" }, "geometry": { "type": "Point", "coordinates": [ -16.681799, 28.07965 ] } },
{ "type": "Feature", "properties": { "station_id": "SATNOGS:731", "name": "PU5FON - Under Test", "network": "SatNOGS", "tier": "T2-open-registry", "operator": "mikaelfonseca", "purpose": "VHF/UHF/S-band reception", "lat_deg": -27.475086, "lon_deg": -48.403678, "height_m": 11.0, "height_known": true, "source_key": "satnogs.stations.json", "evidence_url": "https://network.satnogs.org/stations/731/", "status": "Offline", "min_horizon_deg": null, "country": "Brazil", "country_iso3": "BRA", "coastal_rescue": false, "region_class": "Latin America" }, "geometry": { "type": "Point", "coordinates": [ -48.403678, -27.475086 ] } },
{ "type": "Feature", "properties": { "station_id": "SATNOGS:741", "name": "FATEC-SENAI Ddos", "network": "SatNOGS", "tier": "T2-open-registry", "operator": "guilherme", "purpose": "VHF/UHF/S-band reception", "lat_deg": -22.2218, "lon_deg": -54.8064, "height_m": 430.0, "height_known": true, "source_key": "satnogs.stations.json", "evidence_url": "https://network.satnogs.org/stations/741/", "status": "Offline", "min_horizon_deg": null, "country": "Brazil", "country_iso3": "BRA", "coastal_rescue": false, "region_class": "Latin America" }, "geometry": { "type": "Point", "coordinates": [ -54.8064, -22.2218 ] } },
{ "type": "Feature", "properties": { "station_id": "SATNOGS:769", "name": "FSA_Valdivia", "network": "SatNOGS", "tier": "T2-open-registry", "operator": "nicod", "purpose": "VHF/UHF/S-band reception", "lat_deg": -39.801871, "lon_deg": -73.206336, "height_m": 6.0, "height_known": true, "source_key": "satnogs.stations.json", "evidence_url": "https://network.satnogs.org/stations/769/", "status": "Offline", "min_horizon_deg": null, "country": "Chile", "country_iso3": "CHL", "coastal_rescue": false, "region_class": "Latin America" }, "geometry": { "type": "Point", "coordinates": [ -73.206336, -39.801871 ] } },
{ "type": "Feature", "properties": { "station_id": "SATNOGS:770", "name": "cchv", "network": "SatNOGS", "tier": "T2-open-registry", "operator": "cchavezvalero", "purpose": "VHF/UHF/S-band reception", "lat_deg": -39.8125, "lon_deg": -73.2083, "height_m": 11.0, "height_known": true, "source_key": "satnogs.stations.json", "evidence_url": "https://network.satnogs.org/stations/770/", "status": "Offline", "min_horizon_deg": null, "country": "Chile", "country_iso3": "CHL", "coastal_rescue": false, "region_class": "Latin America" }, "geometry": { "type": "Point", "coordinates": [ -73.2083, -39.8125 ] } },
{ "type": "Feature", "properties": { "station_id": "SATNOGS:796", "name": "EA3IBC - Oscar - Barcelona Spain - vhf QFH", "network": "SatNOGS", "tier": "T2-open-registry", "operator": "ea3ibc", "purpose": "VHF/UHF/S-band reception", "lat_deg": 41.45, "lon_deg": 2.25, "height_m": 10.0, "height_known": true, "source_key": "satnogs.stations.json", "evidence_url": "https://network.satnogs.org/stations/796/", "status": "Offline", "min_horizon_deg": null, "country": "Spain", "country_iso3": "ESP", "coastal_rescue": false, "region_class": "Spain" }, "geometry": { "type": "Point", "coordinates": [ 2.25, 41.45 ] } },
{ "type": "Feature", "properties": { "station_id": "SATNOGS:797", "name": "IES Pedro de Valdivia", "network": "SatNOGS", "tier": "T2-open-registry", "operator": "ppineda", "purpose": "VHF/UHF/S-band reception", "lat_deg": 38.972555, "lon_deg": -5.787777, "height_m": 300.0, "height_known": true, "source_key": "satnogs.stations.json", "evidence_url": "https://network.satnogs.org/stations/797/", "status": "Offline", "min_horizon_deg": null, "country": "Spain", "country_iso3": "ESP", "coastal_rescue": false, "region_class": "Spain" }, "geometry": { "type": "Point", "coordinates": [ -5.787777, 38.972555 ] } },
{ "type": "Feature", "properties": { "station_id": "SATNOGS:802", "name": "EA7KGC - San Fernado - ES", "network": "SatNOGS", "tier": "T2-open-registry", "operator": "guerri", "purpose": "VHF/UHF/S-band reception", "lat_deg": 36.46096, "lon_deg": -6.20483, "height_m": 28.0, "height_known": true, "source_key": "satnogs.stations.json", "evidence_url": "https://network.satnogs.org/stations/802/", "status": "Offline", "min_horizon_deg": null, "country": "Spain", "country_iso3": "ESP", "coastal_rescue": false, "region_class": "Spain" }, "geometry": { "type": "Point", "coordinates": [ -6.20483, 36.46096 ] } },
{ "type": "Feature", "properties": { "station_id": "SATNOGS:810", "name": "E3T_UIS_CEMOS", "network": "SatNOGS", "tier": "T2-open-registry", "operator": "diazelkyn", "purpose": "VHF/UHF/S-band reception", "lat_deg": 7.14186, "lon_deg": -73.12217, "height_m": 1000.0, "height_known": true, "source_key": "satnogs.stations.json", "evidence_url": "https://network.satnogs.org/stations/810/", "status": "Offline", "min_horizon_deg": null, "country": "Colombia", "country_iso3": "COL", "coastal_rescue": false, "region_class": "Latin America" }, "geometry": { "type": "Point", "coordinates": [ -73.12217, 7.14186 ] } },
{ "type": "Feature", "properties": { "station_id": "SATNOGS:821", "name": "ESAC CESAR", "network": "SatNOGS", "tier": "T2-open-registry", "operator": "cesarcubesat", "purpose": "VHF/UHF/S-band reception", "lat_deg": 40.444, "lon_deg": -3.953, "height_m": 625.0, "height_known": true, "source_key": "satnogs.stations.json", "evidence_url": "https://network.satnogs.org/stations/821/", "status": "Offline", "min_horizon_deg": null, "country": "Spain", "country_iso3": "ESP", "coastal_rescue": false, "region_class": "Spain" }, "geometry": { "type": "Point", "coordinates": [ -3.953, 40.444 ] } },
{ "type": "Feature", "properties": { "station_id": "SATNOGS:831", "name": "El Guacal", "network": "SatNOGS", "tier": "T2-open-registry", "operator": "danalvarez", "purpose": "VHF/UHF/S-band reception", "lat_deg": 14.604, "lon_deg": -90.668, "height_m": 2068.0, "height_known": true, "source_key": "satnogs.stations.json", "evidence_url": "https://network.satnogs.org/stations/831/", "status": "Offline", "min_horizon_deg": null, "country": "Guatemala", "country_iso3": "GTM", "coastal_rescue": false, "region_class": "Latin America" }, "geometry": { "type": "Point", "coordinates": [ -90.668, 14.604 ] } },
{ "type": "Feature", "properties": { "station_id": "SATNOGS:833", "name": "Nuevo Progreso Mexico", "network": "SatNOGS", "tier": "T2-open-registry", "operator": "aleeza", "purpose": "VHF/UHF/S-band reception", "lat_deg": 26.0498, "lon_deg": -97.9511, "height_m": 150.0, "height_known": true, "source_key": "satnogs.stations.json", "evidence_url": "https://network.satnogs.org/stations/833/", "status": "Offline", "min_horizon_deg": null, "country": "Mexico", "country_iso3": "MEX", "coastal_rescue": false, "region_class": "Latin America" }, "geometry": { "type": "Point", "coordinates": [ -97.9511, 26.0498 ] } },
{ "type": "Feature", "properties": { "station_id": "SATNOGS:84", "name": "AirDivision_UEM_GroundStation", "network": "SatNOGS", "tier": "T2-open-registry", "operator": "AIO1", "purpose": "VHF/UHF/S-band reception", "lat_deg": 40.372993, "lon_deg": -3.919725, "height_m": 661.0, "height_known": true, "source_key": "satnogs.stations.json", "evidence_url": "https://network.satnogs.org/stations/84/", "status": "Offline", "min_horizon_deg": null, "country": "Spain", "country_iso3": "ESP", "coastal_rescue": false, "region_class": "Spain" }, "geometry": { "type": "Point", "coordinates": [ -3.919725, 40.372993 ] } },
{ "type": "Feature", "properties": { "station_id": "SATNOGS:849", "name": "PR8KW", "network": "SatNOGS", "tier": "T2-open-registry", "operator": "pr8kw", "purpose": "VHF/UHF/S-band reception", "lat_deg": -2.508386, "lon_deg": -44.296837, "height_m": 10.0, "height_known": true, "source_key": "satnogs.stations.json", "evidence_url": "https://network.satnogs.org/stations/849/", "status": "Offline", "min_horizon_deg": null, "country": "Brazil", "country_iso3": "BRA", "coastal_rescue": true, "region_class": "Latin America" }, "geometry": { "type": "Point", "coordinates": [ -44.296837, -2.508386 ] } },
{ "type": "Feature", "properties": { "station_id": "SATNOGS:852", "name": "EA1JK", "network": "SatNOGS", "tier": "T2-open-registry", "operator": "EA1JK", "purpose": "VHF/UHF/S-band reception", "lat_deg": 43.465452, "lon_deg": -3.84154, "height_m": 40.0, "height_known": true, "source_key": "satnogs.stations.json", "evidence_url": "https://network.satnogs.org/stations/852/", "status": "Offline", "min_horizon_deg": null, "country": "Spain", "country_iso3": "ESP", "coastal_rescue": false, "region_class": "Spain" }, "geometry": { "type": "Point", "coordinates": [ -3.84154, 43.465452 ] } },
{ "type": "Feature", "properties": { "station_id": "SATNOGS:871", "name": "lutgarugt", "network": "SatNOGS", "tier": "T2-open-registry", "operator": "lutgaru", "purpose": "VHF/UHF/S-band reception", "lat_deg": 31.8693, "lon_deg": -116.644311, "height_m": 45.0, "height_known": true, "source_key": "satnogs.stations.json", "evidence_url": "https://network.satnogs.org/stations/871/", "status": "Offline", "min_horizon_deg": null, "country": "Mexico", "country_iso3": "MEX", "coastal_rescue": false, "region_class": "Latin America" }, "geometry": { "type": "Point", "coordinates": [ -116.644311, 31.8693 ] } },
{ "type": "Feature", "properties": { "station_id": "SATNOGS:891", "name": "UCAnFLY", "network": "SatNOGS", "tier": "T2-open-registry", "operator": "ucaflyc", "purpose": "VHF/UHF/S-band reception", "lat_deg": 36.538554, "lon_deg": -6.200568, "height_m": 8.0, "height_known": true, "source_key": "satnogs.stations.json", "evidence_url": "https://network.satnogs.org/stations/891/", "status": "Offline", "min_horizon_deg": null, "country": "Spain", "country_iso3": "ESP", "coastal_rescue": false, "region_class": "Spain" }, "geometry": { "type": "Point", "coordinates": [ -6.200568, 36.538554 ] } },
{ "type": "Feature", "properties": { "station_id": "SATNOGS:904", "name": "Roberto", "network": "SatNOGS", "tier": "T2-open-registry", "operator": "lu7art", "purpose": "VHF/UHF/S-band reception", "lat_deg": -34.55391, "lon_deg": -58.466, "height_m": 57.0, "height_known": true, "source_key": "satnogs.stations.json", "evidence_url": "https://network.satnogs.org/stations/904/", "status": "Offline", "min_horizon_deg": null, "country": "Argentina", "country_iso3": "ARG", "coastal_rescue": false, "region_class": "Latin America" }, "geometry": { "type": "Point", "coordinates": [ -58.466, -34.55391 ] } },
{ "type": "Feature", "properties": { "station_id": "SATNOGS:924", "name": "Bilbao", "network": "SatNOGS", "tier": "T2-open-registry", "operator": "eb2djb", "purpose": "VHF/UHF/S-band reception", "lat_deg": 43.262987, "lon_deg": -2.935036, "height_m": 10.0, "height_known": true, "source_key": "satnogs.stations.json", "evidence_url": "https://network.satnogs.org/stations/924/", "status": "Offline", "min_horizon_deg": null, "country": "Spain", "country_iso3": "ESP", "coastal_rescue": false, "region_class": "Spain" }, "geometry": { "type": "Point", "coordinates": [ -2.935036, 43.262987 ] } },
{ "type": "Feature", "properties": { "station_id": "SATNOGS:93", "name": "GS UVA", "network": "SatNOGS", "tier": "T2-open-registry", "operator": "gs_uva", "purpose": "VHF/UHF/S-band reception", "lat_deg": 41.6621, "lon_deg": -4.7055, "height_m": 710.0, "height_known": true, "source_key": "satnogs.stations.json", "evidence_url": "https://network.satnogs.org/stations/93/", "status": "Offline", "min_horizon_deg": null, "country": "Spain", "country_iso3": "ESP", "coastal_rescue": false, "region_class": "Spain" }, "geometry": { "type": "Point", "coordinates": [ -4.7055, 41.6621 ] } },
{ "type": "Feature", "properties": { "station_id": "SATNOGS:933", "name": "UPTC-GS", "network": "SatNOGS", "tier": "T2-open-registry", "operator": "jespindola", "purpose": "VHF/UHF/S-band reception", "lat_deg": 5.555147, "lon_deg": -73.354812, "height_m": 2670.0, "height_known": true, "source_key": "satnogs.stations.json", "evidence_url": "https://network.satnogs.org/stations/933/", "status": "Offline", "min_horizon_deg": null, "country": "Colombia", "country_iso3": "COL", "coastal_rescue": false, "region_class": "Latin America" }, "geometry": { "type": "Point", "coordinates": [ -73.354812, 5.555147 ] } },
{ "type": "Feature", "properties": { "station_id": "SATNOGS:942", "name": "Sophon", "network": "SatNOGS", "tier": "T2-open-registry", "operator": "yurimdias", "purpose": "VHF/UHF/S-band reception", "lat_deg": -23.135, "lon_deg": -45.514, "height_m": 630.0, "height_known": true, "source_key": "satnogs.stations.json", "evidence_url": "https://network.satnogs.org/stations/942/", "status": "Offline", "min_horizon_deg": null, "country": "Brazil", "country_iso3": "BRA", "coastal_rescue": false, "region_class": "Latin America" }, "geometry": { "type": "Point", "coordinates": [ -45.514, -23.135 ] } },
{ "type": "Feature", "properties": { "station_id": "SATNOGS:944", "name": "jplw", "network": "SatNOGS", "tier": "T2-open-registry", "operator": "jplw_32", "purpose": "VHF/UHF/S-band reception", "lat_deg": -41.874895, "lon_deg": -73.810644, "height_m": 69.0, "height_known": true, "source_key": "satnogs.stations.json", "evidence_url": "https://network.satnogs.org/stations/944/", "status": "Offline", "min_horizon_deg": null, "country": "Chile", "country_iso3": "CHL", "coastal_rescue": false, "region_class": "Latin America" }, "geometry": { "type": "Point", "coordinates": [ -73.810644, -41.874895 ] } },
{ "type": "Feature", "properties": { "station_id": "SATNOGS:945", "name": "CE3PCN", "network": "SatNOGS", "tier": "T2-open-registry", "operator": "ce3pcn", "purpose": "VHF/UHF/S-band reception", "lat_deg": -33.633017, "lon_deg": -70.594551, "height_m": 667.0, "height_known": true, "source_key": "satnogs.stations.json", "evidence_url": "https://network.satnogs.org/stations/945/", "status": "Offline", "min_horizon_deg": null, "country": "Chile", "country_iso3": "CHL", "coastal_rescue": false, "region_class": "Latin America" }, "geometry": { "type": "Point", "coordinates": [ -70.594551, -33.633017 ] } },
{ "type": "Feature", "properties": { "station_id": "SATNOGS:950", "name": "AistechGS", "network": "SatNOGS", "tier": "T2-open-registry", "operator": "aistech-ops", "purpose": "VHF/UHF/S-band reception", "lat_deg": 41.27, "lon_deg": 1.99, "height_m": 25.0, "height_known": true, "source_key": "satnogs.stations.json", "evidence_url": "https://network.satnogs.org/stations/950/", "status": "Offline", "min_horizon_deg": null, "country": "Spain", "country_iso3": "ESP", "coastal_rescue": true, "region_class": "Spain" }, "geometry": { "type": "Point", "coordinates": [ 1.99, 41.27 ] } },
{ "type": "Feature", "properties": { "station_id": "SATNOGS:959", "name": "CE3VRT - VHF - UHF", "network": "SatNOGS", "tier": "T2-open-registry", "operator": "CE3VRT", "purpose": "VHF/UHF/S-band reception", "lat_deg": -33.659, "lon_deg": -70.727, "height_m": 550.0, "height_known": true, "source_key": "satnogs.stations.json", "evidence_url": "https://network.satnogs.org/stations/959/", "status": "Offline", "min_horizon_deg": null, "country": "Chile", "country_iso3": "CHL", "coastal_rescue": false, "region_class": "Latin America" }, "geometry": { "type": "Point", "coordinates": [ -70.727, -33.659 ] } },
{ "type": "Feature", "properties": { "station_id": "SATNOGS:968", "name": "CE3VRT", "network": "SatNOGS", "tier": "T2-open-registry", "operator": "CE3VRT", "purpose": "VHF/UHF/S-band reception", "lat_deg": -33.6587, "lon_deg": -70.73149, "height_m": 550.0, "height_known": true, "source_key": "satnogs.stations.json", "evidence_url": "https://network.satnogs.org/stations/968/", "status": "Offline", "min_horizon_deg": null, "country": "Chile", "country_iso3": "CHL", "coastal_rescue": false, "region_class": "Latin America" }, "geometry": { "type": "Point", "coordinates": [ -70.73149, -33.6587 ] } },
{ "type": "Feature", "properties": { "station_id": "SATNOGS:981", "name": "TBC", "network": "SatNOGS", "tier": "T2-open-registry", "operator": "lu1cgb", "purpose": "VHF/UHF/S-band reception", "lat_deg": -34.48, "lon_deg": -58.78, "height_m": 25.0, "height_known": true, "source_key": "satnogs.stations.json", "evidence_url": "https://network.satnogs.org/stations/981/", "status": "Offline", "min_horizon_deg": null, "country": "Argentina", "country_iso3": "ARG", "coastal_rescue": false, "region_class": "Latin America" }, "geometry": { "type": "Point", "coordinates": [ -58.78, -34.48 ] } },
{ "type": "Feature", "properties": { "station_id": "SATNOGS:983", "name": "K4OAM", "network": "SatNOGS", "tier": "T2-open-registry", "operator": "kb4oam", "purpose": "VHF/UHF/S-band reception", "lat_deg": -41.1017, "lon_deg": -71.4467, "height_m": 778.0, "height_known": true, "source_key": "satnogs.stations.json", "evidence_url": "https://network.satnogs.org/stations/983/", "status": "Offline", "min_horizon_deg": null, "country": "Argentina", "country_iso3": "ARG", "coastal_rescue": false, "region_class": "Latin America" }, "geometry": { "type": "Point", "coordinates": [ -71.4467, -41.1017 ] } }
]
}
