{
"type": "FeatureCollection",
"name": "latam_imaging_current",
"crs": { "type": "name", "properties": { "name": "urn:ogc:def:crs:OGC:1.3:CRS84" } },
"features": [
{ "type": "Feature", "properties": { "norad_cat_id": 20442, "object_id_x": "1990-005G", "object_name": "LUSAT (LO-19)", "element_epoch_utc": "2026-07-24T23:54:54.905184", "element_age_days": 1.2119, "inclination_deg_x": 98.8847, "raan_deg": 228.8424, "eccentricity": 0.00126867, "arg_perigee_deg": 95.1465, "mean_anomaly_deg": 265.1167, "mean_motion_rev_day": 14.34132993, "bstar": 5.6655616e-05, "rev_at_epoch": 90781.0, "element_set_no": 999.0, "classification": "U", "period_min": 100.40909783323002, "apogee_alt_km": 784.17217550356565, "perigee_alt_km": 766.02199360614168, "orbit_class": "LEO", "lat_deg": 45.860498565868447, "lon_deg": 40.397888512668025, "alt_km": 778.16080343733449, "speed_km_s": 7.472824893913292, "footprint_central_angle_deg": 26.967727416586595, "footprint_radius_km": 3002.0336838662229, "elevation_mask_deg": 0.0, "agency_lead": null, "agencies": null, "program": null, "mission_class": null, "agency_evidence_url": null, "satcat_object_type": "PAY", "satcat_ops_status": "P", "satcat_owner": "ARGN", "satcat_launch_date": "1990-01-22", "satcat_launch_site": "FRGUI", "satcat_rcs_m2": 0.1459, "satcat_orbit_center": "EA", "satcat_orbit_type": "ORB", "object_id_y": "1990-005G", "country": "Argentina", "owner_code": "ARGN", "launch_date": "1990-01-22", "decay_date": null, "on_orbit": true, "ops_status_code": "P", "launch_site": "FRGUI", "apogee_km": 787.0, "perigee_km": 769.0, "inclination_deg_y": 98.88, "iss_deployed": false, "launch_date_reliable": true, "deployment_date": null, "iss_ejection_date": null, "deployment_source": null, "effective_date": "1990-01-22", "effective_date_known": true, "date_basis": "catalog launch date", "date_caveat": null, "external_catalog_note": null, "imaging": "no", "sensor_type": null, "best_resolution_m": null, "confidence": "high", "evidence_url": "https://space.skyrocket.de/doc_sdat/lusat.htm", "classified_by": "crosswalk", "rule_note": null }, "geometry": { "type": "Point", "coordinates": [ 40.397888512668025, 45.860498565868447 ] } },
{ "type": "Feature", "properties": { "norad_cat_id": 22490, "object_id_x": "1993-009B", "object_name": "SCD 1", "element_epoch_utc": "2026-07-25T11:05:58.810272", "element_age_days": 0.7458, "inclination_deg_x": 24.9709, "raan_deg": 331.2484, "eccentricity": 0.00418198, "arg_perigee_deg": 182.7969, "mean_anomaly_deg": 224.0468, "mean_motion_rev_day": 14.46132237, "bstar": 6.6704441e-05, "rev_at_epoch": 76666.0, "element_set_no": 999.0, "classification": "U", "period_min": 99.575955998828903, "apogee_alt_km": 772.62972118197513, "perigee_alt_km": 713.07008827820835, "orbit_class": "LEO", "lat_deg": -9.1937270224682663, "lon_deg": -72.488547320579883, "alt_km": 762.95816220636755, "speed_km_s": 7.4617656291662193, "footprint_central_angle_deg": 26.727006419006379, "footprint_radius_km": 2975.236744992344, "elevation_mask_deg": 0.0, "agency_lead": null, "agencies": null, "program": null, "mission_class": null, "agency_evidence_url": null, "satcat_object_type": "PAY", "satcat_ops_status": "P", "satcat_owner": "BRAZ", "satcat_launch_date": "1993-02-09", "satcat_launch_site": "AFETR", "satcat_rcs_m2": 0.8234, "satcat_orbit_center": "EA", "satcat_orbit_type": "ORB", "object_id_y": "1993-009B", "country": "Brazil", "owner_code": "BRAZ", "launch_date": "1993-02-09", "decay_date": null, "on_orbit": true, "ops_status_code": "P", "launch_site": "AFETR", "apogee_km": 768.0, "perigee_km": 709.0, "inclination_deg_y": 24.97, "iss_deployed": false, "launch_date_reliable": true, "deployment_date": null, "iss_ejection_date": null, "deployment_source": null, "effective_date": "1993-02-09", "effective_date_known": true, "date_basis": "catalog launch date", "date_caveat": null, "external_catalog_note": null, "imaging": "no", "sensor_type": null, "best_resolution_m": null, "confidence": "high", "evidence_url": "https://www.inpe.br/scd1/site_scd/scd1/missao.htm", "classified_by": "crosswalk", "rule_note": null }, "geometry": { "type": "Point", "coordinates": [ -72.488547320579883, -9.193727022468266 ] } },
{ "type": "Feature", "properties": { "norad_cat_id": 25504, "object_id_x": "1998-060A", "object_name": "SCD 2", "element_epoch_utc": "2026-07-25T06:25:27.784416", "element_age_days": 0.9407, "inclination_deg_x": 24.9936, "raan_deg": 197.3163, "eccentricity": 0.00168289, "arg_perigee_deg": 164.7092, "mean_anomaly_deg": 218.952, "mean_motion_rev_day": 14.45537498, "bstar": 5.194851e-05, "rev_at_epoch": 46584.0, "element_set_no": 999.0, "classification": "U", "period_min": 99.616924638228923, "apogee_alt_km": 756.78467198832391, "perigee_alt_km": 732.81044803648479, "orbit_class": "LEO", "lat_deg": -23.325631098045729, "lon_deg": 59.538891613307861, "alt_km": 740.79963902185114, "speed_km_s": 7.4877057925481667, "footprint_central_angle_deg": 26.370629787420004, "footprint_radius_km": 2935.5650798335269, "elevation_mask_deg": 0.0, "agency_lead": null, "agencies": null, "program": null, "mission_class": null, "agency_evidence_url": null, "satcat_object_type": "PAY", "satcat_ops_status": "+", "satcat_owner": "BRAZ", "satcat_launch_date": "1998-10-23", "satcat_launch_site": "ERAS", "satcat_rcs_m2": 0.4591, "satcat_orbit_center": "EA", "satcat_orbit_type": "ORB", "object_id_y": "1998-060A", "country": "Brazil", "owner_code": "BRAZ", "launch_date": "1998-10-23", "decay_date": null, "on_orbit": true, "ops_status_code": "+", "launch_site": "ERAS", "apogee_km": 752.0, "perigee_km": 728.0, "inclination_deg_y": 24.99, "iss_deployed": false, "launch_date_reliable": true, "deployment_date": null, "iss_ejection_date": null, "deployment_source": null, "effective_date": "1998-10-23", "effective_date_known": true, "date_basis": "catalog launch date", "date_caveat": null, "external_catalog_note": null, "imaging": "no", "sensor_type": null, "best_resolution_m": null, "confidence": "high", "evidence_url": "https://www.eoportal.org/satellite-missions/scd", "classified_by": "crosswalk", "rule_note": null }, "geometry": { "type": "Point", "coordinates": [ 59.538891613307861, -23.325631098045729 ] } },
{ "type": "Feature", "properties": { "norad_cat_id": 27606, "object_id_x": "2002-058B", "object_name": "LATINSAT B", "element_epoch_utc": "2026-07-25T09:52:14.593728", "element_age_days": 0.7971, "inclination_deg_x": 64.5543, "raan_deg": 133.5416, "eccentricity": 0.00870464, "arg_perigee_deg": 262.5168, "mean_anomaly_deg": 96.6039, "mean_motion_rev_day": 14.77067294, "bstar": 9.0916394e-05, "rev_at_epoch": 26774.0, "element_set_no": 999.0, "classification": "U", "period_min": 97.490480349096401, "apogee_alt_km": 698.26641670871004, "perigee_alt_km": 576.13447761514306, "orbit_class": "LEO", "lat_deg": -63.687806141515175, "lon_deg": 39.058530756587032, "alt_km": 602.91752034959848, "speed_km_s": 7.5892790304464857, "footprint_central_angle_deg": 23.987358012481199, "footprint_radius_km": 2670.2604794253575, "elevation_mask_deg": 0.0, "agency_lead": null, "agencies": null, "program": null, "mission_class": null, "agency_evidence_url": null, "satcat_object_type": "PAY", "satcat_ops_status": "+", "satcat_owner": "ARGN", "satcat_launch_date": "2002-12-20", "satcat_launch_site": "TYMSC", "satcat_rcs_m2": 0.025, "satcat_orbit_center": "EA", "satcat_orbit_type": "ORB", "object_id_y": "2002-058B", "country": "Argentina", "owner_code": "ARGN", "launch_date": "2002-12-20", "decay_date": null, "on_orbit": true, "ops_status_code": "+", "launch_site": "TYMSC", "apogee_km": 700.0, "perigee_km": 578.0, "inclination_deg_y": 64.55, "iss_deployed": false, "launch_date_reliable": true, "deployment_date": null, "iss_ejection_date": null, "deployment_source": null, "effective_date": "2002-12-20", "effective_date_known": true, "date_basis": "catalog launch date", "date_caveat": null, "external_catalog_note": null, "imaging": "no", "sensor_type": null, "best_resolution_m": null, "confidence": "high", "evidence_url": "https://space.skyrocket.de/doc_sdat/aprizesat-1_latinsat-1.htm", "classified_by": "crosswalk", "rule_note": null }, "geometry": { "type": "Point", "coordinates": [ 39.058530756587032, -63.687806141515175 ] } },
{ "type": "Feature", "properties": { "norad_cat_id": 27612, "object_id_x": "2002-058H", "object_name": "LATINSAT A", "element_epoch_utc": "2026-07-25T14:18:36.024192", "element_age_days": 0.6121, "inclination_deg_x": 64.5526, "raan_deg": 202.3443, "eccentricity": 0.00511412, "arg_perigee_deg": 242.2071, "mean_anomaly_deg": 117.3847, "mean_motion_rev_day": 14.85534132, "bstar": 0.00010049517, "rev_at_epoch": 27333.0, "element_set_no": 999.0, "classification": "U", "period_min": 96.934830979703122, "apogee_alt_km": 646.24942614608153, "perigee_alt_km": 574.76790147813199, "orbit_class": "LEO", "lat_deg": 29.59487016000994, "lon_deg": -162.87256778143691, "alt_km": 645.87663467696314, "speed_km_s": 7.5213241940666524, "footprint_central_angle_deg": 24.763110102834439, "footprint_radius_km": 2756.616807105298, "elevation_mask_deg": 0.0, "agency_lead": null, "agencies": null, "program": null, "mission_class": null, "agency_evidence_url": null, "satcat_object_type": "PAY", "satcat_ops_status": "+", "satcat_owner": "ARGN", "satcat_launch_date": "2002-12-20", "satcat_launch_site": "TYMSC", "satcat_rcs_m2": 0.033, "satcat_orbit_center": "EA", "satcat_orbit_type": "ORB", "object_id_y": "2002-058H", "country": "Argentina", "owner_code": "ARGN", "launch_date": "2002-12-20", "decay_date": null, "on_orbit": true, "ops_status_code": "+", "launch_site": "TYMSC", "apogee_km": 648.0, "perigee_km": 576.0, "inclination_deg_y": 64.55, "iss_deployed": false, "launch_date_reliable": true, "deployment_date": null, "iss_ejection_date": null, "deployment_source": null, "effective_date": "2002-12-20", "effective_date_known": true, "date_basis": "catalog launch date", "date_caveat": null, "external_catalog_note": null, "imaging": "no", "sensor_type": null, "best_resolution_m": null, "confidence": "high", "evidence_url": "https://space.skyrocket.de/doc_sdat/aprizesat-1_latinsat-1.htm", "classified_by": "crosswalk", "rule_note": null }, "geometry": { "type": "Point", "coordinates": [ -162.872567781436913, 29.59487016000994 ] } },
{ "type": "Feature", "properties": { "norad_cat_id": 32768, "object_id_x": "2008-018B", "object_name": "STAR ONE C2", "element_epoch_utc": "2026-07-25T10:52:09.271776", "element_age_days": 0.7554, "inclination_deg_x": 1.3347, "raan_deg": 82.0934, "eccentricity": 0.00030252, "arg_perigee_deg": 41.2029, "mean_anomaly_deg": 277.9014, "mean_motion_rev_day": 1.00271981, "bstar": 0.0, "rev_at_epoch": 6703.0, "element_set_no": 999.0, "classification": "U", "period_min": 1436.0940969142714, "apogee_alt_km": 35800.35430365138, "perigee_alt_km": 35774.842348359816, "orbit_class": "GEO", "lat_deg": -1.0748796618232153, "lon_deg": -65.008262942152214, "alt_km": 35798.853032772073, "speed_km_s": 3.0737871916361761, "footprint_central_angle_deg": 81.30218386197339, "footprint_radius_km": 9050.5177078959805, "elevation_mask_deg": 0.0, "agency_lead": null, "agencies": null, "program": null, "mission_class": null, "agency_evidence_url": null, "satcat_object_type": "PAY", "satcat_ops_status": "+", "satcat_owner": "BRAZ", "satcat_launch_date": "2008-04-18", "satcat_launch_site": "FRGUI", "satcat_rcs_m2": 10.7588, "satcat_orbit_center": "EA", "satcat_orbit_type": "ORB", "object_id_y": "2008-018B", "country": "Brazil", "owner_code": "BRAZ", "launch_date": "2008-04-18", "decay_date": null, "on_orbit": true, "ops_status_code": "+", "launch_site": "FRGUI", "apogee_km": 35799.0, "perigee_km": 35774.0, "inclination_deg_y": 1.33, "iss_deployed": false, "launch_date_reliable": true, "deployment_date": null, "iss_ejection_date": null, "deployment_source": null, "effective_date": "2008-04-18", "effective_date_known": true, "date_basis": "catalog launch date", "date_caveat": null, "external_catalog_note": null, "imaging": "no", "sensor_type": null, "best_resolution_m": null, "confidence": "high", "evidence_url": "https://www.embratel.com.br/satelites/satelites-english/nossa-frota-english/star-one-c2-english", "classified_by": "crosswalk", "rule_note": null }, "geometry": { "type": "Point", "coordinates": [ -65.008262942152214, -1.074879661823215 ] } },
{ "type": "Feature", "properties": { "norad_cat_id": 37826, "object_id_x": "2011-054A", "object_name": "QUETZSAT 1", "element_epoch_utc": "2026-07-25T10:48:39.606624", "element_age_days": 0.7579, "inclination_deg_x": 0.0254, "raan_deg": 312.9924, "eccentricity": 0.00029794, "arg_perigee_deg": 172.4206, "mean_anomaly_deg": 262.9126, "mean_motion_rev_day": 1.00272837, "bstar": 0.0, "rev_at_epoch": 5025.0, "element_set_no": 999.0, "classification": "U", "period_min": 1436.0818373973002, "apogee_alt_km": 35799.922003616317, "perigee_alt_km": 35774.796428922724, "orbit_class": "GEO", "lat_deg": -0.018920733403701574, "lon_deg": -76.986262548472126, "alt_km": 35798.456632582878, "speed_km_s": 3.0738062985047678, "footprint_central_angle_deg": 81.302101481027904, "footprint_radius_km": 9050.5085372910798, "elevation_mask_deg": 0.0, "agency_lead": null, "agencies": null, "program": null, "mission_class": null, "agency_evidence_url": null, "satcat_object_type": "PAY", "satcat_ops_status": "+", "satcat_owner": "MEX", "satcat_launch_date": "2011-09-29", "satcat_launch_site": "TYMSC", "satcat_rcs_m2": 219.4788, "satcat_orbit_center": "EA", "satcat_orbit_type": "ORB", "object_id_y": "2011-054A", "country": "Mexico", "owner_code": "MEX", "launch_date": "2011-09-29", "decay_date": null, "on_orbit": true, "ops_status_code": "+", "launch_site": "TYMSC", "apogee_km": 35799.0, "perigee_km": 35774.0, "inclination_deg_y": 0.03, "iss_deployed": false, "launch_date_reliable": true, "deployment_date": null, "iss_ejection_date": null, "deployment_source": null, "effective_date": "2011-09-29", "effective_date_known": true, "date_basis": "catalog launch date", "date_caveat": null, "external_catalog_note": null, "imaging": "no", "sensor_type": null, "best_resolution_m": null, "confidence": "high", "evidence_url": "https://space.skyrocket.de/doc_sdat/quetzsat-1.htm", "classified_by": "crosswalk", "rule_note": null }, "geometry": { "type": "Point", "coordinates": [ -76.986262548472126, -0.018920733403702 ] } },
{ "type": "Feature", "properties": { "norad_cat_id": 38011, "object_id_x": "2011-076E", "object_name": "SSOT", "element_epoch_utc": "2026-07-25T15:17:29.999328", "element_age_days": 0.5712, "inclination_deg_x": 97.8051, "raan_deg": 266.1192, "eccentricity": 0.00016922, "arg_perigee_deg": 83.546, "mean_anomaly_deg": 69.0087, "mean_motion_rev_day": 14.82582139, "bstar": 0.00023324749, "rev_at_epoch": 79007.0, "element_set_no": 999.0, "classification": "U", "period_min": 97.127839471429112, "apogee_alt_km": 619.40231729917878, "perigee_alt_km": 617.03447145638529, "orbit_class": "LEO", "lat_deg": -40.57789042821139, "lon_deg": -105.52791255404703, "alt_km": 637.38122194793164, "speed_km_s": 7.5377855966092335, "footprint_central_angle_deg": 24.612268630163783, "footprint_radius_km": 2739.825211177093, "elevation_mask_deg": 0.0, "agency_lead": null, "agencies": null, "program": null, "mission_class": null, "agency_evidence_url": null, "satcat_object_type": "PAY", "satcat_ops_status": "+", "satcat_owner": "CHLE", "satcat_launch_date": "2011-12-17", "satcat_launch_site": "FRGUI", "satcat_rcs_m2": 0.7299, "satcat_orbit_center": "EA", "satcat_orbit_type": "ORB", "object_id_y": "2011-076E", "country": "Chile", "owner_code": "CHLE", "launch_date": "2011-12-17", "decay_date": null, "on_orbit": true, "ops_status_code": "+", "launch_site": "FRGUI", "apogee_km": 622.0, "perigee_km": 620.0, "inclination_deg_y": 97.8, "iss_deployed": false, "launch_date_reliable": true, "deployment_date": null, "iss_ejection_date": null, "deployment_source": null, "effective_date": "2011-12-17", "effective_date_known": true, "date_basis": "catalog launch date", "date_caveat": null, "external_catalog_note": null, "imaging": "yes", "sensor_type": "optical", "best_resolution_m": 1.45, "confidence": "high", "evidence_url": "https://www.eoportal.org/satellite-missions/ssot", "classified_by": "crosswalk", "rule_note": null }, "geometry": { "type": "Point", "coordinates": [ -105.527912554047035, -40.57789042821139 ] } },
{ "type": "Feature", "properties": { "norad_cat_id": 38782, "object_id_x": "2012-052A", "object_name": "VRSS-1", "element_epoch_utc": "2026-07-25T14:51:00.024192", "element_age_days": 0.5896, "inclination_deg_x": 97.618, "raan_deg": 180.9885, "eccentricity": 0.00192779, "arg_perigee_deg": 109.2106, "mean_anomaly_deg": 251.1195, "mean_motion_rev_day": 14.80078027, "bstar": 0.0001370331, "rev_at_epoch": 74529.0, "element_set_no": 999.0, "classification": "U", "period_min": 97.292167962169202, "apogee_alt_km": 639.60869173900164, "perigee_alt_km": 612.60328027816615, "orbit_class": "LEO", "lat_deg": -77.517661733300713, "lon_deg": -54.29769128024914, "alt_km": 668.79798507648889, "speed_km_s": 7.5150872286889348, "footprint_central_angle_deg": 25.164083830373734, "footprint_radius_km": 2801.2529982764536, "elevation_mask_deg": 0.0, "agency_lead": null, "agencies": null, "program": null, "mission_class": null, "agency_evidence_url": null, "satcat_object_type": "PAY", "satcat_ops_status": "+", "satcat_owner": "VENZ", "satcat_launch_date": "2012-09-29", "satcat_launch_site": "JSC", "satcat_rcs_m2": 2.365, "satcat_orbit_center": "EA", "satcat_orbit_type": "ORB", "object_id_y": "2012-052A", "country": "Venezuela", "owner_code": "VENZ", "launch_date": "2012-09-29", "decay_date": null, "on_orbit": true, "ops_status_code": "+", "launch_site": "JSC", "apogee_km": 643.0, "perigee_km": 616.0, "inclination_deg_y": 97.62, "iss_deployed": false, "launch_date_reliable": true, "deployment_date": null, "iss_ejection_date": null, "deployment_source": null, "effective_date": "2012-09-29", "effective_date_known": true, "date_basis": "catalog launch date", "date_caveat": null, "external_catalog_note": null, "imaging": "yes", "sensor_type": "optical", "best_resolution_m": 2.5, "confidence": "high", "evidence_url": "https://abae.gob.ve/vrss-1/", "classified_by": "crosswalk", "rule_note": null }, "geometry": { "type": "Point", "coordinates": [ -54.29769128024914, -77.517661733300713 ] } },
{ "type": "Feature", "properties": { "norad_cat_id": 38991, "object_id_x": "2012-062A", "object_name": "STAR ONE C3", "element_epoch_utc": "2026-07-25T10:49:17.047200", "element_age_days": 0.7574, "inclination_deg_x": 0.0151, "raan_deg": 59.1152, "eccentricity": 0.00024236, "arg_perigee_deg": 63.672, "mean_anomaly_deg": 267.6862, "mean_motion_rev_day": 1.00273403, "bstar": 0.0, "rev_at_epoch": 5014.0, "element_set_no": 999.0, "classification": "U", "period_min": 1436.0737313363145, "apogee_alt_km": 35797.419744203973, "perigee_alt_km": 35776.981362754486, "orbit_class": "GEO", "lat_deg": -0.03760552117708086, "lon_deg": -74.995959895988065, "alt_km": 35795.970332406447, "speed_km_s": 3.0739818800602183, "footprint_central_angle_deg": 81.301584735756705, "footprint_radius_km": 9050.4510134706197, "elevation_mask_deg": 0.0, "agency_lead": null, "agencies": null, "program": null, "mission_class": null, "agency_evidence_url": null, "satcat_object_type": "PAY", "satcat_ops_status": "+", "satcat_owner": "BRAZ", "satcat_launch_date": "2012-11-10", "satcat_launch_site": "FRGUI", "satcat_rcs_m2": 113.2145, "satcat_orbit_center": "EA", "satcat_orbit_type": "ORB", "object_id_y": "2012-062A", "country": "Brazil", "owner_code": "BRAZ", "launch_date": "2012-11-10", "decay_date": null, "on_orbit": true, "ops_status_code": "+", "launch_site": "FRGUI", "apogee_km": 35798.0, "perigee_km": 35776.0, "inclination_deg_y": 0.02, "iss_deployed": false, "launch_date_reliable": true, "deployment_date": null, "iss_ejection_date": null, "deployment_source": null, "effective_date": "2012-11-10", "effective_date_known": true, "date_basis": "catalog launch date", "date_caveat": null, "external_catalog_note": null, "imaging": "no", "sensor_type": null, "best_resolution_m": null, "confidence": "high", "evidence_url": "https://www.embratel.com.br/satelites/satelites-english/nossa-frota-english/star-one-c3-english", "classified_by": "crosswalk", "rule_note": null }, "geometry": { "type": "Point", "coordinates": [ -74.995959895988065, -0.037605521177081 ] } },
{ "type": "Feature", "properties": { "norad_cat_id": 39035, "object_id_x": "2012-075B", "object_name": "MEXSAT 3", "element_epoch_utc": "2026-07-25T10:37:55.634592", "element_age_days": 0.7653, "inclination_deg_x": 0.0185, "raan_deg": 63.0422, "eccentricity": 0.00014843, "arg_perigee_deg": 50.4413, "mean_anomaly_deg": 234.3551, "mean_motion_rev_day": 1.00269275, "bstar": 0.0, "rev_at_epoch": 743.0, "element_set_no": 999.0, "classification": "U", "period_min": 1436.1328532593857, "apogee_alt_km": 35794.616534395791, "perigee_alt_km": 35782.098989354497, "orbit_class": "GEO", "lat_deg": -0.018864434393673964, "lon_deg": -114.78565624031809, "alt_km": 35792.242872296556, "speed_km_s": 3.0742923552725618, "footprint_central_angle_deg": 81.300809915989831, "footprint_radius_km": 9050.3647609287127, "elevation_mask_deg": 0.0, "agency_lead": null, "agencies": null, "program": null, "mission_class": null, "agency_evidence_url": null, "satcat_object_type": "PAY", "satcat_ops_status": "+", "satcat_owner": "MEX", "satcat_launch_date": "2012-12-19", "satcat_launch_site": "FRGUI", "satcat_rcs_m2": 79.4454, "satcat_orbit_center": "EA", "satcat_orbit_type": "ORB", "object_id_y": "2012-075B", "country": "Mexico", "owner_code": "MEX", "launch_date": "2012-12-19", "decay_date": null, "on_orbit": true, "ops_status_code": "+", "launch_site": "FRGUI", "apogee_km": 35794.0, "perigee_km": 35781.0, "inclination_deg_y": 0.03, "iss_deployed": false, "launch_date_reliable": true, "deployment_date": null, "iss_ejection_date": null, "deployment_source": null, "effective_date": "2012-12-19", "effective_date_known": true, "date_basis": "catalog launch date", "date_caveat": null, "external_catalog_note": null, "imaging": "no", "sensor_type": null, "best_resolution_m": null, "confidence": "high", "evidence_url": "https://space.skyrocket.de/doc_sdat/mexsat-3.htm", "classified_by": "crosswalk", "rule_note": null }, "geometry": { "type": "Point", "coordinates": [ -114.78565624031809, -0.018864434393674 ] } },
{ "type": "Feature", "properties": { "norad_cat_id": 39151, "object_id_x": "2013-018B", "object_name": "NEE-01 PEGASO", "element_epoch_utc": "2026-07-25T09:08:39.682176", "element_age_days": 0.8273, "inclination_deg_x": 98.1268, "raan_deg": 351.8078, "eccentricity": 0.00133244, "arg_perigee_deg": 43.2676, "mean_anomaly_deg": 316.9587, "mean_motion_rev_day": 14.93829637, "bstar": 0.00021993484, "rev_at_epoch": 71640.0, "element_set_no": 999.0, "classification": "U", "period_min": 96.396534406151972, "apogee_alt_km": 592.31574800834414, "perigee_alt_km": 573.76505090983289, "orbit_class": "LEO", "lat_deg": 52.541468129005722, "lon_deg": 164.4358098811847, "alt_km": 593.94187600881787, "speed_km_s": 7.5684078154889871, "footprint_central_angle_deg": 23.821047294477321, "footprint_radius_km": 2651.7468549837022, "elevation_mask_deg": 0.0, "agency_lead": null, "agencies": null, "program": null, "mission_class": null, "agency_evidence_url": null, "satcat_object_type": "PAY", "satcat_ops_status": "P", "satcat_owner": "ECU", "satcat_launch_date": "2013-04-26", "satcat_launch_site": "JSC", "satcat_rcs_m2": 0.019, "satcat_orbit_center": "EA", "satcat_orbit_type": "ORB", "object_id_y": "2013-018B", "country": "Ecuador", "owner_code": "ECU", "launch_date": "2013-04-26", "decay_date": null, "on_orbit": true, "ops_status_code": "P", "launch_site": "JSC", "apogee_km": 595.0, "perigee_km": 577.0, "inclination_deg_y": 98.13, "iss_deployed": false, "launch_date_reliable": true, "deployment_date": null, "iss_ejection_date": null, "deployment_source": null, "effective_date": "2013-04-26", "effective_date_known": true, "date_basis": "catalog launch date", "date_caveat": null, "external_catalog_note": null, "imaging": "partial", "sensor_type": "optical", "best_resolution_m": null, "confidence": "high", "evidence_url": "https://www.eoportal.org/satellite-missions/nee-01-pegasus", "classified_by": "crosswalk", "rule_note": null }, "geometry": { "type": "Point", "coordinates": [ 164.435809881184696, 52.541468129005722 ] } },
{ "type": "Feature", "properties": { "norad_cat_id": 39440, "object_id_x": "2013-066AA", "object_name": "CUBEBUG-2 (LO-74)", "element_epoch_utc": "2026-07-25T07:24:20.860992", "element_age_days": 0.8998, "inclination_deg_x": 97.8912, "raan_deg": 155.4595, "eccentricity": 0.00555742, "arg_perigee_deg": 260.9292, "mean_anomaly_deg": 98.5636, "mean_motion_rev_day": 14.94019264, "bstar": 0.00026229784, "rev_at_epoch": 68268.0, "element_set_no": 999.0, "classification": "U", "period_min": 96.384299366035492, "apogee_alt_km": 621.12280799953191, "perigee_alt_km": 543.7571309060595, "orbit_class": "LEO", "lat_deg": 24.559337432540087, "lon_deg": -38.934617237546064, "alt_km": 596.80296275912974, "speed_km_s": 7.5590544053398183, "footprint_central_angle_deg": 23.874225626283003, "footprint_radius_km": 2657.6666398015464, "elevation_mask_deg": 0.0, "agency_lead": null, "agencies": null, "program": null, "mission_class": null, "agency_evidence_url": null, "satcat_object_type": "PAY", "satcat_ops_status": "+", "satcat_owner": "ARGN", "satcat_launch_date": "2013-11-21", "satcat_launch_site": "DLS", "satcat_rcs_m2": 0.1111, "satcat_orbit_center": "EA", "satcat_orbit_type": "ORB", "object_id_y": "2013-066AA", "country": "Argentina", "owner_code": "ARGN", "launch_date": "2013-11-21", "decay_date": null, "on_orbit": true, "ops_status_code": "+", "launch_site": "DLS", "apogee_km": 624.0, "perigee_km": 547.0, "inclination_deg_y": 97.89, "iss_deployed": false, "launch_date_reliable": true, "deployment_date": null, "iss_ejection_date": null, "deployment_source": null, "effective_date": "2013-11-21", "effective_date_known": true, "date_basis": "catalog launch date", "date_caveat": null, "external_catalog_note": null, "imaging": "partial", "sensor_type": "optical", "best_resolution_m": null, "confidence": "medium", "evidence_url": "https://space.skyrocket.de/doc_sdat/cubebug-1.htm", "classified_by": "crosswalk", "rule_note": null }, "geometry": { "type": "Point", "coordinates": [ -38.934617237546064, 24.559337432540087 ] } },
{ "type": "Feature", "properties": { "norad_cat_id": 39441, "object_id_x": "2013-066AB", "object_name": "NEE-02 KRYSAOR", "element_epoch_utc": "2026-07-25T13:44:12.685056", "element_age_days": 0.636, "inclination_deg_x": 97.8896, "raan_deg": 145.5191, "eccentricity": 0.00645767, "arg_perigee_deg": 304.7811, "mean_anomaly_deg": 54.7337, "mean_motion_rev_day": 14.86774446, "bstar": 0.00023972618, "rev_at_epoch": 68190.0, "element_set_no": 999.0, "classification": "U", "period_min": 96.853964895223925, "apogee_alt_km": 650.14783026074701, "perigee_alt_km": 559.95758672176123, "orbit_class": "LEO", "lat_deg": 18.909372236302275, "lon_deg": -50.052828375342791, "alt_km": 645.88198465717676, "speed_km_s": 7.5174263196198909, "footprint_central_angle_deg": 24.763204709157446, "footprint_radius_km": 2756.6273386330008, "elevation_mask_deg": 0.0, "agency_lead": null, "agencies": null, "program": null, "mission_class": null, "agency_evidence_url": null, "satcat_object_type": "PAY", "satcat_ops_status": "+", "satcat_owner": "ECU", "satcat_launch_date": "2013-11-21", "satcat_launch_site": "DLS", "satcat_rcs_m2": 0.0098, "satcat_orbit_center": "EA", "satcat_orbit_type": "ORB", "object_id_y": "2013-066AB", "country": "Ecuador", "owner_code": "ECU", "launch_date": "2013-11-21", "decay_date": null, "on_orbit": true, "ops_status_code": "+", "launch_site": "DLS", "apogee_km": 653.0, "perigee_km": 563.0, "inclination_deg_y": 97.89, "iss_deployed": false, "launch_date_reliable": true, "deployment_date": null, "iss_ejection_date": null, "deployment_source": null, "effective_date": "2013-11-21", "effective_date_known": true, "date_basis": "catalog launch date", "date_caveat": null, "external_catalog_note": null, "imaging": "partial", "sensor_type": "optical", "best_resolution_m": null, "confidence": "medium", "evidence_url": "https://space.skyrocket.de/doc_sdat/nee-02-krysaor.htm", "classified_by": "crosswalk", "rule_note": null }, "geometry": { "type": "Point", "coordinates": [ -50.052828375342791, 18.909372236302275 ] } },
{ "type": "Feature", "properties": { "norad_cat_id": 39481, "object_id_x": "2013-075A", "object_name": "TKSAT-1 (TUPAC KATARI)", "element_epoch_utc": "2026-07-25T10:45:47.382048", "element_age_days": 0.7599, "inclination_deg_x": 0.0223, "raan_deg": 88.8058, "eccentricity": 0.00028058, "arg_perigee_deg": 26.4633, "mean_anomaly_deg": 262.1529, "mean_motion_rev_day": 1.00270087, "bstar": 0.0, "rev_at_epoch": 4598.0, "element_set_no": 999.0, "classification": "U", "period_min": 1436.1212232717021, "apogee_alt_km": 35799.961137092883, "perigee_alt_km": 35776.29911575454, "orbit_class": "GEO", "lat_deg": -0.025602258277391106, "lon_deg": -87.177712351201237, "alt_km": 35798.475347727683, "speed_km_s": 3.0738323277506843, "footprint_central_angle_deg": 81.302105370494502, "footprint_radius_km": 9050.50897026452, "elevation_mask_deg": 0.0, "agency_lead": null, "agencies": null, "program": null, "mission_class": null, "agency_evidence_url": null, "satcat_object_type": "PAY", "satcat_ops_status": "+", "satcat_owner": "BOL", "satcat_launch_date": "2013-12-20", "satcat_launch_site": "XICLF", "satcat_rcs_m2": 40.9678, "satcat_orbit_center": "EA", "satcat_orbit_type": "ORB", "object_id_y": "2013-075A", "country": "Bolivia", "owner_code": "BOL", "launch_date": "2013-12-20", "decay_date": null, "on_orbit": true, "ops_status_code": "+", "launch_site": "XICLF", "apogee_km": 35799.0, "perigee_km": 35775.0, "inclination_deg_y": 0.02, "iss_deployed": false, "launch_date_reliable": true, "deployment_date": null, "iss_ejection_date": null, "deployment_source": null, "effective_date": "2013-12-20", "effective_date_known": true, "date_basis": "catalog launch date", "date_caveat": null, "external_catalog_note": null, "imaging": "no", "sensor_type": null, "best_resolution_m": null, "confidence": "high", "evidence_url": "https://www.cgwic.com/In-OrbitDelivery/CommunicationsSatellite/Program/Bolivia.html", "classified_by": "crosswalk", "rule_note": null }, "geometry": { "type": "Point", "coordinates": [ -87.177712351201237, -0.025602258277391 ] } },
{ "type": "Feature", "properties": { "norad_cat_id": 40014, "object_id_x": "2014-033E", "object_name": "BUGSAT-1 (TITA)", "element_epoch_utc": "2026-07-25T14:07:02.470656", "element_age_days": 0.6201, "inclination_deg_x": 98.0433, "raan_deg": 301.3938, "eccentricity": 0.0028721, "arg_perigee_deg": 51.9633, "mean_anomaly_deg": 308.4183, "mean_motion_rev_day": 15.15972663, "bstar": 0.00028794935, "rev_at_epoch": 66165.0, "element_set_no": 999.0, "classification": "U", "period_min": 94.988520251436753, "apogee_alt_km": 534.82443822756159, "perigee_alt_km": 495.22873942901361, "orbit_class": "LEO", "lat_deg": 36.802495742105464, "lon_deg": 109.1763583341734, "alt_km": 524.09186103788295, "speed_km_s": 7.6041511225853622, "footprint_central_angle_deg": 22.471587978251126, "footprint_radius_km": 2501.5257310551629, "elevation_mask_deg": 0.0, "agency_lead": null, "agencies": null, "program": null, "mission_class": null, "agency_evidence_url": null, "satcat_object_type": "PAY", "satcat_ops_status": "+", "satcat_owner": "ARGN", "satcat_launch_date": "2014-06-19", "satcat_launch_site": "DLS", "satcat_rcs_m2": 0.2726, "satcat_orbit_center": "EA", "satcat_orbit_type": "ORB", "object_id_y": "2014-033E", "country": "Argentina", "owner_code": "ARGN", "launch_date": "2014-06-19", "decay_date": null, "on_orbit": true, "ops_status_code": "+", "launch_site": "DLS", "apogee_km": 538.0, "perigee_km": 498.0, "inclination_deg_y": 98.04, "iss_deployed": false, "launch_date_reliable": true, "deployment_date": null, "iss_ejection_date": null, "deployment_source": null, "effective_date": "2014-06-19", "effective_date_known": true, "date_basis": "catalog launch date", "date_caveat": null, "external_catalog_note": null, "imaging": "yes", "sensor_type": "optical", "best_resolution_m": null, "confidence": "medium", "evidence_url": "https://space.skyrocket.de/doc_sdat/bugsat-1.htm", "classified_by": "crosswalk", "rule_note": null }, "geometry": { "type": "Point", "coordinates": [ 109.176358334173401, 36.802495742105464 ] } },
{ "type": "Feature", "properties": { "norad_cat_id": 40024, "object_id_x": "2014-033Q", "object_name": "NANOSATC-BR1", "element_epoch_utc": "2026-07-25T02:05:42.884160", "element_age_days": 1.121, "inclination_deg_x": 98.0712, "raan_deg": 241.8641, "eccentricity": 0.00048014, "arg_perigee_deg": 73.3137, "mean_anomaly_deg": 286.863, "mean_motion_rev_day": 15.32604915, "bstar": 0.00061700001, "rev_at_epoch": 65978.0, "element_set_no": 999.0, "classification": "U", "period_min": 93.957678584111818, "apogee_alt_km": 468.30826535092848, "perigee_alt_km": 461.73691797880429, "orbit_class": "LEO", "lat_deg": 60.555603709122089, "lon_deg": -150.29059809069662, "alt_km": 474.99480027037299, "speed_km_s": 7.636039272091562, "footprint_central_angle_deg": 21.45746675494928, "footprint_radius_km": 2388.6342728745499, "elevation_mask_deg": 0.0, "agency_lead": null, "agencies": null, "program": null, "mission_class": null, "agency_evidence_url": null, "satcat_object_type": "PAY", "satcat_ops_status": "+", "satcat_owner": "BRAZ", "satcat_launch_date": "2014-06-19", "satcat_launch_site": "DLS", "satcat_rcs_m2": 0.037, "satcat_orbit_center": "EA", "satcat_orbit_type": "ORB", "object_id_y": "2014-033Q", "country": "Brazil", "owner_code": "BRAZ", "launch_date": "2014-06-19", "decay_date": null, "on_orbit": true, "ops_status_code": "+", "launch_site": "DLS", "apogee_km": 471.0, "perigee_km": 465.0, "inclination_deg_y": 98.07, "iss_deployed": false, "launch_date_reliable": true, "deployment_date": null, "iss_ejection_date": null, "deployment_source": null, "effective_date": "2014-06-19", "effective_date_known": true, "date_basis": "catalog launch date", "date_caveat": null, "external_catalog_note": null, "imaging": "no", "sensor_type": null, "best_resolution_m": null, "confidence": "high", "evidence_url": "https://www.eoportal.org/satellite-missions/nanosatc-br1", "classified_by": "crosswalk", "rule_note": null }, "geometry": { "type": "Point", "coordinates": [ -150.290598090696619, 60.555603709122089 ] } },
{ "type": "Feature", "properties": { "norad_cat_id": 40272, "object_id_x": "2014-062B", "object_name": "ARSAT 1", "element_epoch_utc": "2026-07-25T10:50:09.464352", "element_age_days": 0.7568, "inclination_deg_x": 0.0637, "raan_deg": 269.8961, "eccentricity": 0.00022133, "arg_perigee_deg": 206.7143, "mean_anomaly_deg": 277.2772, "mean_motion_rev_day": 1.00271701, "bstar": 0.0, "rev_at_epoch": 4300.0, "element_set_no": 999.0, "classification": "U", "period_min": 1436.0981070820769, "apogee_alt_km": 35797.010225577935, "perigee_alt_km": 35778.345106943081, "orbit_class": "GEO", "lat_deg": 0.0041877470881345313, "lon_deg": -71.809484495797093, "alt_km": 35795.402149476446, "speed_km_s": 3.0740408624960018, "footprint_central_angle_deg": 81.301466637644992, "footprint_radius_km": 9050.4378668489608, "elevation_mask_deg": 0.0, "agency_lead": null, "agencies": null, "program": null, "mission_class": null, "agency_evidence_url": null, "satcat_object_type": "PAY", "satcat_ops_status": "+", "satcat_owner": "ARGN", "satcat_launch_date": "2014-10-16", "satcat_launch_site": "FRGUI", "satcat_rcs_m2": 85.7424, "satcat_orbit_center": "EA", "satcat_orbit_type": "ORB", "object_id_y": "2014-062B", "country": "Argentina", "owner_code": "ARGN", "launch_date": "2014-10-16", "decay_date": null, "on_orbit": true, "ops_status_code": "+", "launch_site": "FRGUI", "apogee_km": 35796.0, "perigee_km": 35778.0, "inclination_deg_y": 0.05, "iss_deployed": false, "launch_date_reliable": true, "deployment_date": null, "iss_ejection_date": null, "deployment_source": null, "effective_date": "2014-10-16", "effective_date_known": true, "date_basis": "catalog launch date", "date_caveat": null, "external_catalog_note": null, "imaging": "no", "sensor_type": null, "best_resolution_m": null, "confidence": "high", "evidence_url": "https://en.wikipedia.org/wiki/ARSAT-1", "classified_by": "crosswalk", "rule_note": null }, "geometry": { "type": "Point", "coordinates": [ -71.809484495797093, 0.004187747088135 ] } },
{ "type": "Feature", "properties": { "norad_cat_id": 40336, "object_id_x": "2014-079A", "object_name": "CBERS 4", "element_epoch_utc": "2026-07-25T13:58:26.990976", "element_age_days": 0.6261, "inclination_deg_x": 98.3515, "raan_deg": 262.2047, "eccentricity": 5.301e-05, "arg_perigee_deg": 84.228, "mean_anomaly_deg": 275.8966, "mean_motion_rev_day": 14.3551859, "bstar": 6.912505e-05, "rev_at_epoch": 60946.0, "element_set_no": 999.0, "classification": "U", "period_min": 100.31218056186928, "apogee_alt_km": 770.84318362872079, "perigee_alt_km": 770.08528913767907, "orbit_class": "LEO", "lat_deg": -6.3587241668917098, "lon_deg": -115.16639756746356, "alt_km": 777.3274293500474, "speed_km_s": 7.4649221345622525, "footprint_central_angle_deg": 26.954609597812187, "footprint_radius_km": 3000.5734149599375, "elevation_mask_deg": 0.0, "agency_lead": null, "agencies": null, "program": null, "mission_class": null, "agency_evidence_url": null, "satcat_object_type": "PAY", "satcat_ops_status": "+", "satcat_owner": "CHBZ", "satcat_launch_date": "2014-12-07", "satcat_launch_site": "TAISC", "satcat_rcs_m2": 3.7804, "satcat_orbit_center": "EA", "satcat_orbit_type": "ORB", "object_id_y": "2014-079A", "country": "China/Brazil (joint)", "owner_code": "CHBZ", "launch_date": "2014-12-07", "decay_date": null, "on_orbit": true, "ops_status_code": "+", "launch_site": "TAISC", "apogee_km": 774.0, "perigee_km": 773.0, "inclination_deg_y": 98.35, "iss_deployed": false, "launch_date_reliable": true, "deployment_date": null, "iss_ejection_date": null, "deployment_source": null, "effective_date": "2014-12-07", "effective_date_known": true, "date_basis": "catalog launch date", "date_caveat": null, "external_catalog_note": null, "imaging": "yes", "sensor_type": "multispectral", "best_resolution_m": 5.0, "confidence": "high", "evidence_url": "https://www.gov.br/inpe/pt-br/programas/cbers/sobre-o-cbers-1/cbers-3-e-4/cameras-imageadoras", "classified_by": "crosswalk", "rule_note": null }, "geometry": { "type": "Point", "coordinates": [ -115.166397567463562, -6.35872416689171 ] } },
{ "type": "Feature", "properties": { "norad_cat_id": 40664, "object_id_x": "2015-026B", "object_name": "SKY MEXICO-1", "element_epoch_utc": "2026-07-25T10:48:09.655200", "element_age_days": 0.7582, "inclination_deg_x": 0.0141, "raan_deg": 29.1052, "eccentricity": 0.00027117, "arg_perigee_deg": 106.2652, "mean_anomaly_deg": 251.022, "mean_motion_rev_day": 1.00272092, "bstar": 0.0, "rev_at_epoch": 4083.0, "element_set_no": 999.0, "classification": "U", "period_min": 1436.0925071753763, "apogee_alt_km": 35799.002133231443, "perigee_alt_km": 35776.133985834138, "orbit_class": "GEO", "lat_deg": -0.037219519931838391, "lon_deg": -78.790240564080278, "alt_km": 35797.14854092944, "speed_km_s": 3.0739091625072286, "footprint_central_angle_deg": 81.301829618813414, "footprint_radius_km": 9050.4782737277947, "elevation_mask_deg": 0.0, "agency_lead": null, "agencies": null, "program": null, "mission_class": null, "agency_evidence_url": null, "satcat_object_type": "PAY", "satcat_ops_status": "+", "satcat_owner": "MEX", "satcat_launch_date": "2015-05-27", "satcat_launch_site": "FRGUI", "satcat_rcs_m2": 75.685, "satcat_orbit_center": "EA", "satcat_orbit_type": "ORB", "object_id_y": "2015-026B", "country": "Mexico", "owner_code": "MEX", "launch_date": "2015-05-27", "decay_date": null, "on_orbit": true, "ops_status_code": "+", "launch_site": "FRGUI", "apogee_km": 35798.0, "perigee_km": 35775.0, "inclination_deg_y": 0.01, "iss_deployed": false, "launch_date_reliable": true, "deployment_date": null, "iss_ejection_date": null, "deployment_source": null, "effective_date": "2015-05-27", "effective_date_known": true, "date_basis": "catalog launch date", "date_caveat": null, "external_catalog_note": null, "imaging": "no", "sensor_type": null, "best_resolution_m": null, "confidence": "high", "evidence_url": "https://space.skyrocket.de/doc_sdat/sky-mexico-1.htm", "classified_by": "crosswalk", "rule_note": null }, "geometry": { "type": "Point", "coordinates": [ -78.790240564080278, -0.037219519931838 ] } },
{ "type": "Feature", "properties": { "norad_cat_id": 40733, "object_id_x": "2015-034B", "object_name": "STAR ONE C4", "element_epoch_utc": "2026-07-25T07:25:16.406688", "element_age_days": 0.8991, "inclination_deg_x": 0.0382, "raan_deg": 313.7384, "eccentricity": 0.00016951, "arg_perigee_deg": 142.4532, "mean_anomaly_deg": 248.142, "mean_motion_rev_day": 1.00271655, "bstar": 0.0, "rev_at_epoch": 4039.0, "element_set_no": 999.0, "classification": "U", "period_min": 1436.0987658975012, "apogee_alt_km": 35794.838091737278, "perigee_alt_km": 35780.543033555026, "orbit_class": "GEO", "lat_deg": -0.022810585718309181, "lon_deg": -70.008370778274994, "alt_km": 35792.26191127771, "speed_km_s": 3.0742708666233378, "footprint_central_angle_deg": 81.300813873937315, "footprint_radius_km": 9050.365201525412, "elevation_mask_deg": 0.0, "agency_lead": null, "agencies": null, "program": null, "mission_class": null, "agency_evidence_url": null, "satcat_object_type": "PAY", "satcat_ops_status": "+", "satcat_owner": "BRAZ", "satcat_launch_date": "2015-07-15", "satcat_launch_site": "FRGUI", "satcat_rcs_m2": 23.3101, "satcat_orbit_center": "EA", "satcat_orbit_type": "ORB", "object_id_y": "2015-034B", "country": "Brazil", "owner_code": "BRAZ", "launch_date": "2015-07-15", "decay_date": null, "on_orbit": true, "ops_status_code": "+", "launch_site": "FRGUI", "apogee_km": 35794.0, "perigee_km": 35779.0, "inclination_deg_y": 0.04, "iss_deployed": false, "launch_date_reliable": true, "deployment_date": null, "iss_ejection_date": null, "deployment_source": null, "effective_date": "2015-07-15", "effective_date_known": true, "date_basis": "catalog launch date", "date_caveat": null, "external_catalog_note": null, "imaging": "no", "sensor_type": null, "best_resolution_m": null, "confidence": "high", "evidence_url": "https://www.embratel.com.br/satelites/satelites-english/nossa-frota-english/star-one-c4-english", "classified_by": "crosswalk", "rule_note": null }, "geometry": { "type": "Point", "coordinates": [ -70.008370778274994, -0.022810585718309 ] } },
{ "type": "Feature", "properties": { "norad_cat_id": 40941, "object_id_x": "2015-054B", "object_name": "ARSAT 2", "element_epoch_utc": "2026-07-24T21:06:20.414016", "element_age_days": 1.3289, "inclination_deg_x": 0.0441, "raan_deg": 278.1882, "eccentricity": 0.00023379, "arg_perigee_deg": 191.8903, "mean_anomaly_deg": 68.0963, "mean_motion_rev_day": 1.00271585, "bstar": 0.0, "rev_at_epoch": 3968.0, "element_set_no": 999.0, "classification": "U", "period_min": 1436.0997684438717, "apogee_alt_km": 35797.568138515569, "perigee_alt_km": 35777.8522326237, "orbit_class": "GEO", "lat_deg": -0.017296158378383969, "lon_deg": -81.004091985959946, "alt_km": 35796.058459167558, "speed_km_s": 3.0739952416122684, "footprint_central_angle_deg": 81.301603052815651, "footprint_radius_km": 9050.4530525162954, "elevation_mask_deg": 0.0, "agency_lead": null, "agencies": null, "program": null, "mission_class": null, "agency_evidence_url": null, "satcat_object_type": "PAY", "satcat_ops_status": "+", "satcat_owner": "ARGN", "satcat_launch_date": "2015-09-30", "satcat_launch_site": "FRGUI", "satcat_rcs_m2": 81.4064, "satcat_orbit_center": "EA", "satcat_orbit_type": "ORB", "object_id_y": "2015-054B", "country": "Argentina", "owner_code": "ARGN", "launch_date": "2015-09-30", "decay_date": null, "on_orbit": true, "ops_status_code": "+", "launch_site": "FRGUI", "apogee_km": 35796.0, "perigee_km": 35777.0, "inclination_deg_y": 0.04, "iss_deployed": false, "launch_date_reliable": true, "deployment_date": null, "iss_ejection_date": null, "deployment_source": null, "effective_date": "2015-09-30", "effective_date_known": true, "date_basis": "catalog launch date", "date_caveat": null, "external_catalog_note": null, "imaging": "no", "sensor_type": null, "best_resolution_m": null, "confidence": "high", "evidence_url": "https://en.wikipedia.org/wiki/ARSAT-2", "classified_by": "crosswalk", "rule_note": null }, "geometry": { "type": "Point", "coordinates": [ -81.004091985959946, -0.017296158378384 ] } },
{ "type": "Feature", "properties": { "norad_cat_id": 40946, "object_id_x": "2015-056A", "object_name": "MORELOS 3", "element_epoch_utc": "2026-07-25T10:38:25.586880", "element_age_days": 0.765, "inclination_deg_x": 3.219, "raan_deg": 16.0326, "eccentricity": 8.928e-05, "arg_perigee_deg": 181.266, "mean_anomaly_deg": 152.3582, "mean_motion_rev_day": 1.00272332, "bstar": 0.0, "rev_at_epoch": 3966.0, "element_set_no": 999.0, "classification": "U", "period_min": 1436.0890699141214, "apogee_alt_km": 35791.260388070623, "perigee_alt_km": 35783.731293027726, "orbit_class": "GEO", "lat_deg": -3.0352195220774014, "lon_deg": -113.11595239471366, "alt_km": 35784.999990939432, "speed_km_s": 3.0747934417346383, "footprint_central_angle_deg": 81.299303956239541, "footprint_radius_km": 9050.1971182561574, "elevation_mask_deg": 0.0, "agency_lead": null, "agencies": null, "program": null, "mission_class": null, "agency_evidence_url": null, "satcat_object_type": "PAY", "satcat_ops_status": "+", "satcat_owner": "MEX", "satcat_launch_date": "2015-10-02", "satcat_launch_site": "AFETR", "satcat_rcs_m2": 25.0379, "satcat_orbit_center": "EA", "satcat_orbit_type": "ORB", "object_id_y": "2015-056A", "country": "Mexico", "owner_code": "MEX", "launch_date": "2015-10-02", "decay_date": null, "on_orbit": true, "ops_status_code": "+", "launch_site": "AFETR", "apogee_km": 35790.0, "perigee_km": 35783.0, "inclination_deg_y": 3.22, "iss_deployed": false, "launch_date_reliable": true, "deployment_date": null, "iss_ejection_date": null, "deployment_source": null, "effective_date": "2015-10-02", "effective_date_known": true, "date_basis": "catalog launch date", "date_caveat": null, "external_catalog_note": null, "imaging": "no", "sensor_type": null, "best_resolution_m": null, "confidence": "high", "evidence_url": "https://space.skyrocket.de/doc_sdat/mexsat-1.htm", "classified_by": "crosswalk", "rule_note": null }, "geometry": { "type": "Point", "coordinates": [ -113.115952394713659, -3.035219522077401 ] } },
{ "type": "Feature", "properties": { "norad_cat_id": 41770, "object_id_x": "2016-058A", "object_name": "PERUSAT 1", "element_epoch_utc": "2026-07-25T14:02:18.492000", "element_age_days": 0.6234, "inclination_deg_x": 98.2009, "raan_deg": 279.7349, "eccentricity": 0.00013969, "arg_perigee_deg": 95.4685, "mean_anomaly_deg": 264.6674, "mean_motion_rev_day": 14.58535054, "bstar": 0.0001410369, "rev_at_epoch": 52469.0, "element_set_no": 999.0, "classification": "U", "period_min": 98.729200649023269, "apogee_alt_km": 695.97914525474948, "perigee_alt_km": 694.00305528485649, "orbit_class": "LEO", "lat_deg": 31.170230288964635, "lon_deg": -103.5339602186756, "alt_km": 701.44184826808987, "speed_km_s": 7.5083696969153024, "footprint_central_angle_deg": 25.720685464308417, "footprint_radius_km": 2863.2136087407662, "elevation_mask_deg": 0.0, "agency_lead": null, "agencies": null, "program": null, "mission_class": null, "agency_evidence_url": null, "satcat_object_type": "PAY", "satcat_ops_status": "+", "satcat_owner": "PERU", "satcat_launch_date": "2016-09-16", "satcat_launch_site": "FRGUI", "satcat_rcs_m2": 2.3328, "satcat_orbit_center": "EA", "satcat_orbit_type": "ORB", "object_id_y": "2016-058A", "country": "Peru", "owner_code": "PERU", "launch_date": "2016-09-16", "decay_date": null, "on_orbit": true, "ops_status_code": "+", "launch_site": "FRGUI", "apogee_km": 699.0, "perigee_km": 697.0, "inclination_deg_y": 98.2, "iss_deployed": false, "launch_date_reliable": true, "deployment_date": null, "iss_ejection_date": null, "deployment_source": null, "effective_date": "2016-09-16", "effective_date_known": true, "date_basis": "catalog launch date", "date_caveat": null, "external_catalog_note": null, "imaging": "yes", "sensor_type": "optical", "best_resolution_m": 0.7, "confidence": "high", "evidence_url": "https://www.eoportal.org/satellite-missions/perusat-1", "classified_by": "crosswalk", "rule_note": null }, "geometry": { "type": "Point", "coordinates": [ -103.533960218675603, 31.170230288964635 ] } },
{ "type": "Feature", "properties": { "norad_cat_id": 41904, "object_id_x": "2016-082B", "object_name": "STAR ONE D1", "element_epoch_utc": "2026-07-25T10:46:39.798336", "element_age_days": 0.7593, "inclination_deg_x": 0.0066, "raan_deg": 305.819, "eccentricity": 0.00020681, "arg_perigee_deg": 176.9773, "mean_anomaly_deg": 258.029, "mean_motion_rev_day": 1.00270313, "bstar": 0.0, "rev_at_epoch": 3515.0, "element_set_no": 999.0, "classification": "U", "period_min": 1436.1179863874565, "apogee_alt_km": 35796.787162649453, "perigee_alt_km": 35779.346378273156, "orbit_class": "GEO", "lat_deg": 0.00079450547572457652, "lon_deg": -83.991600283450509, "alt_km": 35795.230009636623, "speed_km_s": 3.0740668519589356, "footprint_central_angle_deg": 81.301430857353111, "footprint_radius_km": 9050.433883805088, "elevation_mask_deg": 0.0, "agency_lead": null, "agencies": null, "program": null, "mission_class": null, "agency_evidence_url": null, "satcat_object_type": "PAY", "satcat_ops_status": "+", "satcat_owner": "BRAZ", "satcat_launch_date": "2016-12-21", "satcat_launch_site": "FRGUI", "satcat_rcs_m2": 0.003, "satcat_orbit_center": "EA", "satcat_orbit_type": "ORB", "object_id_y": "2016-082B", "country": "Brazil", "owner_code": "BRAZ", "launch_date": "2016-12-21", "decay_date": null, "on_orbit": true, "ops_status_code": "+", "launch_site": "FRGUI", "apogee_km": 35796.0, "perigee_km": 35778.0, "inclination_deg_y": 0.01, "iss_deployed": false, "launch_date_reliable": true, "deployment_date": null, "iss_ejection_date": null, "deployment_source": null, "effective_date": "2016-12-21", "effective_date_known": true, "date_basis": "catalog launch date", "date_caveat": null, "external_catalog_note": null, "imaging": "no", "sensor_type": null, "best_resolution_m": null, "confidence": "high", "evidence_url": "https://www.embratel.com.br/satelites/satelites-english/nossa-frota-english/star-one-d1-english", "classified_by": "crosswalk", "rule_note": null }, "geometry": { "type": "Point", "coordinates": [ -83.991600283450509, 0.000794505475725 ] } },
{ "type": "Feature", "properties": { "norad_cat_id": 42692, "object_id_x": "2017-023B", "object_name": "SGDC", "element_epoch_utc": "2026-07-25T08:47:10.711680", "element_age_days": 0.8422, "inclination_deg_x": 0.0124, "raan_deg": 51.7276, "eccentricity": 0.00024818, "arg_perigee_deg": 73.5423, "mean_anomaly_deg": 234.7426, "mean_motion_rev_day": 1.00271445, "bstar": 0.0, "rev_at_epoch": 3378.0, "element_set_no": 999.0, "classification": "U", "period_min": 1436.101773540812, "apogee_alt_km": 35798.214161931603, "perigee_alt_km": 35777.284703534569, "orbit_class": "GEO", "lat_deg": -0.036467954272829652, "lon_deg": -74.851239165060775, "alt_km": 35796.772574156108, "speed_km_s": 3.0739436955105459, "footprint_central_angle_deg": 81.301751478043684, "footprint_radius_km": 9050.4695751371, "elevation_mask_deg": 0.0, "agency_lead": null, "agencies": null, "program": null, "mission_class": null, "agency_evidence_url": null, "satcat_object_type": "PAY", "satcat_ops_status": "+", "satcat_owner": "BRAZ", "satcat_launch_date": "2017-05-04", "satcat_launch_site": "FRGUI", "satcat_rcs_m2": null, "satcat_orbit_center": "EA", "satcat_orbit_type": "ORB", "object_id_y": "2017-023B", "country": "Brazil", "owner_code": "BRAZ", "launch_date": "2017-05-04", "decay_date": null, "on_orbit": true, "ops_status_code": "+", "launch_site": "FRGUI", "apogee_km": 35797.0, "perigee_km": 35776.0, "inclination_deg_y": 0.01, "iss_deployed": false, "launch_date_reliable": true, "deployment_date": null, "iss_ejection_date": null, "deployment_source": null, "effective_date": "2017-05-04", "effective_date_known": true, "date_basis": "catalog launch date", "date_caveat": null, "external_catalog_note": null, "imaging": "no", "sensor_type": null, "best_resolution_m": null, "confidence": "high", "evidence_url": "https://www.telebras.com.br/telebras-sat/conheca-o-sgdc/", "classified_by": "crosswalk", "rule_note": null }, "geometry": { "type": "Point", "coordinates": [ -74.851239165060775, -0.03646795427283 ] } },
{ "type": "Feature", "properties": { "norad_cat_id": 42954, "object_id_x": "2017-060A", "object_name": "VRSS-2", "element_epoch_utc": "2026-07-25T14:59:42.924768", "element_age_days": 0.5835, "inclination_deg_x": 97.6504, "raan_deg": 242.6178, "eccentricity": 0.00164811, "arg_perigee_deg": 339.6969, "mean_anomaly_deg": 20.3587, "mean_motion_rev_day": 14.81251191, "bstar": 9.8848119e-05, "rev_at_epoch": 47414.0, "element_set_no": 999.0, "classification": "U", "period_min": 97.215111707545631, "apogee_alt_km": 633.94314339074549, "perigee_alt_km": 610.86782184113667, "orbit_class": "LEO", "lat_deg": -49.307353461053459, "lon_deg": 35.327502825035992, "alt_km": 648.10025733779003, "speed_km_s": 7.5304691703353148, "footprint_central_angle_deg": 24.80238998264505, "footprint_radius_km": 2760.9894233242362, "elevation_mask_deg": 0.0, "agency_lead": null, "agencies": null, "program": null, "mission_class": null, "agency_evidence_url": null, "satcat_object_type": "PAY", "satcat_ops_status": "+", "satcat_owner": "VENZ", "satcat_launch_date": "2017-10-09", "satcat_launch_site": "JSC", "satcat_rcs_m2": null, "satcat_orbit_center": "EA", "satcat_orbit_type": "ORB", "object_id_y": "2017-060A", "country": "Venezuela", "owner_code": "VENZ", "launch_date": "2017-10-09", "decay_date": null, "on_orbit": true, "ops_status_code": "+", "launch_site": "JSC", "apogee_km": 637.0, "perigee_km": 614.0, "inclination_deg_y": 97.65, "iss_deployed": false, "launch_date_reliable": true, "deployment_date": null, "iss_ejection_date": null, "deployment_source": null, "effective_date": "2017-10-09", "effective_date_known": true, "date_basis": "catalog launch date", "date_caveat": null, "external_catalog_note": null, "imaging": "yes", "sensor_type": "optical", "best_resolution_m": 1.0, "confidence": "high", "evidence_url": "https://abae.gob.ve/el-satelite-vrss-2-sucre-un-paso-mas-hacia-la-soberania-y-el-desarrollo-del-pais/", "classified_by": "crosswalk", "rule_note": null }, "geometry": { "type": "Point", "coordinates": [ 35.327502825035992, -49.307353461053459 ] } },
{ "type": "Feature", "properties": { "norad_cat_id": 43641, "object_id_x": "2018-076A", "object_name": "SAOCOM 1A", "element_epoch_utc": "2026-07-25T14:48:36.622656", "element_age_days": 0.5912, "inclination_deg_x": 97.8895, "raan_deg": 32.8084, "eccentricity": 0.00015072, "arg_perigee_deg": 89.0241, "mean_anomaly_deg": 271.1144, "mean_motion_rev_day": 14.82154619, "bstar": 9.9349823e-05, "rev_at_epoch": 42179.0, "element_set_no": 999.0, "classification": "U", "period_min": 97.15585550524807, "apogee_alt_km": 620.62329878218657, "perigee_alt_km": 618.51391100752721, "orbit_class": "LEO", "lat_deg": -81.631632831856521, "lon_deg": 84.024274462922023, "alt_km": 651.86242561056463, "speed_km_s": 7.5300751760433151, "footprint_central_angle_deg": 24.868659220828686, "footprint_radius_km": 2768.3664811740969, "elevation_mask_deg": 0.0, "agency_lead": null, "agencies": null, "program": null, "mission_class": null, "agency_evidence_url": null, "satcat_object_type": "PAY", "satcat_ops_status": "+", "satcat_owner": "ARGN", "satcat_launch_date": "2018-10-08", "satcat_launch_site": "AFWTR", "satcat_rcs_m2": null, "satcat_orbit_center": "EA", "satcat_orbit_type": "ORB", "object_id_y": "2018-076A", "country": "Argentina", "owner_code": "ARGN", "launch_date": "2018-10-08", "decay_date": null, "on_orbit": true, "ops_status_code": "+", "launch_site": "AFWTR", "apogee_km": 624.0, "perigee_km": 622.0, "inclination_deg_y": 97.89, "iss_deployed": false, "launch_date_reliable": true, "deployment_date": null, "iss_ejection_date": null, "deployment_source": null, "effective_date": "2018-10-08", "effective_date_known": true, "date_basis": "catalog launch date", "date_caveat": null, "external_catalog_note": null, "imaging": "yes", "sensor_type": "SAR", "best_resolution_m": 10.0, "confidence": "high", "evidence_url": "https://www.argentina.gob.ar/ciencia/conae/misiones-espaciales/saocom/caracteristicas-tecnicas", "classified_by": "crosswalk", "rule_note": null }, "geometry": { "type": "Point", "coordinates": [ 84.024274462922023, -81.631632831856521 ] } },
{ "type": "Feature", "properties": { "norad_cat_id": 43786, "object_id_x": "2018-099AE", "object_name": "ITASAT", "element_epoch_utc": "2026-07-25T14:48:46.579392", "element_age_days": 0.5911, "inclination_deg_x": 97.4012, "raan_deg": 257.3676, "eccentricity": 0.0011709, "arg_perigee_deg": 210.4633, "mean_anomaly_deg": 149.5923, "mean_motion_rev_day": 15.19490039, "bstar": 0.00033353013, "rev_at_epoch": 41874.0, "element_set_no": 999.0, "classification": "U", "period_min": 94.768637045339645, "apogee_alt_km": 512.40560397873458, "perigee_alt_km": 496.28820785146303, "orbit_class": "LEO", "lat_deg": -8.4600067532887753, "lon_deg": -119.86154488604416, "alt_km": 518.38755109812882, "speed_km_s": 7.6001763309730146, "footprint_central_angle_deg": 22.356737059689078, "footprint_radius_km": 2488.740585283696, "elevation_mask_deg": 0.0, "agency_lead": null, "agencies": null, "program": null, "mission_class": null, "agency_evidence_url": null, "satcat_object_type": "PAY", "satcat_ops_status": "+", "satcat_owner": "BRAZ", "satcat_launch_date": "2018-12-03", "satcat_launch_site": "AFWTR", "satcat_rcs_m2": null, "satcat_orbit_center": "EA", "satcat_orbit_type": "ORB", "object_id_y": "2018-099AE", "country": "Brazil", "owner_code": "BRAZ", "launch_date": "2018-12-03", "decay_date": null, "on_orbit": true, "ops_status_code": "+", "launch_site": "AFWTR", "apogee_km": 515.0, "perigee_km": 499.0, "inclination_deg_y": 97.4, "iss_deployed": false, "launch_date_reliable": true, "deployment_date": null, "iss_ejection_date": null, "deployment_source": null, "effective_date": "2018-12-03", "effective_date_known": true, "date_basis": "catalog launch date", "date_caveat": null, "external_catalog_note": null, "imaging": "partial", "sensor_type": "optical", "best_resolution_m": 60.0, "confidence": "medium", "evidence_url": "https://www.eoportal.org/satellite-missions/itasat-1", "classified_by": "crosswalk", "rule_note": null }, "geometry": { "type": "Point", "coordinates": [ -119.861544886044157, -8.460006753288775 ] } },
{ "type": "Feature", "properties": { "norad_cat_id": 44883, "object_id_x": "2019-093E", "object_name": "CBERS 4A", "element_epoch_utc": "2026-07-25T14:08:45.426624", "element_age_days": 0.6189, "inclination_deg_x": 98.0176, "raan_deg": 274.0592, "eccentricity": 0.00019956, "arg_perigee_deg": 121.2667, "mean_anomaly_deg": 238.8741, "mean_motion_rev_day": 14.81458516, "bstar": 0.00010071639, "rev_at_epoch": 35676.0, "element_set_no": 999.0, "classification": "U", "period_min": 97.201506788597783, "apogee_alt_km": 623.16500763790168, "perigee_alt_km": 620.37120630984646, "orbit_class": "LEO", "lat_deg": 58.146316249369107, "lon_deg": -117.2617366476632, "alt_km": 633.8420587076331, "speed_km_s": 7.5473604722688776, "footprint_central_angle_deg": 24.549063754208941, "footprint_radius_km": 2732.7892765701476, "elevation_mask_deg": 0.0, "agency_lead": null, "agencies": null, "program": null, "mission_class": null, "agency_evidence_url": null, "satcat_object_type": "PAY", "satcat_ops_status": "+", "satcat_owner": "CHBZ", "satcat_launch_date": "2019-12-20", "satcat_launch_site": "TAISC", "satcat_rcs_m2": null, "satcat_orbit_center": "EA", "satcat_orbit_type": "ORB", "object_id_y": "2019-093E", "country": "China/Brazil (joint)", "owner_code": "CHBZ", "launch_date": "2019-12-20", "decay_date": null, "on_orbit": true, "ops_status_code": "+", "launch_site": "TAISC", "apogee_km": 626.0, "perigee_km": 623.0, "inclination_deg_y": 98.02, "iss_deployed": false, "launch_date_reliable": true, "deployment_date": null, "iss_ejection_date": null, "deployment_source": null, "effective_date": "2019-12-20", "effective_date_known": true, "date_basis": "catalog launch date", "date_caveat": null, "external_catalog_note": null, "imaging": "yes", "sensor_type": "multispectral", "best_resolution_m": 2.0, "confidence": "high", "evidence_url": "https://www.gov.br/inpe/pt-br/programas/cbers/sobre-o-cbers-1/cbers-04a/cameras-imageadoras", "classified_by": "crosswalk", "rule_note": null }, "geometry": { "type": "Point", "coordinates": [ -117.261736647663199, 58.146316249369107 ] } },
{ "type": "Feature", "properties": { "norad_cat_id": 44885, "object_id_x": "2019-093G", "object_name": "FLORIPASAT-1", "element_epoch_utc": "2026-07-25T14:41:29.201856", "element_age_days": 0.5962, "inclination_deg_x": 97.7923, "raan_deg": 301.1329, "eccentricity": 0.00104931, "arg_perigee_deg": 301.3289, "mean_anomaly_deg": 58.6909, "mean_motion_rev_day": 15.04231518, "bstar": 0.00047158074, "rev_at_epoch": 35842.0, "element_set_no": 999.0, "classification": "U", "period_min": 95.729944677305994, "apogee_alt_km": 558.13985261949847, "perigee_alt_km": 543.59850586885341, "orbit_class": "LEO", "lat_deg": -13.466074231077748, "lon_deg": -75.308338312029022, "alt_km": 554.67413364543211, "speed_km_s": 7.5862583341756142, "footprint_central_angle_deg": 23.074956436542312, "footprint_radius_km": 2568.6924005928608, "elevation_mask_deg": 0.0, "agency_lead": null, "agencies": null, "program": null, "mission_class": null, "agency_evidence_url": null, "satcat_object_type": "PAY", "satcat_ops_status": "+", "satcat_owner": "BRAZ", "satcat_launch_date": "2019-12-20", "satcat_launch_site": "TAISC", "satcat_rcs_m2": null, "satcat_orbit_center": "EA", "satcat_orbit_type": "ORB", "object_id_y": "2019-093G", "country": "Brazil", "owner_code": "BRAZ", "launch_date": "2019-12-20", "decay_date": null, "on_orbit": true, "ops_status_code": "+", "launch_site": "TAISC", "apogee_km": 561.0, "perigee_km": 547.0, "inclination_deg_y": 97.79, "iss_deployed": false, "launch_date_reliable": true, "deployment_date": null, "iss_ejection_date": null, "deployment_source": null, "effective_date": "2019-12-20", "effective_date_known": true, "date_basis": "catalog launch date", "date_caveat": null, "external_catalog_note": null, "imaging": "no", "sensor_type": null, "best_resolution_m": null, "confidence": "high", "evidence_url": "https://floripasat.ufsc.br/", "classified_by": "crosswalk", "rule_note": null }, "geometry": { "type": "Point", "coordinates": [ -75.308338312029022, -13.466074231077748 ] } },
{ "type": "Feature", "properties": { "norad_cat_id": 46265, "object_id_x": "2020-059A", "object_name": "SAOCOM 1B", "element_epoch_utc": "2026-07-25T13:56:20.701824", "element_age_days": 0.6275, "inclination_deg_x": 97.8899, "raan_deg": 31.8694, "eccentricity": 0.00014726, "arg_perigee_deg": 85.8631, "mean_anomaly_deg": 274.2751, "mean_motion_rev_day": 14.82147259, "bstar": -2.304023e-05, "rev_at_epoch": 31917.0, "element_set_no": 999.0, "classification": "U", "period_min": 97.156337958723697, "apogee_alt_km": 620.62229365401618, "perigee_alt_km": 618.56132315440436, "orbit_class": "LEO", "lat_deg": 71.854091300454925, "lon_deg": -141.55216670881865, "alt_km": 633.98628001195937, "speed_km_s": 7.548378875217165, "footprint_central_angle_deg": 24.551643591103517, "footprint_radius_km": 2733.076462699582, "elevation_mask_deg": 0.0, "agency_lead": null, "agencies": null, "program": null, "mission_class": null, "agency_evidence_url": null, "satcat_object_type": "PAY", "satcat_ops_status": "+", "satcat_owner": "ARGN", "satcat_launch_date": "2020-08-30", "satcat_launch_site": "AFETR", "satcat_rcs_m2": null, "satcat_orbit_center": "EA", "satcat_orbit_type": "ORB", "object_id_y": "2020-059A", "country": "Argentina", "owner_code": "ARGN", "launch_date": "2020-08-30", "decay_date": null, "on_orbit": true, "ops_status_code": "+", "launch_site": "AFETR", "apogee_km": 624.0, "perigee_km": 621.0, "inclination_deg_y": 97.89, "iss_deployed": false, "launch_date_reliable": true, "deployment_date": null, "iss_ejection_date": null, "deployment_source": null, "effective_date": "2020-08-30", "effective_date_known": true, "date_basis": "catalog launch date", "date_caveat": null, "external_catalog_note": null, "imaging": "yes", "sensor_type": "SAR", "best_resolution_m": 10.0, "confidence": "high", "evidence_url": "https://www.argentina.gob.ar/ciencia/conae/misiones-espaciales/saocom/caracteristicas-tecnicas", "classified_by": "crosswalk", "rule_note": null }, "geometry": { "type": "Point", "coordinates": [ -141.552166708818646, 71.854091300454925 ] } },
{ "type": "Feature", "properties": { "norad_cat_id": 47699, "object_id_x": "2021-015A", "object_name": "AMAZONIA 1", "element_epoch_utc": "2026-07-25T05:09:17.545824", "element_age_days": 0.9935, "inclination_deg_x": 98.4298, "raan_deg": 278.3328, "eccentricity": 0.00043314, "arg_perigee_deg": 89.1614, "mean_anomaly_deg": 271.0071, "mean_motion_rev_day": 14.40829438, "bstar": 7.0231193e-05, "rev_at_epoch": 28412.0, "element_set_no": 999.0, "classification": "U", "period_min": 99.942433297229741, "apogee_alt_km": 755.9652832927618, "perigee_alt_km": 749.78783060120975, "orbit_class": "LEO", "lat_deg": 67.785154045861347, "lon_deg": 101.56067324852499, "alt_km": 764.64878475199271, "speed_km_s": 7.4797104732831405, "footprint_central_angle_deg": 26.753925893816163, "footprint_radius_km": 2978.2334072205917, "elevation_mask_deg": 0.0, "agency_lead": null, "agencies": null, "program": null, "mission_class": null, "agency_evidence_url": null, "satcat_object_type": "PAY", "satcat_ops_status": "+", "satcat_owner": "BRAZ", "satcat_launch_date": "2021-02-28", "satcat_launch_site": "SRILR", "satcat_rcs_m2": null, "satcat_orbit_center": "EA", "satcat_orbit_type": "ORB", "object_id_y": "2021-015A", "country": "Brazil", "owner_code": "BRAZ", "launch_date": "2021-02-28", "decay_date": null, "on_orbit": true, "ops_status_code": "+", "launch_site": "SRILR", "apogee_km": 759.0, "perigee_km": 753.0, "inclination_deg_y": 98.43, "iss_deployed": false, "launch_date_reliable": true, "deployment_date": null, "iss_ejection_date": null, "deployment_source": null, "effective_date": "2021-02-28", "effective_date_known": true, "date_basis": "catalog launch date", "date_caveat": null, "external_catalog_note": null, "imaging": "yes", "sensor_type": "multispectral", "best_resolution_m": 64.0, "confidence": "high", "evidence_url": "https://www.gov.br/inpe/pt-br/programas/amazonia1/sobre-o-satelite/sobre-o-satelite", "classified_by": "crosswalk", "rule_note": null }, "geometry": { "type": "Point", "coordinates": [ 101.560673248524992, 67.785154045861347 ] } },
{ "type": "Feature", "properties": { "norad_cat_id": 49055, "object_id_x": "2021-069A", "object_name": "STAR ONE D2", "element_epoch_utc": "2026-07-25T07:25:16.406688", "element_age_days": 0.8991, "inclination_deg_x": 0.0046, "raan_deg": 21.6408, "eccentricity": 0.00026011, "arg_perigee_deg": 120.2857, "mean_anomaly_deg": 202.3373, "mean_motion_rev_day": 1.00270688, "bstar": 0.0, "rev_at_epoch": 1832.0, "element_set_no": 999.0, "classification": "U", "period_min": 1436.1126154834001, "apogee_alt_km": 35798.929468124697, "perigee_alt_km": 35776.993821328186, "orbit_class": "GEO", "lat_deg": -0.026579738855147556, "lon_deg": -70.064107178958935, "alt_km": 35797.210085115781, "speed_km_s": 3.073920003541931, "footprint_central_angle_deg": 81.301842409995928, "footprint_radius_km": 9050.4796976357193, "elevation_mask_deg": 0.0, "agency_lead": null, "agencies": null, "program": null, "mission_class": null, "agency_evidence_url": null, "satcat_object_type": "PAY", "satcat_ops_status": "+", "satcat_owner": "BRAZ", "satcat_launch_date": "2021-07-30", "satcat_launch_site": "FRGUI", "satcat_rcs_m2": null, "satcat_orbit_center": "EA", "satcat_orbit_type": "ORB", "object_id_y": "2021-069A", "country": "Brazil", "owner_code": "BRAZ", "launch_date": "2021-07-30", "decay_date": null, "on_orbit": true, "ops_status_code": "+", "launch_site": "FRGUI", "apogee_km": 35797.0, "perigee_km": 35777.0, "inclination_deg_y": 0.01, "iss_deployed": false, "launch_date_reliable": true, "deployment_date": null, "iss_ejection_date": null, "deployment_source": null, "effective_date": "2021-07-30", "effective_date_known": true, "date_basis": "catalog launch date", "date_caveat": null, "external_catalog_note": null, "imaging": "no", "sensor_type": null, "best_resolution_m": null, "confidence": "high", "evidence_url": "https://www.embratel.com.br/satelites/satelites-english/nossa-frota-english/star-one-d2-english", "classified_by": "crosswalk", "rule_note": null }, "geometry": { "type": "Point", "coordinates": [ -70.064107178958935, -0.026579738855148 ] } },
{ "type": "Feature", "properties": { "norad_cat_id": 52184, "object_id_x": "2022-033AD", "object_name": "NUSAT-26 (M SOMERVILLE)", "element_epoch_utc": "2026-07-25T13:42:26.000064", "element_age_days": 0.6372, "inclination_deg_x": 97.2335, "raan_deg": 285.3867, "eccentricity": 0.00072409, "arg_perigee_deg": 106.978, "mean_anomaly_deg": 253.2263, "mean_motion_rev_day": 15.43587593, "bstar": 0.00048021967, "rev_at_epoch": 11062.0, "element_set_no": 999.0, "classification": "U", "period_min": 93.289166518974483, "apogee_alt_km": 437.3897436369752, "perigee_alt_km": 427.52677868802471, "orbit_class": "LEO", "lat_deg": -60.637438857464211, "lon_deg": -79.924935392812415, "alt_km": 463.64690042989793, "speed_km_s": 7.6305250064654579, "footprint_central_angle_deg": 21.214375657910637, "footprint_radius_km": 2361.57349573583, "elevation_mask_deg": 0.0, "agency_lead": null, "agencies": null, "program": null, "mission_class": null, "agency_evidence_url": null, "satcat_object_type": "PAY", "satcat_ops_status": "+", "satcat_owner": "ARGN", "satcat_launch_date": "2022-04-01", "satcat_launch_site": "AFETR", "satcat_rcs_m2": null, "satcat_orbit_center": "EA", "satcat_orbit_type": "ORB", "object_id_y": "2022-033AD", "country": "Argentina", "owner_code": "ARGN", "launch_date": "2022-04-01", "decay_date": null, "on_orbit": true, "ops_status_code": "+", "launch_site": "AFETR", "apogee_km": 441.0, "perigee_km": 431.0, "inclination_deg_y": 97.23, "iss_deployed": false, "launch_date_reliable": true, "deployment_date": null, "iss_ejection_date": null, "deployment_source": null, "effective_date": "2022-04-01", "effective_date_known": true, "date_basis": "catalog launch date", "date_caveat": null, "external_catalog_note": null, "imaging": "yes", "sensor_type": "multispectral", "best_resolution_m": null, "confidence": "medium", "evidence_url": "https://satellogic.com/technology/", "classified_by": "name_rule", "rule_note": "Satellogic NewSat/NuSat commercial EO constellation" }, "geometry": { "type": "Point", "coordinates": [ -79.924935392812415, -60.637438857464211 ] } },
{ "type": "Feature", "properties": { "norad_cat_id": 55047, "object_id_x": "2023-001AQ", "object_name": "NUSAT-33 (ALBANIA-2)", "element_epoch_utc": "2026-07-25T13:58:53.703264", "element_age_days": 0.6258, "inclination_deg_x": 97.3054, "raan_deg": 266.7536, "eccentricity": 0.00046417, "arg_perigee_deg": 264.4826, "mean_anomaly_deg": 95.5884, "mean_motion_rev_day": 15.2841624, "bstar": 0.00034935626, "rev_at_epoch": 19817.0, "element_set_no": 999.0, "classification": "U", "period_min": 94.215172694056164, "apogee_alt_km": 480.67858852992339, "perigee_alt_km": 474.31423166667219, "orbit_class": "LEO", "lat_deg": -21.035121637921392, "lon_deg": 65.647581961013515, "alt_km": 487.0822667284217, "speed_km_s": 7.6213626262058121, "footprint_central_angle_deg": 21.712677953788074, "footprint_radius_km": 2417.0442535740253, "elevation_mask_deg": 0.0, "agency_lead": null, "agencies": null, "program": null, "mission_class": null, "agency_evidence_url": null, "satcat_object_type": "PAY", "satcat_ops_status": "+", "satcat_owner": "ARGN", "satcat_launch_date": "2023-01-03", "satcat_launch_site": "AFETR", "satcat_rcs_m2": null, "satcat_orbit_center": "EA", "satcat_orbit_type": "ORB", "object_id_y": "2023-001AQ", "country": "Argentina", "owner_code": "ARGN", "launch_date": "2023-01-03", "decay_date": null, "on_orbit": true, "ops_status_code": "+", "launch_site": "AFETR", "apogee_km": 484.0, "perigee_km": 477.0, "inclination_deg_y": 97.31, "iss_deployed": false, "launch_date_reliable": true, "deployment_date": null, "iss_ejection_date": null, "deployment_source": null, "effective_date": "2023-01-03", "effective_date_known": true, "date_basis": "catalog launch date", "date_caveat": null, "external_catalog_note": null, "imaging": "yes", "sensor_type": "multispectral", "best_resolution_m": null, "confidence": "medium", "evidence_url": "https://satellogic.com/technology/", "classified_by": "name_rule", "rule_note": "Satellogic NewSat/NuSat commercial EO constellation" }, "geometry": { "type": "Point", "coordinates": [ 65.647581961013515, -21.035121637921392 ] } },
{ "type": "Feature", "properties": { "norad_cat_id": 55048, "object_id_x": "2023-001AR", "object_name": "NUSAT-35 (WILLIAMINA)", "element_epoch_utc": "2026-07-25T14:39:29.026368", "element_age_days": 0.5976, "inclination_deg_x": 97.1835, "raan_deg": 258.4081, "eccentricity": 0.00093204, "arg_perigee_deg": 330.2132, "mean_anomaly_deg": 29.8581, "mean_motion_rev_day": 15.36049332, "bstar": 0.00036977708, "rev_at_epoch": 19830.0, "element_set_no": 999.0, "classification": "U", "period_min": 93.746989110373178, "apogee_alt_km": 461.10885082769931, "perigee_alt_km": 448.37182456820381, "orbit_class": "LEO", "lat_deg": 61.775913174977497, "lon_deg": -133.42274902311109, "alt_km": 468.87038682780508, "speed_km_s": 7.63743635095563, "footprint_central_angle_deg": 21.32669976960177, "footprint_radius_km": 2374.0773586530941, "elevation_mask_deg": 0.0, "agency_lead": null, "agencies": null, "program": null, "mission_class": null, "agency_evidence_url": null, "satcat_object_type": "PAY", "satcat_ops_status": "+", "satcat_owner": "ARGN", "satcat_launch_date": "2023-01-03", "satcat_launch_site": "AFETR", "satcat_rcs_m2": null, "satcat_orbit_center": "EA", "satcat_orbit_type": "ORB", "object_id_y": "2023-001AR", "country": "Argentina", "owner_code": "ARGN", "launch_date": "2023-01-03", "decay_date": null, "on_orbit": true, "ops_status_code": "+", "launch_site": "AFETR", "apogee_km": 464.0, "perigee_km": 451.0, "inclination_deg_y": 97.18, "iss_deployed": false, "launch_date_reliable": true, "deployment_date": null, "iss_ejection_date": null, "deployment_source": null, "effective_date": "2023-01-03", "effective_date_known": true, "date_basis": "catalog launch date", "date_caveat": null, "external_catalog_note": null, "imaging": "yes", "sensor_type": "multispectral", "best_resolution_m": null, "confidence": "medium", "evidence_url": "https://satellogic.com/technology/", "classified_by": "name_rule", "rule_note": "Satellogic NewSat/NuSat commercial EO constellation" }, "geometry": { "type": "Point", "coordinates": [ -133.422749023111095, 61.775913174977497 ] } },
{ "type": "Feature", "properties": { "norad_cat_id": 56201, "object_id_x": "2023-054Z", "object_name": "NUSAT-39 (TIKVAH ALPER)", "element_epoch_utc": "2026-07-25T13:58:02.161344", "element_age_days": 0.6264, "inclination_deg_x": 97.3081, "raan_deg": 116.7338, "eccentricity": 0.00019253, "arg_perigee_deg": 231.5476, "mean_anomaly_deg": 128.5603, "mean_motion_rev_day": 15.48495597, "bstar": 0.00054690614, "rev_at_epoch": 18439.0, "element_set_no": 999.0, "classification": "U", "period_min": 92.993483661807275, "apogee_alt_km": 419.35835209955656, "perigee_alt_km": 416.74141314865301, "orbit_class": "LEO", "lat_deg": -68.53277361965894, "lon_deg": -100.46595871268451, "alt_km": 445.58122502778377, "speed_km_s": 7.6440581180570106, "footprint_central_angle_deg": 20.820089243835682, "footprint_radius_km": 2317.6817328943002, "elevation_mask_deg": 0.0, "agency_lead": null, "agencies": null, "program": null, "mission_class": null, "agency_evidence_url": null, "satcat_object_type": "PAY", "satcat_ops_status": "+", "satcat_owner": "ARGN", "satcat_launch_date": "2023-04-15", "satcat_launch_site": "AFWTR", "satcat_rcs_m2": null, "satcat_orbit_center": "EA", "satcat_orbit_type": "ORB", "object_id_y": "2023-054Z", "country": "Argentina", "owner_code": "ARGN", "launch_date": "2023-04-15", "decay_date": null, "on_orbit": true, "ops_status_code": "+", "launch_site": "AFWTR", "apogee_km": 422.0, "perigee_km": 420.0, "inclination_deg_y": 97.31, "iss_deployed": false, "launch_date_reliable": true, "deployment_date": null, "iss_ejection_date": null, "deployment_source": null, "effective_date": "2023-04-15", "effective_date_known": true, "date_basis": "catalog launch date", "date_caveat": null, "external_catalog_note": null, "imaging": "yes", "sensor_type": "multispectral", "best_resolution_m": null, "confidence": "medium", "evidence_url": "https://satellogic.com/technology/", "classified_by": "name_rule", "rule_note": "Satellogic NewSat/NuSat commercial EO constellation" }, "geometry": { "type": "Point", "coordinates": [ -100.465958712684511, -68.53277361965894 ] } },
{ "type": "Feature", "properties": { "norad_cat_id": 56202, "object_id_x": "2023-054AA", "object_name": "NUSAT-38 (MARIA AGNESI)", "element_epoch_utc": "2026-07-25T14:52:25.136832", "element_age_days": 0.5886, "inclination_deg_x": 97.3021, "raan_deg": 117.55, "eccentricity": 0.0007805, "arg_perigee_deg": 277.1394, "mean_anomaly_deg": 82.8971, "mean_motion_rev_day": 15.51766813, "bstar": 0.00056900645, "rev_at_epoch": 18446.0, "element_set_no": 999.0, "classification": "U", "period_min": 92.797447911395693, "apogee_alt_km": 413.78338528061335, "perigee_alt_km": 403.18946923266549, "orbit_class": "LEO", "lat_deg": 45.72177760581819, "lon_deg": 91.729510609061919, "alt_km": 422.0047039700998, "speed_km_s": 7.6605722114238111, "footprint_central_angle_deg": 20.291271226467448, "footprint_radius_km": 2258.8139804785596, "elevation_mask_deg": 0.0, "agency_lead": null, "agencies": null, "program": null, "mission_class": null, "agency_evidence_url": null, "satcat_object_type": "PAY", "satcat_ops_status": "+", "satcat_owner": "ARGN", "satcat_launch_date": "2023-04-15", "satcat_launch_site": "AFWTR", "satcat_rcs_m2": null, "satcat_orbit_center": "EA", "satcat_orbit_type": "ORB", "object_id_y": "2023-054AA", "country": "Argentina", "owner_code": "ARGN", "launch_date": "2023-04-15", "decay_date": null, "on_orbit": true, "ops_status_code": "+", "launch_site": "AFWTR", "apogee_km": 417.0, "perigee_km": 406.0, "inclination_deg_y": 97.3, "iss_deployed": false, "launch_date_reliable": true, "deployment_date": null, "iss_ejection_date": null, "deployment_source": null, "effective_date": "2023-04-15", "effective_date_known": true, "date_basis": "catalog launch date", "date_caveat": null, "external_catalog_note": null, "imaging": "yes", "sensor_type": "multispectral", "best_resolution_m": null, "confidence": "medium", "evidence_url": "https://satellogic.com/technology/", "classified_by": "name_rule", "rule_note": "Satellogic NewSat/NuSat commercial EO constellation" }, "geometry": { "type": "Point", "coordinates": [ 91.729510609061919, 45.72177760581819 ] } },
{ "type": "Feature", "properties": { "norad_cat_id": 56203, "object_id_x": "2023-054AB", "object_name": "NUSAT-37 (JOAN CLARKE)", "element_epoch_utc": "2026-07-25T14:53:56.305248", "element_age_days": 0.5875, "inclination_deg_x": 97.2587, "raan_deg": 114.5035, "eccentricity": 0.00087582, "arg_perigee_deg": 118.3354, "mean_anomaly_deg": 241.8788, "mean_motion_rev_day": 15.60493232, "bstar": 0.00058324979, "rev_at_epoch": 18463.0, "element_set_no": 999.0, "classification": "U", "period_min": 92.278516206983468, "apogee_alt_km": 389.05859340917158, "perigee_alt_km": 377.21527903480734, "orbit_class": "LEO", "lat_deg": 58.038433868295847, "lon_deg": 84.482645436925296, "alt_km": 392.72129592838792, "speed_km_s": 7.6820885421828189, "footprint_central_angle_deg": 19.61010101910702, "footprint_radius_km": 2182.9864598516488, "elevation_mask_deg": 0.0, "agency_lead": null, "agencies": null, "program": null, "mission_class": null, "agency_evidence_url": null, "satcat_object_type": "PAY", "satcat_ops_status": "+", "satcat_owner": "ARGN", "satcat_launch_date": "2023-04-15", "satcat_launch_site": "AFWTR", "satcat_rcs_m2": null, "satcat_orbit_center": "EA", "satcat_orbit_type": "ORB", "object_id_y": "2023-054AB", "country": "Argentina", "owner_code": "ARGN", "launch_date": "2023-04-15", "decay_date": null, "on_orbit": true, "ops_status_code": "+", "launch_site": "AFWTR", "apogee_km": 392.0, "perigee_km": 381.0, "inclination_deg_y": 97.26, "iss_deployed": false, "launch_date_reliable": true, "deployment_date": null, "iss_ejection_date": null, "deployment_source": null, "effective_date": "2023-04-15", "effective_date_known": true, "date_basis": "catalog launch date", "date_caveat": null, "external_catalog_note": null, "imaging": "yes", "sensor_type": "multispectral", "best_resolution_m": null, "confidence": "medium", "evidence_url": "https://satellogic.com/technology/", "classified_by": "name_rule", "rule_note": "Satellogic NewSat/NuSat commercial EO constellation" }, "geometry": { "type": "Point", "coordinates": [ 84.482645436925296, 58.038433868295847 ] } },
{ "type": "Feature", "properties": { "norad_cat_id": 56943, "object_id_x": "2023-084M", "object_name": "NUSAT-40 (C SHOEMAKER)", "element_epoch_utc": "2026-07-25T09:31:50.134656", "element_age_days": 0.8112, "inclination_deg_x": 97.4857, "raan_deg": 356.1955, "eccentricity": 0.00026638, "arg_perigee_deg": 173.9468, "mean_anomaly_deg": 186.1834, "mean_motion_rev_day": 15.85178567, "bstar": 0.00069786179, "rev_at_epoch": 17484.0, "element_set_no": 999.0, "classification": "U", "period_min": 90.841500760715249, "apogee_alt_km": 314.48724074943829, "perigee_alt_km": 310.92262886577009, "orbit_class": "LEO", "lat_deg": -52.814303960377288, "lon_deg": -11.908999096833981, "alt_km": 336.9295163287502, "speed_km_s": 7.7040670619548628, "footprint_central_angle_deg": 18.226985094638376, "footprint_radius_km": 2029.0186994317312, "elevation_mask_deg": 0.0, "agency_lead": null, "agencies": null, "program": null, "mission_class": null, "agency_evidence_url": null, "satcat_object_type": "PAY", "satcat_ops_status": "+", "satcat_owner": "ARGN", "satcat_launch_date": "2023-06-12", "satcat_launch_site": "AFWTR", "satcat_rcs_m2": null, "satcat_orbit_center": "EA", "satcat_orbit_type": "ORB", "object_id_y": "2023-084M", "country": "Argentina", "owner_code": "ARGN", "launch_date": "2023-06-12", "decay_date": null, "on_orbit": true, "ops_status_code": "+", "launch_site": "AFWTR", "apogee_km": 319.0, "perigee_km": 315.0, "inclination_deg_y": 97.49, "iss_deployed": false, "launch_date_reliable": true, "deployment_date": null, "iss_ejection_date": null, "deployment_source": null, "effective_date": "2023-06-12", "effective_date_known": true, "date_basis": "catalog launch date", "date_caveat": null, "external_catalog_note": null, "imaging": "yes", "sensor_type": "multispectral", "best_resolution_m": null, "confidence": "medium", "evidence_url": "https://satellogic.com/technology/", "classified_by": "name_rule", "rule_note": "Satellogic NewSat/NuSat commercial EO constellation" }, "geometry": { "type": "Point", "coordinates": [ -11.908999096833981, -52.814303960377288 ] } },
{ "type": "Feature", "properties": { "norad_cat_id": 56944, "object_id_x": "2023-084N", "object_name": "NUSAT-41 (C PAYNE-G)", "element_epoch_utc": "2026-07-25T13:56:34.109376", "element_age_days": 0.6274, "inclination_deg_x": 97.5553, "raan_deg": 343.9227, "eccentricity": 0.00077942, "arg_perigee_deg": 172.1768, "mean_anomaly_deg": 187.9595, "mean_motion_rev_day": 15.30103247, "bstar": 0.00038341615, "rev_at_epoch": 17365.0, "element_set_no": 999.0, "classification": "U", "period_min": 94.111296268623619, "apogee_alt_km": 477.80216675013139, "perigee_alt_km": 467.12318107213207, "orbit_class": "LEO", "lat_deg": -33.79262361137684, "lon_deg": 140.58667582067034, "alt_km": 484.4474502250161, "speed_km_s": 7.6238331382477025, "footprint_central_angle_deg": 21.657367685652243, "footprint_radius_km": 2410.8871426895053, "elevation_mask_deg": 0.0, "agency_lead": null, "agencies": null, "program": null, "mission_class": null, "agency_evidence_url": null, "satcat_object_type": "PAY", "satcat_ops_status": "+", "satcat_owner": "ARGN", "satcat_launch_date": "2023-06-12", "satcat_launch_site": "AFWTR", "satcat_rcs_m2": null, "satcat_orbit_center": "EA", "satcat_orbit_type": "ORB", "object_id_y": "2023-084N", "country": "Argentina", "owner_code": "ARGN", "launch_date": "2023-06-12", "decay_date": null, "on_orbit": true, "ops_status_code": "+", "launch_site": "AFWTR", "apogee_km": 481.0, "perigee_km": 470.0, "inclination_deg_y": 97.56, "iss_deployed": false, "launch_date_reliable": true, "deployment_date": null, "iss_ejection_date": null, "deployment_source": null, "effective_date": "2023-06-12", "effective_date_known": true, "date_basis": "catalog launch date", "date_caveat": null, "external_catalog_note": null, "imaging": "yes", "sensor_type": "multispectral", "best_resolution_m": null, "confidence": "medium", "evidence_url": "https://satellogic.com/technology/", "classified_by": "name_rule", "rule_note": "Satellogic NewSat/NuSat commercial EO constellation" }, "geometry": { "type": "Point", "coordinates": [ 140.586675820670337, -33.79262361137684 ] } },
{ "type": "Feature", "properties": { "norad_cat_id": 56966, "object_id_x": "2023-084AL", "object_name": "NUSAT-42 (M WONENBURGER)", "element_epoch_utc": "2026-07-25T14:36:15.537888", "element_age_days": 0.5998, "inclination_deg_x": 97.5751, "raan_deg": 352.3975, "eccentricity": 0.00069033, "arg_perigee_deg": 114.3663, "mean_anomaly_deg": 245.8308, "mean_motion_rev_day": 15.46890398, "bstar": 0.00043730778, "rev_at_epoch": 17401.0, "element_set_no": 999.0, "classification": "U", "period_min": 93.089982448775913, "apogee_alt_km": 427.46137996622866, "perigee_alt_km": 418.07164728242788, "orbit_class": "LEO", "lat_deg": 78.824642446610312, "lon_deg": -163.86348063267624, "alt_km": 434.44056335860768, "speed_km_s": 7.6605466788597525, "footprint_central_angle_deg": 20.572282419742049, "footprint_radius_km": 2290.0960034210989, "elevation_mask_deg": 0.0, "agency_lead": null, "agencies": null, "program": null, "mission_class": null, "agency_evidence_url": null, "satcat_object_type": "PAY", "satcat_ops_status": "+", "satcat_owner": "ARGN", "satcat_launch_date": "2023-06-12", "satcat_launch_site": "AFWTR", "satcat_rcs_m2": null, "satcat_orbit_center": "EA", "satcat_orbit_type": "ORB", "object_id_y": "2023-084AL", "country": "Argentina", "owner_code": "ARGN", "launch_date": "2023-06-12", "decay_date": null, "on_orbit": true, "ops_status_code": "+", "launch_site": "AFWTR", "apogee_km": 431.0, "perigee_km": 421.0, "inclination_deg_y": 97.58, "iss_deployed": false, "launch_date_reliable": true, "deployment_date": null, "iss_ejection_date": null, "deployment_source": null, "effective_date": "2023-06-12", "effective_date_known": true, "date_basis": "catalog launch date", "date_caveat": null, "external_catalog_note": null, "imaging": "yes", "sensor_type": "multispectral", "best_resolution_m": null, "confidence": "medium", "evidence_url": "https://satellogic.com/technology/", "classified_by": "name_rule", "rule_note": "Satellogic NewSat/NuSat commercial EO constellation" }, "geometry": { "type": "Point", "coordinates": [ -163.863480632676243, 78.824642446610312 ] } },
{ "type": "Feature", "properties": { "norad_cat_id": 59122, "object_id_x": "2024-043AA", "object_name": "NUSAT-44 (MARIA MITCHELL)", "element_epoch_utc": "2026-07-25T16:02:29.495616", "element_age_days": 0.5399, "inclination_deg_x": 97.5487, "raan_deg": 347.5235, "eccentricity": 0.00066791, "arg_perigee_deg": 101.7641, "mean_anomaly_deg": 258.4349, "mean_motion_rev_day": 15.30027601, "bstar": 0.00037835928, "rev_at_epoch": 13315.0, "element_set_no": 999.0, "classification": "U", "period_min": 94.115949219402353, "apogee_alt_km": 477.26411777993172, "perigee_alt_km": 468.11265088667176, "orbit_class": "LEO", "lat_deg": 82.148884669926971, "lon_deg": -137.95284547890986, "alt_km": 484.67919347839336, "speed_km_s": 7.6325058136973887, "footprint_central_angle_deg": 21.662239554074404, "footprint_radius_km": 2411.4294766014723, "elevation_mask_deg": 0.0, "agency_lead": null, "agencies": null, "program": null, "mission_class": null, "agency_evidence_url": null, "satcat_object_type": "PAY", "satcat_ops_status": "+", "satcat_owner": "ARGN", "satcat_launch_date": "2024-03-04", "satcat_launch_site": "AFWTR", "satcat_rcs_m2": null, "satcat_orbit_center": "EA", "satcat_orbit_type": "ORB", "object_id_y": "2024-043AA", "country": "Argentina", "owner_code": "ARGN", "launch_date": "2024-03-04", "decay_date": null, "on_orbit": true, "ops_status_code": "+", "launch_site": "AFWTR", "apogee_km": 480.0, "perigee_km": 471.0, "inclination_deg_y": 97.55, "iss_deployed": false, "launch_date_reliable": true, "deployment_date": null, "iss_ejection_date": null, "deployment_source": null, "effective_date": "2024-03-04", "effective_date_known": true, "date_basis": "catalog launch date", "date_caveat": null, "external_catalog_note": null, "imaging": "yes", "sensor_type": "multispectral", "best_resolution_m": null, "confidence": "medium", "evidence_url": "https://satellogic.com/technology/", "classified_by": "name_rule", "rule_note": "Satellogic NewSat/NuSat commercial EO constellation" }, "geometry": { "type": "Point", "coordinates": [ -137.952845478909865, 82.148884669926971 ] } },
{ "type": "Feature", "properties": { "norad_cat_id": 60493, "object_id_x": "2024-149AB", "object_name": "NUSAT-50 (NANCY ROMAN)", "element_epoch_utc": "2026-07-25T03:54:05.015520", "element_age_days": 1.0458, "inclination_deg_x": 97.3779, "raan_deg": 287.1666, "eccentricity": 0.00047076, "arg_perigee_deg": 77.9063, "mean_anomaly_deg": 282.2705, "mean_motion_rev_day": 15.3046508, "bstar": 0.00036527256, "rev_at_epoch": 10793.0, "element_set_no": 999.0, "classification": "U", "period_min": 94.089046448547521, "apogee_alt_km": 474.59871468712652, "perigee_alt_km": 468.14976474774767, "orbit_class": "LEO", "lat_deg": -1.7903851564045039, "lon_deg": -90.473161986436054, "alt_km": 476.92134593273232, "speed_km_s": 7.6275803855444835, "footprint_central_angle_deg": 21.498397062450952, "footprint_radius_km": 2393.1906138636477, "elevation_mask_deg": 0.0, "agency_lead": null, "agencies": null, "program": null, "mission_class": null, "agency_evidence_url": null, "satcat_object_type": "PAY", "satcat_ops_status": "+", "satcat_owner": "ARGN", "satcat_launch_date": "2024-08-16", "satcat_launch_site": "AFWTR", "satcat_rcs_m2": null, "satcat_orbit_center": "EA", "satcat_orbit_type": "ORB", "object_id_y": "2024-149AB", "country": "Argentina", "owner_code": "ARGN", "launch_date": "2024-08-16", "decay_date": null, "on_orbit": true, "ops_status_code": "+", "launch_site": "AFWTR", "apogee_km": 478.0, "perigee_km": 471.0, "inclination_deg_y": 97.38, "iss_deployed": false, "launch_date_reliable": true, "deployment_date": null, "iss_ejection_date": null, "deployment_source": null, "effective_date": "2024-08-16", "effective_date_known": true, "date_basis": "catalog launch date", "date_caveat": null, "external_catalog_note": null, "imaging": "yes", "sensor_type": "multispectral", "best_resolution_m": null, "confidence": "medium", "evidence_url": "https://satellogic.com/technology/", "classified_by": "name_rule", "rule_note": "Satellogic NewSat/NuSat commercial EO constellation" }, "geometry": { "type": "Point", "coordinates": [ -90.473161986436054, -1.790385156404504 ] } },
{ "type": "Feature", "properties": { "norad_cat_id": 60498, "object_id_x": "2024-149AG", "object_name": "NUSAT-48 (HENRIETTA LEAVITT)", "element_epoch_utc": "2026-07-25T11:31:29.653248", "element_age_days": 0.7281, "inclination_deg_x": 97.391, "raan_deg": 287.7883, "eccentricity": 0.00048601, "arg_perigee_deg": 123.8633, "mean_anomaly_deg": 236.3071, "mean_motion_rev_day": 15.2981894, "bstar": 0.00029739797, "rev_at_epoch": 10799.0, "element_set_no": 999.0, "classification": "U", "period_min": 94.128786247083596, "apogee_alt_km": 476.63490838438787, "perigee_alt_km": 469.97517163669704, "orbit_class": "LEO", "lat_deg": 47.191233140544327, "lon_deg": -98.402516484132136, "alt_km": 482.76076883649267, "speed_km_s": 7.6291840724842217, "footprint_central_angle_deg": 21.621867681553152, "footprint_radius_km": 2406.9353003100359, "elevation_mask_deg": 0.0, "agency_lead": null, "agencies": null, "program": null, "mission_class": null, "agency_evidence_url": null, "satcat_object_type": "PAY", "satcat_ops_status": "+", "satcat_owner": "ARGN", "satcat_launch_date": "2024-08-16", "satcat_launch_site": "AFWTR", "satcat_rcs_m2": null, "satcat_orbit_center": "EA", "satcat_orbit_type": "ORB", "object_id_y": "2024-149AG", "country": "Argentina", "owner_code": "ARGN", "launch_date": "2024-08-16", "decay_date": null, "on_orbit": true, "ops_status_code": "+", "launch_site": "AFWTR", "apogee_km": 479.0, "perigee_km": 473.0, "inclination_deg_y": 97.39, "iss_deployed": false, "launch_date_reliable": true, "deployment_date": null, "iss_ejection_date": null, "deployment_source": null, "effective_date": "2024-08-16", "effective_date_known": true, "date_basis": "catalog launch date", "date_caveat": null, "external_catalog_note": null, "imaging": "yes", "sensor_type": "multispectral", "best_resolution_m": null, "confidence": "medium", "evidence_url": "https://satellogic.com/technology/", "classified_by": "name_rule", "rule_note": "Satellogic NewSat/NuSat commercial EO constellation" }, "geometry": { "type": "Point", "coordinates": [ -98.402516484132136, 47.191233140544327 ] } },
{ "type": "Feature", "properties": { "norad_cat_id": 60500, "object_id_x": "2024-149AJ", "object_name": "NUSAT-49 (KLARA DAN VON NEUMANN)", "element_epoch_utc": "2026-07-24T05:10:52.327488", "element_age_days": 1.9924, "inclination_deg_x": 97.3781, "raan_deg": 286.2498, "eccentricity": 0.00037794, "arg_perigee_deg": 148.0124, "mean_anomaly_deg": 212.1346, "mean_motion_rev_day": 15.29894837, "bstar": 0.00013782216, "rev_at_epoch": 10779.0, "element_set_no": 999.0, "classification": "U", "period_min": 94.124116584622485, "apogee_alt_km": 475.66703452177961, "perigee_alt_km": 470.48833987578024, "orbit_class": "LEO", "lat_deg": 13.044452546462605, "lon_deg": 91.028098910010428, "alt_km": 476.09099444714656, "speed_km_s": 7.6301148299382078, "footprint_central_angle_deg": 21.480767812934193, "footprint_radius_km": 2391.2281347843755, "elevation_mask_deg": 0.0, "agency_lead": null, "agencies": null, "program": null, "mission_class": null, "agency_evidence_url": null, "satcat_object_type": "PAY", "satcat_ops_status": "+", "satcat_owner": "ARGN", "satcat_launch_date": "2024-08-16", "satcat_launch_site": "AFWTR", "satcat_rcs_m2": null, "satcat_orbit_center": "EA", "satcat_orbit_type": "ORB", "object_id_y": "2024-149AJ", "country": "Argentina", "owner_code": "ARGN", "launch_date": "2024-08-16", "decay_date": null, "on_orbit": true, "ops_status_code": "+", "launch_site": "AFWTR", "apogee_km": 479.0, "perigee_km": 474.0, "inclination_deg_y": 97.38, "iss_deployed": false, "launch_date_reliable": true, "deployment_date": null, "iss_ejection_date": null, "deployment_source": null, "effective_date": "2024-08-16", "effective_date_known": true, "date_basis": "catalog launch date", "date_caveat": null, "external_catalog_note": null, "imaging": "yes", "sensor_type": "multispectral", "best_resolution_m": null, "confidence": "medium", "evidence_url": "https://satellogic.com/technology/", "classified_by": "name_rule", "rule_note": "Satellogic NewSat/NuSat commercial EO constellation" }, "geometry": { "type": "Point", "coordinates": [ 91.028098910010428, 13.044452546462605 ] } },
{ "type": "Feature", "properties": { "norad_cat_id": 60532, "object_id_x": "2024-149BS", "object_name": "LEMU NGE", "element_epoch_utc": "2026-07-25T04:50:01.528512", "element_age_days": 1.0069, "inclination_deg_x": 97.6824, "raan_deg": 280.3928, "eccentricity": 7.529e-05, "arg_perigee_deg": 140.083, "mean_anomaly_deg": 220.0446, "mean_motion_rev_day": 14.9508909, "bstar": 0.00018739914, "rev_at_epoch": 10563.0, "element_set_no": 999.0, "classification": "U", "period_min": 96.315330613508792, "apogee_alt_km": 579.6309233102287, "perigee_alt_km": 578.58330179292068, "orbit_class": "LEO", "lat_deg": 16.196672182634234, "lon_deg": -99.763655475087162, "alt_km": 584.73091904363594, "speed_km_s": 7.5691588412990649, "footprint_central_angle_deg": 23.648781548220679, "footprint_radius_km": 2632.5703198292899, "elevation_mask_deg": 0.0, "agency_lead": null, "agencies": null, "program": null, "mission_class": null, "agency_evidence_url": null, "satcat_object_type": "PAY", "satcat_ops_status": "+", "satcat_owner": "CHLE", "satcat_launch_date": "2024-08-16", "satcat_launch_site": "AFWTR", "satcat_rcs_m2": null, "satcat_orbit_center": "EA", "satcat_orbit_type": "ORB", "object_id_y": "2024-149BS", "country": "Chile", "owner_code": "CHLE", "launch_date": "2024-08-16", "decay_date": null, "on_orbit": true, "ops_status_code": "+", "launch_site": "AFWTR", "apogee_km": 583.0, "perigee_km": 582.0, "inclination_deg_y": 97.68, "iss_deployed": false, "launch_date_reliable": true, "deployment_date": null, "iss_ejection_date": null, "deployment_source": null, "effective_date": "2024-08-16", "effective_date_known": true, "date_basis": "catalog launch date", "date_caveat": null, "external_catalog_note": null, "imaging": "yes", "sensor_type": "hyperspectral", "best_resolution_m": 4.75, "confidence": "high", "evidence_url": "https://www.le.mu/lemu-nge/", "classified_by": "crosswalk", "rule_note": null }, "geometry": { "type": "Point", "coordinates": [ -99.763655475087162, 16.196672182634234 ] } },
{ "type": "Feature", "properties": { "norad_cat_id": 60539, "object_id_x": "2024-149BZ", "object_name": "ICEYE-X43", "element_epoch_utc": "2026-07-23T04:35:04.306848", "element_age_days": 3.0173, "inclination_deg_x": 97.6773, "raan_deg": 280.6715, "eccentricity": 0.0006404, "arg_perigee_deg": 310.7752, "mean_anomaly_deg": 49.2915, "mean_motion_rev_day": 14.99783035, "bstar": 8.2407e-05, "rev_at_epoch": 10551.0, "element_set_no": 999.0, "classification": "U", "period_min": 96.013887768773174, "apogee_alt_km": 569.0166236872858, "perigee_alt_km": 560.12440646357743, "orbit_class": "LEO", "lat_deg": 78.331626128187864, "lon_deg": -135.74311118498471, "alt_km": 584.17759000097215, "speed_km_s": 7.5732380109771356, "footprint_central_angle_deg": 23.638380813382284, "footprint_radius_km": 2631.4125153232035, "elevation_mask_deg": 0.0, "agency_lead": null, "agencies": null, "program": null, "mission_class": null, "agency_evidence_url": null, "satcat_object_type": "PAY", "satcat_ops_status": "+", "satcat_owner": "BRAZ", "satcat_launch_date": "2024-08-16", "satcat_launch_site": "AFWTR", "satcat_rcs_m2": null, "satcat_orbit_center": "EA", "satcat_orbit_type": "ORB", "object_id_y": "2024-149BZ", "country": "Brazil", "owner_code": "BRAZ", "launch_date": "2024-08-16", "decay_date": null, "on_orbit": true, "ops_status_code": "+", "launch_site": "AFWTR", "apogee_km": 572.0, "perigee_km": 563.0, "inclination_deg_y": 97.68, "iss_deployed": false, "launch_date_reliable": true, "deployment_date": null, "iss_ejection_date": null, "deployment_source": null, "effective_date": "2024-08-16", "effective_date_known": true, "date_basis": "catalog launch date", "date_caveat": null, "external_catalog_note": null, "imaging": "yes", "sensor_type": "SAR", "best_resolution_m": 0.5, "confidence": "medium", "evidence_url": "https://www.zona-militar.com/pt/2025/03/19/a-forca-aerea-brasileira-inicia-a-operacao-autonoma-de-seu-novo-sistema-espacial-lessonia-1/", "classified_by": "crosswalk", "rule_note": null }, "geometry": { "type": "Point", "coordinates": [ -135.743111184984713, 78.331626128187864 ] } },
{ "type": "Feature", "properties": { "norad_cat_id": 60546, "object_id_x": "2024-149CG", "object_name": "ICEYE-X39", "element_epoch_utc": "2026-07-25T04:00:30.597984", "element_age_days": 1.0413, "inclination_deg_x": 97.681, "raan_deg": 282.6836, "eccentricity": 0.0006514, "arg_perigee_deg": 18.0533, "mean_anomaly_deg": 342.0921, "mean_motion_rev_day": 15.00135193, "bstar": 0.00034362752, "rev_at_epoch": 10581.0, "element_set_no": 999.0, "classification": "U", "period_min": 95.991348427754673, "apogee_alt_km": 568.0049291350291, "perigee_alt_km": 558.96138899739799, "orbit_class": "LEO", "lat_deg": -40.055382778083825, "lon_deg": 78.32682495817329, "alt_km": 585.89713771612287, "speed_km_s": 7.5637036841055885, "footprint_central_angle_deg": 23.670683043892858, "footprint_radius_km": 2635.0083831751276, "elevation_mask_deg": 0.0, "agency_lead": null, "agencies": null, "program": null, "mission_class": null, "agency_evidence_url": null, "satcat_object_type": "PAY", "satcat_ops_status": "+", "satcat_owner": "BRAZ", "satcat_launch_date": "2024-08-16", "satcat_launch_site": "AFWTR", "satcat_rcs_m2": null, "satcat_orbit_center": "EA", "satcat_orbit_type": "ORB", "object_id_y": "2024-149CG", "country": "Brazil", "owner_code": "BRAZ", "launch_date": "2024-08-16", "decay_date": null, "on_orbit": true, "ops_status_code": "+", "launch_site": "AFWTR", "apogee_km": 571.0, "perigee_km": 562.0, "inclination_deg_y": 97.68, "iss_deployed": false, "launch_date_reliable": true, "deployment_date": null, "iss_ejection_date": null, "deployment_source": null, "effective_date": "2024-08-16", "effective_date_known": true, "date_basis": "catalog launch date", "date_caveat": null, "external_catalog_note": null, "imaging": "yes", "sensor_type": "SAR", "best_resolution_m": 0.5, "confidence": "medium", "evidence_url": "https://www.zona-militar.com/pt/2025/03/19/a-forca-aerea-brasileira-inicia-a-operacao-autonoma-de-seu-novo-sistema-espacial-lessonia-1/", "classified_by": "crosswalk", "rule_note": null }, "geometry": { "type": "Point", "coordinates": [ 78.32682495817329, -40.055382778083825 ] } },
{ "type": "Feature", "properties": { "norad_cat_id": 62640, "object_id_x": "2025-009AH", "object_name": "NUSAT-45 (UZMASAT-1)", "element_epoch_utc": "2026-07-25T04:26:57.562944", "element_age_days": 1.0229, "inclination_deg_x": 97.3586, "raan_deg": 287.0371, "eccentricity": 0.00026091, "arg_perigee_deg": 151.9182, "mean_anomaly_deg": 208.22, "mean_motion_rev_day": 15.29949506, "bstar": 0.00034872603, "rev_at_epoch": 8473.0, "element_set_no": 999.0, "classification": "U", "period_min": 94.120753289749416, "apogee_alt_km": 474.70100681296594, "perigee_alt_km": 471.12599268482774, "orbit_class": "LEO", "lat_deg": -50.448406692865184, "lon_deg": 80.194023032534304, "alt_km": 495.30119122158362, "speed_km_s": 7.6157283905097071, "footprint_central_angle_deg": 21.884085354158195, "footprint_radius_km": 2436.125238101426, "elevation_mask_deg": 0.0, "agency_lead": null, "agencies": null, "program": null, "mission_class": null, "agency_evidence_url": null, "satcat_object_type": "PAY", "satcat_ops_status": "+", "satcat_owner": "ARGN", "satcat_launch_date": "2025-01-14", "satcat_launch_site": "AFWTR", "satcat_rcs_m2": null, "satcat_orbit_center": "EA", "satcat_orbit_type": "ORB", "object_id_y": "2025-009AH", "country": "Argentina", "owner_code": "ARGN", "launch_date": "2025-01-14", "decay_date": null, "on_orbit": true, "ops_status_code": "+", "launch_site": "AFWTR", "apogee_km": 478.0, "perigee_km": 474.0, "inclination_deg_y": 97.36, "iss_deployed": false, "launch_date_reliable": true, "deployment_date": null, "iss_ejection_date": null, "deployment_source": null, "effective_date": "2025-01-14", "effective_date_known": true, "date_basis": "catalog launch date", "date_caveat": null, "external_catalog_note": null, "imaging": "yes", "sensor_type": "multispectral", "best_resolution_m": null, "confidence": "medium", "evidence_url": "https://satellogic.com/technology/", "classified_by": "name_rule", "rule_note": "Satellogic NewSat/NuSat commercial EO constellation" }, "geometry": { "type": "Point", "coordinates": [ 80.194023032534304, -50.448406692865184 ] } },
{ "type": "Feature", "properties": { "norad_cat_id": 66692, "object_id_x": "2025-276AC", "object_name": "NUSAT-52", "element_epoch_utc": "2026-07-25T12:41:49.475040", "element_age_days": 0.6793, "inclination_deg_x": 97.4196, "raan_deg": 279.4455, "eccentricity": 0.00021054, "arg_perigee_deg": 215.5728, "mean_anomaly_deg": 144.5367, "mean_motion_rev_day": 15.20121088, "bstar": 0.00024384754, "rev_at_epoch": 3624.0, "element_set_no": 999.0, "classification": "U", "period_min": 94.729295670424904, "apogee_alt_km": 503.88976995688012, "perigee_alt_km": 500.99249695860323, "orbit_class": "LEO", "lat_deg": 64.005212916270168, "lon_deg": 96.606325637153915, "alt_km": 516.70851278874841, "speed_km_s": 7.6112099914495692, "footprint_central_angle_deg": 22.32278809750391, "footprint_radius_km": 2484.9614041002828, "elevation_mask_deg": 0.0, "agency_lead": null, "agencies": null, "program": null, "mission_class": null, "agency_evidence_url": null, "satcat_object_type": "PAY", "satcat_ops_status": "+", "satcat_owner": "ARGN", "satcat_launch_date": "2025-11-28", "satcat_launch_site": "AFWTR", "satcat_rcs_m2": null, "satcat_orbit_center": "EA", "satcat_orbit_type": "ORB", "object_id_y": "2025-276AC", "country": "Argentina", "owner_code": "ARGN", "launch_date": "2025-11-28", "decay_date": null, "on_orbit": true, "ops_status_code": "+", "launch_site": "AFWTR", "apogee_km": 507.0, "perigee_km": 504.0, "inclination_deg_y": 97.42, "iss_deployed": false, "launch_date_reliable": true, "deployment_date": null, "iss_ejection_date": null, "deployment_source": null, "effective_date": "2025-11-28", "effective_date_known": true, "date_basis": "catalog launch date", "date_caveat": null, "external_catalog_note": null, "imaging": "yes", "sensor_type": "multispectral", "best_resolution_m": null, "confidence": "medium", "evidence_url": "https://satellogic.com/technology/", "classified_by": "name_rule", "rule_note": "Satellogic NewSat/NuSat commercial EO constellation" }, "geometry": { "type": "Point", "coordinates": [ 96.606325637153915, 64.005212916270168 ] } },
{ "type": "Feature", "properties": { "norad_cat_id": 66740, "object_id_x": "2025-276CC", "object_name": "NUSAT-51 (YVONNE BRILL)", "element_epoch_utc": "2026-07-25T14:13:02.375904", "element_age_days": 0.6159, "inclination_deg_x": 97.4199, "raan_deg": 279.6593, "eccentricity": 0.00026517, "arg_perigee_deg": 188.0953, "mean_anomaly_deg": 172.024, "mean_motion_rev_day": 15.20665988, "bstar": 0.00026562831, "rev_at_epoch": 3626.0, "element_set_no": 999.0, "classification": "U", "period_min": 94.695351337074811, "apogee_alt_km": 502.62000573315669, "perigee_alt_km": 498.97183350924428, "orbit_class": "LEO", "lat_deg": 49.659330831152978, "lon_deg": 90.127800522595038, "alt_km": 510.729797054274, "speed_km_s": 7.6139530969711844, "footprint_central_angle_deg": 22.201367587517495, "footprint_radius_km": 2471.4449347567361, "elevation_mask_deg": 0.0, "agency_lead": null, "agencies": null, "program": null, "mission_class": null, "agency_evidence_url": null, "satcat_object_type": "PAY", "satcat_ops_status": "+", "satcat_owner": "ARGN", "satcat_launch_date": "2025-11-28", "satcat_launch_site": "AFWTR", "satcat_rcs_m2": null, "satcat_orbit_center": "EA", "satcat_orbit_type": "ORB", "object_id_y": "2025-276CC", "country": "Argentina", "owner_code": "ARGN", "launch_date": "2025-11-28", "decay_date": null, "on_orbit": true, "ops_status_code": "+", "launch_site": "AFWTR", "apogee_km": 506.0, "perigee_km": 502.0, "inclination_deg_y": 97.42, "iss_deployed": false, "launch_date_reliable": true, "deployment_date": null, "iss_ejection_date": null, "deployment_source": null, "effective_date": "2025-11-28", "effective_date_known": true, "date_basis": "catalog launch date", "date_caveat": null, "external_catalog_note": null, "imaging": "yes", "sensor_type": "multispectral", "best_resolution_m": null, "confidence": "medium", "evidence_url": "https://satellogic.com/technology/", "classified_by": "name_rule", "rule_note": "Satellogic NewSat/NuSat commercial EO constellation" }, "geometry": { "type": "Point", "coordinates": [ 90.127800522595038, 49.659330831152978 ] } },
{ "type": "Feature", "properties": { "norad_cat_id": 66743, "object_id_x": "2025-276CF", "object_name": "NUSAT-47", "element_epoch_utc": "2026-07-25T11:10:55.001568", "element_age_days": 0.7424, "inclination_deg_x": 97.4176, "raan_deg": 279.4693, "eccentricity": 0.00014946, "arg_perigee_deg": 168.0873, "mean_anomaly_deg": 192.0398, "mean_motion_rev_day": 15.20678047, "bstar": 0.0002754681, "rev_at_epoch": 3624.0, "element_set_no": 999.0, "classification": "U", "period_min": 94.694600401501035, "apogee_alt_km": 501.7875419360667, "perigee_alt_km": 499.73130281532957, "orbit_class": "LEO", "lat_deg": 76.105196592261365, "lon_deg": 112.8497812592019, "alt_km": 516.2752795895301, "speed_km_s": 7.6125120558043973, "footprint_central_angle_deg": 22.314017789445298, "footprint_radius_km": 2483.9850978730988, "elevation_mask_deg": 0.0, "agency_lead": null, "agencies": null, "program": null, "mission_class": null, "agency_evidence_url": null, "satcat_object_type": "PAY", "satcat_ops_status": "+", "satcat_owner": "ARGN", "satcat_launch_date": "2025-11-28", "satcat_launch_site": "AFWTR", "satcat_rcs_m2": null, "satcat_orbit_center": "EA", "satcat_orbit_type": "ORB", "object_id_y": "2025-276CF", "country": "Argentina", "owner_code": "ARGN", "launch_date": "2025-11-28", "decay_date": null, "on_orbit": true, "ops_status_code": "+", "launch_site": "AFWTR", "apogee_km": 505.0, "perigee_km": 503.0, "inclination_deg_y": 97.42, "iss_deployed": false, "launch_date_reliable": true, "deployment_date": null, "iss_ejection_date": null, "deployment_source": null, "effective_date": "2025-11-28", "effective_date_known": true, "date_basis": "catalog launch date", "date_caveat": null, "external_catalog_note": null, "imaging": "yes", "sensor_type": "multispectral", "best_resolution_m": null, "confidence": "medium", "evidence_url": "https://satellogic.com/technology/", "classified_by": "name_rule", "rule_note": "Satellogic NewSat/NuSat commercial EO constellation" }, "geometry": { "type": "Point", "coordinates": [ 112.849781259201905, 76.105196592261365 ] } },
{ "type": "Feature", "properties": { "norad_cat_id": 67685, "object_id_x": "1998-067YB", "object_name": "GXIBA-1", "element_epoch_utc": "2026-07-24T23:55:59.790720", "element_age_days": 1.2111, "inclination_deg_x": 51.6257, "raan_deg": 102.5265, "eccentricity": 0.00078457, "arg_perigee_deg": 355.4938, "mean_anomaly_deg": 4.5985, "mean_motion_rev_day": 15.65626234, "bstar": 0.00070251074, "rev_at_epoch": 2620.0, "element_set_no": 999.0, "classification": "U", "period_min": 91.97597541023319, "apogee_alt_km": 377.24777651785888, "perigee_alt_km": 366.65594522099445, "orbit_class": "LEO", "lat_deg": -7.0200952248997242, "lon_deg": 71.905042725169608, "alt_km": 367.64206379759872, "speed_km_s": 7.6927174871658055, "footprint_central_angle_deg": 19.003193275720374, "footprint_radius_km": 2115.4257988993522, "elevation_mask_deg": 0.0, "agency_lead": null, "agencies": null, "program": null, "mission_class": null, "agency_evidence_url": null, "satcat_object_type": "PAY", "satcat_ops_status": "+", "satcat_owner": "MEX", "satcat_launch_date": "1998-11-20", "satcat_launch_site": "TYMSC", "satcat_rcs_m2": null, "satcat_orbit_center": "EA", "satcat_orbit_type": "ORB", "object_id_y": "1998-067YB", "country": "Mexico", "owner_code": "MEX", "launch_date": "1998-11-20", "decay_date": null, "on_orbit": true, "ops_status_code": "+", "launch_site": "TYMSC", "apogee_km": 377.0, "perigee_km": 367.0, "inclination_deg_y": 51.63, "iss_deployed": true, "launch_date_reliable": false, "deployment_date": "2026-02-03", "iss_ejection_date": null, "deployment_source": "https://global.jaxa.jp/press/2026/02/20260209-1_e.html", "effective_date": "2026-02-03", "effective_date_known": true, "date_basis": "sourced ISS free-flight deployment", "date_caveat": "launch_date inherited from the ISS COSPAR designator 1998-067; true deployment was years later", "external_catalog_note": null, "imaging": "yes", "sensor_type": "optical", "best_resolution_m": 1000.0, "confidence": "high", "evidence_url": "https://global.jaxa.jp/press/2026/02/20260209-1_e.html", "classified_by": "crosswalk", "rule_note": null }, "geometry": { "type": "Point", "coordinates": [ 71.905042725169608, -7.020095224899724 ] } },
{ "type": "Feature", "properties": { "norad_cat_id": 68432, "object_id_x": "2026-067S", "object_name": "NUSAT-53 (JANE GOODALL)", "element_epoch_utc": "2026-07-25T08:19:56.860896", "element_age_days": 0.8611, "inclination_deg_x": 97.4576, "raan_deg": 164.3349, "eccentricity": 7.368e-05, "arg_perigee_deg": 190.5934, "mean_anomaly_deg": 169.5285, "mean_motion_rev_day": 15.18937046, "bstar": 0.00027112037, "rev_at_epoch": 1773.0, "element_set_no": 999.0, "classification": "U", "period_min": 94.803139063078731, "apogee_alt_km": 506.52837980550237, "perigee_alt_km": 505.51393055447483, "orbit_class": "LEO", "lat_deg": 25.833720127335109, "lon_deg": 142.66162899019085, "alt_km": 512.78383149238766, "speed_km_s": 7.6094718797363106, "footprint_central_angle_deg": 22.243177269616663, "footprint_radius_km": 2476.0991672782443, "elevation_mask_deg": 0.0, "agency_lead": null, "agencies": null, "program": null, "mission_class": null, "agency_evidence_url": null, "satcat_object_type": "PAY", "satcat_ops_status": "+", "satcat_owner": "ARGN", "satcat_launch_date": "2026-03-30", "satcat_launch_site": "AFWTR", "satcat_rcs_m2": null, "satcat_orbit_center": "EA", "satcat_orbit_type": "ORB", "object_id_y": "2026-067S", "country": "Argentina", "owner_code": "ARGN", "launch_date": "2026-03-30", "decay_date": null, "on_orbit": true, "ops_status_code": "+", "launch_site": "AFWTR", "apogee_km": 510.0, "perigee_km": 509.0, "inclination_deg_y": 97.46, "iss_deployed": false, "launch_date_reliable": true, "deployment_date": null, "iss_ejection_date": null, "deployment_source": null, "effective_date": "2026-03-30", "effective_date_known": true, "date_basis": "catalog launch date", "date_caveat": null, "external_catalog_note": null, "imaging": "yes", "sensor_type": "multispectral", "best_resolution_m": null, "confidence": "medium", "evidence_url": "https://satellogic.com/technology/", "classified_by": "name_rule", "rule_note": "Satellogic NewSat/NuSat commercial EO constellation" }, "geometry": { "type": "Point", "coordinates": [ 142.661628990190849, 25.833720127335109 ] } },
{ "type": "Feature", "properties": { "norad_cat_id": 68442, "object_id_x": "2026-067AC", "object_name": "NUSAT-54 (BRANCA MARQUES)", "element_epoch_utc": "2026-07-25T08:16:06.287808", "element_age_days": 0.8638, "inclination_deg_x": 97.4558, "raan_deg": 164.1599, "eccentricity": 0.00026976, "arg_perigee_deg": 317.345, "mean_anomaly_deg": 42.7574, "mean_motion_rev_day": 15.18078413, "bstar": 0.00025506097, "rev_at_epoch": 1772.0, "element_set_no": 999.0, "classification": "U", "period_min": 94.856760208736333, "apogee_alt_km": 510.47670028099083, "perigee_alt_km": 506.76115880092556, "orbit_class": "LEO", "lat_deg": 37.670485932333094, "lon_deg": 140.33447071952108, "alt_km": 516.7121730783964, "speed_km_s": 7.6089533266058176, "footprint_central_angle_deg": 22.322862177236505, "footprint_radius_km": 2484.9696506183941, "elevation_mask_deg": 0.0, "agency_lead": null, "agencies": null, "program": null, "mission_class": null, "agency_evidence_url": null, "satcat_object_type": "PAY", "satcat_ops_status": "+", "satcat_owner": "ARGN", "satcat_launch_date": "2026-03-30", "satcat_launch_site": "AFWTR", "satcat_rcs_m2": null, "satcat_orbit_center": "EA", "satcat_orbit_type": "ORB", "object_id_y": "2026-067AC", "country": "Argentina", "owner_code": "ARGN", "launch_date": "2026-03-30", "decay_date": null, "on_orbit": true, "ops_status_code": "+", "launch_site": "AFWTR", "apogee_km": 514.0, "perigee_km": 510.0, "inclination_deg_y": 97.46, "iss_deployed": false, "launch_date_reliable": true, "deployment_date": null, "iss_ejection_date": null, "deployment_source": null, "effective_date": "2026-03-30", "effective_date_known": true, "date_basis": "catalog launch date", "date_caveat": null, "external_catalog_note": null, "imaging": "yes", "sensor_type": "multispectral", "best_resolution_m": null, "confidence": "medium", "evidence_url": "https://satellogic.com/technology/", "classified_by": "name_rule", "rule_note": "Satellogic NewSat/NuSat commercial EO constellation" }, "geometry": { "type": "Point", "coordinates": [ 140.334470719521079, 37.670485932333094 ] } }
]
}
